label,metaGroupId,groupId,goodPeakCount,medMz,medRt,maxQuality,adductName,isotopeLabel,compound,compoundId,formula,expectedRtDiff,ppmDiff,parent,1M1_pv_pos_rerun_20260302114540,1M2_pv_pos_rerun,1M4_pv_pos_rerun,1M5_pv_pos_rerun_20260302105338,1M6_pv_pos_rerun,1M7_pv_pos_rerun_20260302123744,1M9_pv_pos_rerun_20260302132946,1M10_pv_pos_rerun,1M11_pv_pos_rerun,2M16_pv_pos,2M17_pv_pos,2M20_pv_pos,2M22_pv_pos,2M23_pv_pos_rerun,2M26_pv_pos,2M31_pv_pos,2M33_pv_pos,3M1_pv_pos,3M4_pv_pos,3M6_pv_pos,3M7_pv_pos,3M14_pv_pos,3M15_pv_pos,3M27_pv_pos_rerun,3M11_pv_pos,3M13_pv_pos,3M16_pv_pos,3M17_pv_pos,3M18_pv_pos,3M21_pv_pos,3M26_pv_pos,3M28_pv_pos,3M31_pv_pos,3M33_pv_pos,3M34_pv_pos,3M37_pv_pos,3M38_pv_pos,3M39_pv_pos,3M40_pv_pos_rerun,4M1_pv_pos,4M2_pv_pos_rerun,4M3_pv_pos,4M4_pv_pos,4M5_pv_pos,5M1_pv_pos,5M2_pv_pos,5M3_pv_pos,5M4_pv_pos,5M6_pv_pos,5M7_pv_pos,5M8_pv_pos,5M9_pv_pos,5M10_pv_pos,blank003_pos,2M16_sys_sac_pos_rerun,2M17_sys_sac_pos,2M20_sys_sac_pos,2M22_sys_sac_pos,2M23_sys_sac_pos,2M26_sys_sac_pos,2M31_sys_sac_pos,2M33_sys_sac_pos,3M1_sys_sac_pos,3M4_sys_sac_pos,3M6_sys_sac_pos,3M7_sys_sac_pos,3M11_sys_sac_pos,3M13_sys_sac_pos,3M14_sys_sac_pos_rerun,3M15_sys_sac_pos,3M17_sys_sac_pos,3M18_sys_sac_pos,4M3_sys_sac_pos,3M21_sys_sac_pos,3M26_sys_sac_pos,3M27_sys_sac_pos,3M28_sys_sac_pos,3M31_sys_sac_pos,3M33_sys_sac_pos,3M34_sys_sac_pos,3M37_sys_sac_pos,3M38_sys_sac_pos,3M39_sys_sac_pos,3M40_sys_sac_pos,4M2_sys_sac_pos,4M5_sys_sac_pos,5M2_sys_sac_pos,5M3_sys_sac_pos,5M4_sys_sac_pos_rerun,5M6_sys_sac_pos,5M7_sys_sac_pos,5M9_sys_sac_pos,5M8_sys_sac_pos
,1,2,93,124.099861,11.912,0.856761,,C13N15-label-5-1,L-Valine,L-Valine,C5H11NO2,0.072448,1.659900,0.000000,706036.50,698494.69,460350.50,694151.75,606860.94,574447.75,686929.94,709030.44,642611.44,622775.06,645879.25,613493.94,605437.06,681501.75,670989.56,618219.06,660167.44,628456.69,706208.44,605110.81,737379.81,727632.69,680307.69,588768.75,677530.50,655999.06,638218.94,625222.06,689753.19,696616.44,718706.94,683793.44,723000.06,732030.56,703317.31,679091.94,707179.31,676401.06,776646.31,699165.31,693454.50,689846.31,630032.00,676572.44,889341.00,675906.31,924321.50,621668.75,742114.50,646970.19,651859.69,674766.81,673414.50,620422.44,845800.69,621132.31,606750.06,621957.44,789539.75,672141.44,754746.81,671195.62,595531.56,617554.56,624920.31,588263.69,581468.19,596407.00,754941.25,555582.56,574174.06,616704.81,583584.06,638770.12,612499.56,735028.31,724929.50,622373.31,659024.69,617758.56,708715.00,680479.44,706898.81,640392.69,550254.56,669072.38,584323.44,668704.81,755861.94,643931.31,604462.56,744926.50,665614.19
,3,3,90,132.101822,9.947,0.834220,[M+H]+,C12 PARENT,L-Leucine,L-Leucine,C6H13NO2,0.097283,0.577539,132.101822,6995809.50,5379640.50,5206378.50,8359556.00,4192045.00,5414963.50,6783108.00,7329664.00,7841560.00,3637481.00,3049953.75,3667677.00,3205688.75,4287494.00,4562454.50,5451039.00,2046594.12,4026702.75,1961022.00,2688025.00,5442088.00,2992648.75,4384931.50,1083164.50,4519638.00,4077757.00,4938857.50,3945671.00,4552875.50,4847226.50,6310478.50,3798152.75,4874794.50,3116698.25,7122504.00,4090443.00,6700278.00,3912811.75,9374109.00,5455894.00,4687879.00,5244858.00,3395136.75,4439048.50,12431173.00,4904831.50,8296376.00,5161634.00,5782868.00,4295134.50,2966487.75,3481726.75,4231155.50,5655.81,4996888.00,2938655.75,3160200.75,2141828.00,5612816.00,4244929.00,5299884.50,5492268.00,4981861.50,3654830.00,2536601.00,5581076.50,3286316.75,4854084.50,3423367.00,2028492.38,4389493.50,3512629.25,4331068.00,7814577.50,4839992.00,4134161.25,3812785.75,2575329.75,2703649.75,3830134.00,3863970.75,6836518.50,3127764.00,3070926.25,3438714.75,3083259.25,3151038.75,5837630.00,3823785.75,4108118.75,3999427.25,3685589.00,3945616.00
,3,4,92,133.105286,9.950,0.816759,,C13-label-1,L-Leucine,L-Leucine,C6H13NO2,0.099844,0.229274,132.101822,449626.62,364223.66,354469.12,552517.19,273350.00,350467.41,461438.91,478076.59,527829.69,253568.88,203769.11,249447.08,204422.30,288145.69,307922.09,356399.00,144702.19,260918.30,123940.66,180359.17,370224.59,195024.52,291677.34,122649.94,295904.28,275989.72,333790.72,266770.09,296850.62,333978.22,432608.97,265224.62,322040.47,140991.20,480182.59,272308.53,440426.25,261875.55,613887.69,357219.50,310270.41,350885.28,222628.75,301348.69,822481.75,329116.53,556611.56,329132.53,378297.12,292039.66,195870.20,241281.80,274581.34,1549.01,349045.75,197089.00,213378.25,143237.44,352940.25,279484.22,350116.03,358326.53,325249.88,239720.30,168838.77,369860.00,216272.92,316435.28,227898.30,124548.96,299598.12,229493.88,287320.53,513340.34,300123.84,273981.00,240162.88,162159.05,173170.89,264286.84,262807.88,440170.09,210685.70,203124.30,228040.52,197202.45,207599.33,370514.66,250642.05,272641.22,250500.80,244740.70,259173.30
,3,5,0,133.100220,9.955,0.366416,,N15-label-1,L-Leucine,L-Leucine,C6H13NO2,0.105420,9.629966,132.101822,17600.51,14846.89,11683.07,23044.80,8398.82,10311.42,20122.24,19803.58,23325.61,6812.29,3662.53,7892.38,5290.10,8898.50,10543.74,11743.57,1773.40,5703.75,779.25,3125.67,14069.70,3560.37,8785.60,8450.73,8367.39,9230.86,10381.95,7783.87,11528.56,11515.60,10681.38,6723.12,10483.58,41558.23,20852.60,9039.11,16351.85,7478.79,28077.43,10137.96,11092.23,10003.43,4069.49,9346.87,38644.07,11583.63,22411.06,12118.67,16233.05,11314.44,5690.45,7709.96,9321.52,873.47,14929.16,5383.78,10861.05,3024.06,12135.22,8970.50,13859.87,13161.00,12255.44,6584.34,3492.12,14384.91,4454.78,11854.89,5895.81,4146.42,9211.58,5356.75,9315.25,23754.17,11376.95,7873.21,9334.83,3078.02,3065.77,12106.32,5711.74,18556.07,6506.39,4293.91,7597.17,4414.95,3940.56,15861.79,5708.11,9532.74,7558.91,19238.13,5671.50
,6,6,87,132.101791,10.473,0.803356,[M+H]+,C12 PARENT,L-Isoleucine,L-Isoleucine,C6H13NO2,0.062725,0.808554,132.101791,4545340.50,3153937.25,3081560.00,5345924.50,3241016.25,3585743.25,4242478.50,4851847.50,4728965.50,2490616.00,2040377.50,2334720.75,1978817.38,2736845.00,2336662.75,3571913.75,1379428.88,2833559.00,1290281.38,1690036.62,3233062.75,1906085.62,2507342.75,1483303.38,2863635.25,2149133.25,3219433.00,2108913.25,2952785.25,3154858.00,3953026.25,2477623.00,3089883.00,2563438.00,3892596.75,2356580.75,4250030.00,2619441.00,5664305.50,3412036.75,2959162.75,3357736.25,2188752.50,3104902.00,7119834.00,3161635.75,4895909.50,3490928.75,3610222.00,2810389.25,2731771.25,2363859.25,2808468.75,84.80,3189282.00,1859395.00,1626708.00,1522403.50,2814240.75,2149664.75,3015523.25,2976173.75,2528984.00,2069029.38,1558842.38,2750467.25,1794714.38,2498908.75,2140765.00,1198118.88,2488417.75,1874243.62,2341802.25,4228868.50,2352706.75,2255737.75,1804937.00,1542167.12,0.00,1719352.88,2064806.00,3809731.25,1659039.62,1435116.62,1773381.62,1944561.00,1708491.00,3314119.75,2536538.00,2422498.75,2434081.00,2181006.75,2389098.25
,6,7,92,133.105255,10.494,0.850368,,C13-label-1,L-Isoleucine,L-Isoleucine,C6H13NO2,0.083920,0.000000,132.101791,300012.91,217225.20,209608.02,358978.41,220329.08,247361.19,276801.28,319097.97,314935.22,165660.56,135062.86,151235.45,132919.91,171459.28,158748.34,239087.31,87320.12,183788.80,89045.41,109099.81,208510.14,125639.35,168525.11,115281.26,194170.48,141958.05,219635.73,137419.31,188242.61,213717.08,255850.00,159563.42,207261.52,165094.05,256004.42,160581.64,284311.78,182276.19,372575.47,230932.58,194511.38,223729.88,145809.11,209297.83,480653.28,208125.69,333000.72,229994.44,242257.38,188336.58,175870.00,158873.02,176962.05,1147.84,207826.45,119028.66,107360.70,101529.19,177860.70,143724.67,205796.86,198160.89,175704.88,135861.73,104188.12,182972.52,123007.79,166354.94,141713.39,75653.41,166031.22,121200.02,154889.56,268942.78,158583.80,149300.69,125765.78,98127.95,96549.31,112900.06,137855.50,246146.95,113838.21,96130.62,108944.10,127780.34,117905.78,203750.83,161137.98,157092.22,158088.50,150282.11,152153.30
,6,8,89,134.106262,10.493,0.837106,,C13-label-2,L-Isoleucine,L-Isoleucine,C6H13NO2,0.083033,17.522018,132.101791,16406.40,11733.00,9961.40,21828.61,11087.35,10598.00,17940.77,19420.04,16581.74,9570.78,7483.25,9405.95,7232.63,10780.79,7496.46,14235.80,5277.23,8478.00,3546.28,5272.33,12142.57,6289.11,9575.89,6475.96,10678.95,7177.45,12427.44,7986.06,11081.50,11226.32,15713.78,9570.59,9899.83,7734.81,14697.32,8313.08,17051.83,9333.50,21310.79,12245.12,9434.83,12897.82,10113.89,10293.68,22042.02,12030.29,18238.49,11529.82,16077.40,11696.95,8731.70,9160.83,10498.32,482.99,12499.56,6234.02,7423.59,5077.29,11275.35,7667.37,12296.15,12545.59,7320.54,8216.43,6257.38,8585.42,6724.57,10028.36,8423.73,4962.84,8716.81,7045.80,8458.61,16998.23,9213.84,7929.05,7661.55,5185.48,4804.85,5726.31,9086.98,14239.06,6011.84,5869.98,5808.03,7209.78,5696.19,14223.01,7797.04,8964.15,8603.56,7473.59,8847.05
,9,9,91,147.076340,14.493,0.846355,[M+H]+,C12 PARENT,L-Glutamine,L-Glutamine,C5H10N2O3,0.213015,0.518737,147.076340,5944244.00,4646982.00,5292015.50,5791905.50,5136708.50,6320380.00,7279530.50,8312775.50,6528727.50,2520064.75,2653282.75,2582064.00,2423100.50,3474269.25,2335709.75,3203560.00,2670882.25,7475334.50,4667155.50,7543050.50,10596255.00,3791472.25,10987215.00,630267.94,8348286.00,7284784.50,3388056.75,3765558.00,6547439.50,6106381.50,6359581.50,6722480.00,4851338.00,1340174.38,7994094.50,6150508.00,5781443.50,2736739.75,6903398.50,6589438.50,5090355.00,6572866.50,6417553.50,7751782.50,11876227.00,6515074.00,6029298.50,5842300.50,9118129.00,5671053.50,5077826.00,7049726.50,12861363.00,10159.34,7654846.50,9707207.00,9664900.00,10115412.00,5777742.50,11964575.00,8564381.00,13994873.00,10742077.00,10753051.00,6610698.50,11788333.00,8345582.50,11888923.00,13618465.00,10711276.00,10097581.00,7358726.00,10597635.00,14483997.00,11738820.00,4961908.00,12803127.00,2262272.25,9181697.00,11004350.00,5323784.00,13918091.00,11417723.00,8170449.50,10606644.00,6856941.50,9486761.00,10762756.00,17417064.00,11865017.00,10291767.00,6109676.00,12839429.00
,9,10,92,148.080078,14.493,0.857543,,C13-label-1,L-Glutamine,L-Glutamine,C5H10N2O3,0.213212,2.060888,147.076340,1291633.50,956338.31,1549682.12,1257436.00,1265466.38,1403451.38,1420050.12,1591554.62,1450689.62,380257.88,273236.53,331348.12,264180.75,386273.00,283800.25,413551.50,310039.41,412948.72,268832.47,427978.00,620175.56,161173.33,624154.56,41761.79,495448.91,425965.41,157978.19,225406.08,369388.16,332877.16,330579.91,386383.91,281960.25,67275.10,457217.22,355200.16,325855.91,152292.30,391402.25,369497.59,268504.53,344158.47,351572.34,454254.41,677833.06,375140.47,311540.38,321227.94,510409.12,328580.78,283097.94,396953.34,501830.38,475.29,416778.28,555258.50,541705.31,549416.00,307046.09,666058.44,484611.34,801432.19,616556.19,600988.81,364799.97,640785.69,457598.62,662327.56,755165.00,596601.06,575133.88,400584.28,587764.25,805352.31,650437.44,258465.06,722160.31,116373.81,527903.50,596538.62,272064.47,768084.50,647517.94,446736.50,603389.94,379905.62,521302.72,613177.81,913857.50,676355.25,573383.56,311388.47,714729.44
,9,11,85,148.073563,14.514,0.848400,,N15-label-1,L-Glutamine,L-Glutamine,C5H10N2O3,0.233568,0.721341,147.076340,37052.13,29258.68,36363.64,39845.39,47126.54,35153.91,34557.59,58491.61,27756.46,13575.23,50570.53,13907.63,16669.34,15290.07,15013.35,21856.55,16669.49,40299.06,31046.38,54735.97,80773.71,8957.72,74482.63,48062.21,60660.39,45995.54,21289.58,24087.30,41448.04,26819.38,35927.93,37856.09,29307.41,11896.35,54608.24,42726.80,30769.73,47911.78,41864.49,44543.03,33437.29,42715.98,40516.28,51708.34,77425.88,34889.95,36000.39,39282.51,67750.30,43168.86,52233.49,44661.92,74435.92,1471.60,56067.82,68304.59,72249.47,65359.42,37244.35,92897.81,58149.17,112754.34,76966.98,64716.92,46276.82,78220.77,57040.04,81069.70,85990.27,76323.15,79413.82,49972.64,69031.78,103185.31,78924.37,28064.91,89570.62,8450.68,59951.43,78163.52,36957.32,100104.31,76437.41,56481.53,73652.28,47689.61,67193.05,80352.41,130819.77,81187.56,74680.38,16684.09,89895.59
,12,12,92,116.070610,12.674,0.825618,[M+H]+,C12 PARENT,L-Proline,L-Proline,C5H9NO2,0.076236,0.065731,116.070610,22233510.00,14741840.00,10734619.00,24566976.00,14288203.00,12571863.00,26775994.00,21027388.00,22652944.00,12303728.00,9526429.00,7013201.50,8997209.00,13136901.00,14243757.00,18370248.00,6562166.50,18453326.00,7196732.50,8462401.00,23730970.00,6961436.50,16147347.00,8121184.50,17311178.00,14508967.00,12627472.00,12603579.00,18108894.00,12153305.00,21065292.00,12212360.00,15217084.00,12096936.00,24403030.00,12732539.00,24574608.00,13466139.00,22792208.00,20297512.00,16971958.00,20534840.00,15652609.00,20943052.00,43430644.00,25068800.00,30149558.00,12958593.00,21139312.00,16314461.00,17634438.00,11115617.00,15480395.00,18314.84,18618306.00,7041944.00,7178914.50,6161953.50,21488072.00,11936929.00,12730909.00,18937038.00,12592611.00,9797042.00,5445051.50,14674261.00,10068212.00,14181116.00,11362997.00,7457025.50,13090984.00,9189123.00,13115997.00,22581736.00,11208691.00,8742627.00,8026820.00,6221629.50,6977424.50,11193608.00,10203208.00,16400775.00,4190373.00,7198658.50,10422499.00,9390188.00,8858883.00,15687000.00,10160378.00,9058898.00,8956672.00,9634565.00,11047196.00
,12,13,92,117.074074,12.675,0.857320,,C13-label-1,L-Proline,L-Proline,C5H9NO2,0.074605,0.977510,116.070610,1217628.38,854109.81,649239.81,1378502.00,807750.00,693997.88,1477722.50,1153567.12,1240090.88,731872.06,580370.31,469523.25,544597.94,771634.19,844947.69,1059314.00,382159.84,1027083.19,392122.00,469752.78,1366858.62,371859.28,882576.31,458695.62,973240.25,813387.06,673042.69,685182.00,994339.00,690445.81,1169188.00,696056.94,822899.31,647229.12,1411122.62,728164.44,1392549.00,739993.50,1298392.12,1120180.25,937949.06,1143988.62,852180.50,1130583.62,2410063.75,1318970.12,1640307.50,660793.25,1171845.88,928119.56,985062.50,611964.81,853392.19,1717.23,1044159.06,398672.38,390033.50,332018.38,1175342.38,684367.31,720460.25,1071368.38,731123.00,558633.00,291709.34,865125.25,579594.94,783772.44,626406.31,416449.78,721472.94,499331.41,716815.31,1257844.75,620984.75,442410.25,440020.75,342531.28,400600.53,612789.25,556360.19,906307.94,219666.50,409696.47,561080.00,544566.19,487171.59,849140.50,545341.31,490596.00,460611.41,494790.84,615110.75
,12,14,92,118.076180,12.723,0.849948,,C13-label-2,L-Proline,L-Proline,C5H9NO2,0.027341,9.627419,116.070610,26929.44,17313.06,8221.56,26620.39,14197.43,14603.03,23687.17,24910.29,23398.44,83839.20,65749.50,70318.43,44967.82,50083.14,81882.85,53934.89,39638.34,15673.14,25900.47,28731.18,23966.28,19381.49,27299.19,7782.67,52807.21,23261.43,17459.36,25219.44,20723.22,37794.52,23270.59,18031.92,20086.49,9817.35,41020.77,10914.95,42485.14,14664.41,30359.53,22168.22,18825.64,20453.74,19196.01,15947.80,47285.76,31084.76,28518.39,14081.10,21981.51,16312.57,25017.67,13167.66,14216.71,983.63,20465.63,29107.82,14469.21,9966.41,30552.27,18716.00,24062.44,36385.12,54075.14,28145.75,17855.99,20958.29,42003.17,37902.50,24527.84,20370.62,24542.29,23828.90,24898.65,16223.76,20572.79,9948.83,19475.01,17763.45,27979.65,15981.00,7170.80,34077.76,5410.29,27999.88,39810.48,13696.60,29493.50,19639.70,8050.50,34924.63,16978.38,30054.93,31677.62
,15,15,92,205.097061,9.483,0.856917,[M+H]+,C12 PARENT,D-Tryptophan,D-Tryptophan,C11H12N2O2,0.083437,0.446387,205.097061,2093125.88,2455864.50,1800283.12,2498594.25,1630767.88,2277555.75,2353618.25,2182067.25,2167117.25,924257.69,630035.31,535108.69,797725.00,938877.69,511402.88,595168.06,451546.72,1444680.00,686962.19,1200248.62,1515478.62,857063.81,1236244.00,311242.84,1545356.50,1049855.50,1832574.12,921475.94,1035500.00,1598665.12,1583834.62,1188133.12,971068.69,816980.31,1474513.38,723138.94,889516.94,1292266.12,1822243.00,1486802.88,1410715.00,2116876.75,1817894.00,2022211.38,3485421.75,1152887.38,1442779.50,1469120.00,1564526.62,1086480.38,1463234.88,1282474.00,1784128.00,316.69,3662095.25,1711914.38,1577255.88,1550126.38,3591674.75,2090411.50,1525769.50,2909726.75,3214505.25,3162547.25,1739090.62,3018585.25,2354648.25,4304715.50,2756810.00,1979794.00,3791898.75,2399236.75,3242201.25,2785455.50,1895832.50,2024230.00,1578490.62,1122200.38,1309334.62,1318543.25,1664712.38,2156428.75,1070667.50,801678.44,2973198.75,1875412.62,2595073.75,3792169.00,3663803.75,1459513.88,1437025.12,618928.12,1923027.62
,15,16,52,206.101288,9.524,0.851837,,C13-label-1,D-Tryptophan,D-Tryptophan,C11H12N2O2,0.124043,3.775819,205.097061,252702.75,300169.78,142117.92,310733.38,191635.39,273527.62,283495.81,269544.59,265118.97,101434.66,347314.34,63632.76,92603.13,110503.88,60116.68,71513.45,50721.84,164596.14,81700.01,135101.89,185141.25,106963.84,146871.75,260768.83,189287.45,116541.69,220658.81,112530.66,122332.41,196223.06,377133.03,263611.25,116158.75,541299.19,169455.62,174010.23,106728.25,154494.16,214245.17,170635.48,175725.45,262094.38,211755.19,228049.06,392250.16,139491.33,176389.81,176905.95,280776.22,129208.73,311714.19,153743.11,397679.88,1301.04,463106.03,206703.81,151361.05,188522.52,409130.47,246664.39,186098.95,344465.97,386368.91,372459.25,215293.14,365204.75,278429.81,513894.66,319913.91,231586.50,449889.66,300823.62,393868.28,323462.03,213478.83,220442.89,177372.95,125239.98,157828.70,160868.19,205324.95,255700.05,120163.59,78748.01,365635.41,227796.92,309718.28,449392.38,440487.66,177397.83,146549.73,71820.81,226429.62
,15,17,37,207.103333,9.524,0.835225,,C13-label-2,D-Tryptophan,D-Tryptophan,C11H12N2O2,0.124462,2.578695,205.097061,11882.24,14973.01,17742.14,14492.55,9463.54,12796.90,12962.65,12379.56,11413.92,4370.01,31544.60,3620.52,4482.19,5197.33,2060.37,2878.70,2752.82,6610.61,3465.34,6629.28,6736.98,3889.58,5332.96,25324.40,8673.20,6562.19,10018.08,4547.32,4991.45,8877.26,21343.77,22129.09,4913.90,54277.34,7851.44,18194.89,4582.74,6747.49,10325.22,6503.15,7224.86,11412.57,8820.14,11099.52,34498.28,7266.03,6775.87,8122.70,31221.01,6413.46,22855.68,6147.50,33307.20,549.21,21705.55,9431.82,9028.04,9329.43,17647.80,11210.18,8090.12,17771.85,18493.41,17171.94,9744.13,19895.08,12854.85,21004.64,18320.23,11307.39,18099.24,13729.07,17866.21,15625.31,11018.06,10903.07,9854.93,6703.77,6121.10,7499.95,10117.49,13017.63,5103.55,4031.32,15964.78,9920.73,14743.61,21198.44,18397.08,8182.09,6880.87,1913.33,8851.26
,15,18,16,207.098892,9.524,0.753873,,C13N15-label-1-1,D-Tryptophan,D-Tryptophan,C11H12N2O2,0.123848,6.483773,205.097061,6415.00,8790.47,3811.03,8511.80,5203.71,7557.00,7056.89,6701.16,7704.82,3653.40,22541.65,1725.56,3125.77,4658.26,1869.26,2449.51,850.21,4890.09,2144.14,4213.23,6147.66,2837.59,4376.56,715.80,5119.06,3656.85,6139.76,2701.32,3923.58,7246.59,5389.83,7282.58,3043.61,11684.61,5626.94,11842.82,3645.00,4584.32,6000.63,6448.30,4974.52,7817.76,4801.04,6410.24,16332.19,3596.98,5215.82,4457.35,3982.14,3298.08,8195.44,3439.53,5456.31,617.54,9705.58,6891.41,4024.23,3986.47,12142.61,8329.36,5420.40,11706.40,11101.80,14172.36,6375.88,13872.59,6705.09,18687.31,9948.37,7482.33,15316.46,7273.26,10559.17,8055.49,7324.91,8192.45,4257.77,5997.17,6803.05,5479.32,7457.96,7890.71,3134.15,2664.94,9313.41,5773.76,10357.94,13697.38,12176.05,5338.33,5181.62,4701.45,6469.30
,15,19,4,206.093155,9.498,0.751158,,N15-label-1,D-Tryptophan,D-Tryptophan,C11H12N2O2,0.097602,5.034580,205.097061,10482.73,13374.82,10939.14,15761.09,8446.33,11904.82,13474.11,13247.39,12735.68,5251.97,2305.25,1972.96,4513.62,4376.25,2511.67,2308.04,973.33,7332.69,3304.37,8199.19,9352.44,4147.32,6938.82,1311.98,8692.92,6255.33,10660.66,5605.75,6061.59,9016.81,6917.99,5535.07,6232.39,4745.75,8933.36,4075.26,4765.20,6707.15,10874.43,7772.70,5994.71,9384.43,9950.04,12179.65,24269.28,5481.22,7501.89,7961.13,7950.61,4123.30,9214.51,6017.38,9080.10,353.28,24165.53,11957.54,5001.62,7491.91,21229.67,16273.17,8065.78,16542.28,20184.72,18193.39,12234.42,21610.90,14929.32,28547.46,17254.45,12036.49,23064.06,15607.17,18943.70,20415.02,10002.47,14521.93,12702.57,5346.07,9760.67,8871.02,11624.24,16207.50,5736.59,4563.15,20965.92,12127.75,15282.68,20015.80,25074.75,9361.62,9443.62,4721.10,12219.89
