label,metaGroupId,groupId,goodPeakCount,medMz,medRt,maxQuality,adductName,isotopeLabel,compound,compoundId,formula,expectedRtDiff,ppmDiff,parent,2M16_sys_sac_neg,2M17_sys_sac_neg,2M20_sys_sac_neg,2M22_sys_sac_neg,2M23_sys_sac_neg,2M26_sys_sac_neg,2M31_sys_sac_neg,2M33_sys_sac_neg,3M1_sys_sac_neg,3M4_sys_sac_neg_rerun,3M6_sys_sac_neg,3M7_sys_sac_neg,3M11_sys_sac_neg,3M13_sys_sac_neg_rerun,3M14_sys_sac_neg,3M15_sys_sac_neg_rerun,3M17_sys_sac_neg,3M18_sys_sac_neg,3M21_sys_sac_neg,3M26_sys_sac_neg,3M27_sys_sac_neg,3M28_sys_sac_neg,3M39_sys_sac_neg,3M31_sys_sac_neg,3M33_sys_sac_neg,3M34_sys_sac_neg,3M37_sys_sac_neg,3M38_sys_sac_neg,3M40_sys_sac_neg,4M2_sys_sac_neg,4M3_sys_sac_neg,4M5_sys_sac_neg_rerun,5M2_sys_sac_neg,5M3_sys_sac_neg,5M4_sys_sac_neg,5M6_sys_sac_neg,5M7_sys_sac_neg_rerun,5M8_sys_sac_neg,5M9_sys_sac_neg,1M1_pv_neg_rerun,1M2_pv_neg,1M4_pv_neg,1M5_pv_neg,1M6_pv_neg,1M7_pv_neg_rerun,1M9_pv_neg,1M10_pv_neg,1M11_pv_neg,2M16_pv_neg,2M17_pv_neg,2M20_pv_neg,2M22_pv_neg,2M23_pv_neg,2M26_pv_neg,2M31_pv_neg,2M33_pv_neg,3M13_pv_neg,3M14_pv_neg,3M27_pv_neg,3M38_pv_neg,3M39_pv_neg,3M1_pv_neg,3M4_pv_neg,3M6_pv_neg_rerun,3M7_pv_neg,3M11_pv_neg,3M15_pv_neg,3M16_pv_neg,3M17_pv_neg,3M18_pv_neg,3M21_pv_neg_rerun,3M26_pv_neg,3M28_pv_neg,3M31_pv_neg,3M33_pv_neg,3M34_pv_neg,3M37_pv_neg,3M40_pv_neg,4M1_pv_neg_rerun,4M2_pv_neg,4M3_pv_neg_rerun,4M4_pv_neg,4M5_pv_neg,5M1_pv_neg,5M2_pv_neg,5M3_pv_neg,5M4_pv_neg,5M6_pv_neg,5M7_pv_neg,5M8_pv_neg,5M9_pv_neg,5M10_pv_neg,STD1_neg2,STD2_neg2,STD3_neg2,STD4_neg2,STD5_neg2,STD6_neg2,blank009_neg
,1,2,92,122.085609,11.926,0.855773,,C13N15-label-5-1,L-Valine,L-Valine,C5H11NO2,0.085684,0.812399,0,540844.94,733757.5,768654.69,761260.44,640935.06,638856.31,750362.25,792531.69,705052.56,661496.94,653615.5,680932.75,708696.56,797356.5,717236.44,563525.31,711467.31,669363,806021.94,758175.69,730587.31,790186.06,820251.31,651043.19,749750.56,780501.75,750247.81,823612.81,791443.56,671486.5,719284,666906.06,691214.81,757266,675023.5,730195.5,733097.19,807771,764516.81,938969.75,846995.31,747975.81,880760.5,874702.25,870757.5,872351.19,893466.44,755924.94,785924.75,878637.69,734792.31,786162,764313.19,787509.56,839282,758251.25,573912.5,680534.44,936451.06,820866.5,783272,645285.56,674666.25,780483.94,646900.69,691632,658508.31,654861.94,685273.12,833491.31,634038.81,870789.06,893303.19,933093.69,893820.19,923859.31,947078.31,861989.06,638207,700540.31,808676.56,666683.69,586738.44,1005517.56,675103.81,758512.25,768859,912191.06,759338,910234,948109.5,804115.5,NA,NA,NA,NA,NA,NA,NA
,3,3,48,103.040039,8.624,0.827989,[M-H]-,C12 PARENT,3-Hydroxybutyric acid,3-Hydroxybutyric acid,C4H8O3,0.623618,0.296172,103.040039,299988.25,997965.94,700916.5,1797226.88,268942.53,356350.41,332918.03,387249.09,387189.75,581710.06,1329053.38,238147.5,660113.81,492860.72,1056197.62,1090032.12,619703.19,556256.06,257373.08,167910.58,386672.97,297063.75,915319.69,785197.19,536167.5,502985.25,1253408.12,564953.06,1229342.5,175648.06,237136.83,306327.53,542696.19,221486.83,546997.5,391566.16,509205.09,326424.72,549346.56,805585.81,934664.5,1183832.62,1581989.62,2612630.75,1423363.5,678899.94,615874.69,589242.5,827959.81,1290210.38,904898.81,1367399.12,860216.5,1082358.88,1074629,617973.69,1023259.31,2727114.25,1299724.25,1585576,1378633,492928.34,495172.72,1131184.62,880034.25,1553927.5,1266979.5,1304985.5,787196.81,2067323.62,756903,818114.19,609353.81,1640313.62,996639.25,2045137.62,1556543.12,1862175,1553320.38,847123.31,672275.94,761612,761349.81,1541295.62,940867,621331.56,1709618.88,1194856.12,1182331.62,836847.5,746835.19,607284.19,49631.02,269653.12,1002393.31,3769513.25,14497500,55889284,9262.57
,4,4,92,88.040436,14.041,0.85465,[M-H]-,C12 PARENT,L-Alanine,L-Alanine,C3H7NO2,0.110823,0.346631,88.040436,2635631.75,1542642.88,1228574.88,1440929.5,3360006.25,1110547.62,1231179.88,2105291.25,1748116.62,1780688.38,1017003.81,594636.69,1272430,1770927.62,1360468.88,1553508,1275610.38,1226149.62,1936971.62,1451328,1553392,999484.81,1245316.62,850058.5,1135338.62,1521611,870670.06,1903870.5,814104.44,1979369.5,2121362,1257265.5,1105259.12,1110226.12,1850525.62,1566814.5,1438757.62,1901822.5,1748201.12,3244858,2608287.25,3087019.25,3659386.25,3281768.25,4061486.75,4382232,4459411.5,3281819.25,2248496.75,1628654.88,2118403.25,2161745,2652821.25,2934313.75,2162712.75,1867623.88,3384770,1915384.62,2112841.75,4953730,4145587,2756436.75,1896921.62,2915723.25,4010916,3898958,2683766.25,3323261.25,2384792.25,3630828,3573374.25,3300981.25,3941468.75,2946976,4185283.75,5138912.5,3478972.25,5104976,4526731,3831969,4870065,3781364,5161702,6227977.5,4232905.5,4506191.5,3458316,3846244,3558018.75,3714871.75,3372817.75,4059130.25,18451.04,58711.02,301978.72,1735916,7138862.5,42347132,8536.03
,4,5,93,89.043823,14.049,0.85335,,C13-label-1,L-Alanine,L-Alanine,C3H7NO2,0.118639,0.771133,88.040436,87008.78,36932.56,40076.14,47589.21,110327.29,31068.61,35704.71,77487.34,49483.36,54570.51,33983.77,18775.21,31830.96,56943.61,45214.61,50123.64,35254.66,40751.72,63267.66,45472.29,57949.99,27527.65,38604.02,25741.25,35706.74,44984.32,22229.34,67317.46,24196.66,57734.38,59306.97,44985.77,37295.71,60145.06,57963.82,53140.44,50079.59,60929.57,50001.94,103219.65,89153.68,105335.7,122401.8,102413.43,140955.92,147378.2,152416.11,110519.28,189801.55,117044.06,176673.92,171013,175043.48,207454.77,127274.19,127370.38,116358.82,62397.96,80470.93,178104.88,149185.36,95494.55,64409.39,97434.84,142837.77,130181.01,90030.88,118839.16,88830.7,117025.13,126941.66,109625.07,138572.95,104218.37,138605.77,170749.27,127573.85,172217.55,145156.98,129234.52,157393.3,122090.73,180850.73,211665.44,137468.98,157562.06,114367.1,129829.99,122992.46,123709,110670.99,135548.95,386.6,972.16,9296.39,60434.42,239210.17,1415138.12,728.74
,6,6,93,173.104416,18.337,0.85393,[M-H]-,C12 PARENT,L-Arginine,L-Arginine,C6H14N4O2,0.343237,0.088148,173.104416,112578.46,155075.64,329555.03,295812.28,180689.61,377199.75,443537.59,296267.97,180372,393294.25,145847.45,228146.95,161449.05,313522.5,288559.78,305811.34,361427.59,375280.28,238690.8,176101.7,238248.67,163741.83,178116.81,210291.31,293028.62,205562,170228.28,520524.16,271931.84,363300.72,348730.72,362515.47,397121.62,617695.5,321863.16,236599.67,230627.25,401736.47,225980.33,42372.71,49615.3,51814.36,375968.84,89833.3,249906.8,218076.8,191476.67,404475.16,122969.87,23475.37,30513.88,124512.72,246641.33,141766.08,215497.45,92318.22,90233.41,108839.12,200377.67,408076.91,223643.88,253720.05,5892.48,9663.92,128047.78,138439.23,154743.64,112235.03,217834.61,165257.95,221425.12,85238.99,170450.92,197749.08,95748.6,136865.23,204556.5,420677.97,291437.47,590343.19,240609.73,396682.78,333846.97,2572.1,63537.62,3056.27,3632.5,2883.76,80765.62,30725.79,215357.61,7413.02,0,7596.13,47232.39,381439.53,1866813,11465328,0
,7,7,49,131.045731,14.548,0.841953,[M-H]-,C12 PARENT,L-Asparagine,L-Asparagine,C4H8N2O3,0.18818,3.726023,131.045731,124933.25,59067.47,116410.38,29122.67,133884.55,50177.19,62929.43,155983.05,185744.12,85158.59,50084.38,68368.02,109931.35,105095.77,86991.34,88114.94,126150.84,92542.12,161299.8,99652.07,160503.36,91415.62,153151.3,54700.83,75903.97,114316.73,134478.02,165849.75,135441.59,121959,192575.83,100232.77,62208.17,89503.35,221622,99224.54,118320.19,112433.38,133191.14,285947.16,185807.23,272877.75,294126.53,236906.08,239948,410162.78,431911.62,354818.53,109204.27,95637.3,74637.06,98063.85,130226.47,87869.62,127522.04,71765.8,145143.77,72417.02,96261.57,246283.48,241280.14,233389.7,113759.34,68606.34,159678.67,283396.91,157485.5,261414.92,75741.03,126792.66,177003.92,137039.06,133161.83,121244.94,176824.52,219782.2,185931.19,337271.38,232814.23,284302.91,206635.92,212422.38,365568.28,516588.47,280136.28,165557.88,132643.58,256869.55,126046.8,231386.2,171827.38,208026.64,7049.06,59288.22,79639.22,580644.75,4519721.5,28534858,35860.58
,8,8,32,239.016739,15.195,0.850999,[M-H]-,C12 PARENT,L-Cystine,L-Cystine,C6H12N2O4S2,0.284737,0.702239,239.016739,421.11,0,0,0,744.15,0,0,0,1699.72,2413.46,0,2992.18,3922.69,2206.94,320.48,1004.56,1567.11,2905.49,7385.54,1972.86,2197.46,1150.3,0,3496.14,1183.23,12511.72,2260.69,7356.73,3762.06,1286.95,2855.87,0,196.89,0,0,534.31,114.71,241.42,2501.68,0,324.76,287.88,0,325.97,830.18,0,1188.22,450.79,0,4196.16,1849.21,799.53,1799.17,2093.98,0,0,576.34,1239.24,5917.29,8704.47,7835.28,1477.91,0,0,1823.77,2852.77,0,1025.37,7020.82,0,1688.88,7463,7324.64,7531.64,3896.83,10107.03,6640.66,11101.97,0,0,0,1530.91,302.89,2680.41,4329.38,3567.39,7027.79,3686.83,1878.74,2534.71,1460.43,3453.41,2298.24,10181.41,45510.99,230639.5,11854667,46269956,0
,9,9,96,179.056213,12.776,0.816169,[M-H]-,C12 PARENT,alpha-D-Glucose,alpha-D-Glucose,C6H12O6,0.086131,0.596525,179.056213,7322856,7186532,6400054,6307824.5,8808237,7706182.5,4765352.5,6713630,9024723,6665551.5,6937310,7885392,6980378.5,8758860,7510308.5,4810498,7520318.5,9028928,7750846,7551197.5,8270341.5,7225722.5,8228236.5,6131340,6429252.5,9232573,6638027.5,6472300,5899893.5,7739870.5,9717565,5282904,6694454.5,8784800,7421106.5,8423840,9576429,9880496,9414789,11152284,8823185,6322458.5,9534669,8758127,6524607.5,8132540.5,8507739,9158329,7086257.5,9566251,7088994,4958486.5,7278862.5,9082471,8359736.5,3620984,12076632,6430363.5,9304491,11440845,9637776,8566001,5462084.5,10742165,9303533,5835647.5,10022199,7125870.5,6509039.5,9505884,7638220.5,10789181,13752176,9253007,8641292,12499808,9891960,7495354,12938088,10028423,11345516,12990037,10069793,13966111,12576127,10786557,9115838,14543503,14565545,16439516,12508873,11356575,79273.21,189096.08,1115112.75,5874937.5,35242460,122769592,10077.48
,9,10,97,180.059677,12.791,0.824623,,C13-label-1,alpha-D-Glucose,alpha-D-Glucose,C6H12O6,0.101064,1.186403,179.056213,504260.72,490039.84,451530.66,418389.62,590226.25,517126.75,316920,455062.47,542212.44,431707.78,451090.28,527011.69,469806.41,602885.25,518970.72,319048.72,513824,609156.56,528082.81,530736.31,566321.94,524941,533762.69,384788.16,420935.47,604062.81,439467.62,448514.62,387876.97,478164.28,596212,326411.84,468180.34,595699.44,318229.22,581132.31,646216.44,674216.44,657414.94,1537828.5,892408.75,1554049.12,1603124,2177253,1253458,790963.69,1031230.81,724009.5,777312.19,1158427.62,812319,676985.56,736359.5,1002889.31,730843.44,402986.75,789679.19,461177.16,672894.5,791876.75,654720.56,588827.12,377837.59,762350.19,615581,390625.91,693632.06,493005.75,480246.03,656925.31,552424.69,784114.69,1005507.19,658770.38,611177.25,853276.81,701634.06,462222.97,923495.69,712489.81,795296.5,859170.75,726816.56,953782.25,856912.31,725839.06,628907,1002681.44,992175.31,1130591.62,890968.81,824383.75,3782.93,11708.96,52469.36,411834.5,2458624.25,8313470.5,443.8
,9,11,80,181.061005,12.798,0.808247,,C13-label-2,alpha-D-Glucose,alpha-D-Glucose,C6H12O6,0.107657,10.028541,179.056213,90359.48,83213.4,73418.78,76668.31,107063.7,88159.62,47185.78,77014.65,82465.95,62568.54,89520.04,93532.07,68471.88,98758.4,82063.16,44666.1,82939.62,94100.74,90883.94,88447.65,86719.51,78694,87722.99,66210.32,62267.91,108009.44,72491.53,76560.3,65578.09,77744.54,90971.54,50180.34,87852.23,88278.38,99355.81,97532.91,104855.12,108785.54,99972.06,144496.92,101164.41,91343.88,121837.52,139188.52,82569.57,96986.31,102353.48,122833.53,288451.03,594354.56,346172.03,350068.38,214466.89,312072.78,129507.59,87359.56,136885.73,81642.87,109643.07,135465.83,121075.34,101438.13,68411.88,138606.31,110801.26,67228.03,123714.91,89793.12,80358.98,106222.56,98623.85,121832.54,161359.73,108565.21,109302.26,152595.94,124759.19,90835.8,159291.45,122343.16,134045.55,162013.27,136335.08,171681.98,163379.02,138947.53,98630.59,170028.56,188535,189120.02,146263.2,156896.31,12213.23,8973.92,13962.83,78524.51,402366.59,1600269.12,1318.39
,9,12,72,182.064529,12.785,0.850237,,C13-label-3,alpha-D-Glucose,alpha-D-Glucose,C6H12O6,0.095493,9.051374,179.056213,3243.63,4670.67,6164.46,6393.83,6986.16,5550.62,2308.45,3849.4,4884.5,5176.54,6851.38,2495.98,6196.12,5110.46,5680.78,3142.67,3764.86,8912.87,4404.57,6548.3,4463.8,4391.56,5075.82,1786.81,1966.59,7191.19,2928.48,4747.7,5284.48,7490.74,4493.7,2720.17,5791.13,6496.11,9931.15,6225.52,5299.62,4520,5986.99,13627.07,11254.1,21913.35,22697.88,29284.15,16564.4,9984.58,13635.85,11424.07,405335.22,849145.06,368569.41,459042,286689.66,417771.88,98434.9,111189.82,9870.57,4769.7,6839.71,8077.32,8081.82,4838.5,4471.92,6583.19,5838.48,2246.27,6581.46,6364.88,5222.05,7489.73,5624.22,11246.82,9793.07,2967.66,9006.95,7860.81,6238.26,6717.53,7903.95,6771.87,10005.65,8230.98,9426.81,11037.34,9912.8,6099.29,7440.65,16100.92,13645.34,14031.45,8146.81,9020.61,1202.52,558.58,970.36,5843.43,27675.45,94005.9,188.59
,13,13,83,146.046051,14.534,0.838273,[M-H]-,C12 PARENT,L-Glutamic acid,L-Glutamic acid,C5H9NO4,0.29387,1.149274,146.046051,638136.31,287350.94,196552.58,173095.2,862406.69,95212.99,285356.72,438876.66,247681.38,360305.75,183571.02,78396,108551.8,211796.81,221447.8,181279.42,130106.03,111298.62,241132.08,156923.77,281983.25,165053.61,137818.19,183862.67,311446.66,376320.5,159764.81,176950.31,102413.04,168922,175254.86,162155.7,87419.16,171179.19,255474.33,191566.8,147834.36,196064.86,205833.73,513415.91,531546.5,750173.94,774075.44,695683.06,994936.81,695871,1245786.75,533412.81,304646.12,233234.5,204682.94,212290.88,374371.41,180369.89,338466.44,451582.09,573234.75,339943.22,255177.62,437528.38,833033.69,730901.56,457741.03,650730.38,802974.44,556320.06,398912.84,700432.75,200084.02,239804.31,442765.88,494520.53,248778.77,294582.78,589992.5,671104.94,383804.91,391756.09,744345.69,501599.91,567864.06,599736.44,671493.94,1802094.12,1054225.62,1303003.38,1079783.62,1076535.38,447207.84,786490.69,311012.72,1068844.62,12225.42,43940.41,218992.05,1763031,18837592,167136464,23671.49
,13,14,86,147.049774,14.497,0.853495,,C13-label-1,L-Glutamic acid,L-Glutamic acid,C5H9NO4,0.256899,3.631829,146.046051,27790.25,14412.43,7289.33,9809.4,48545.94,5219.1,9883.04,20160.49,9967.81,14366.33,8494.4,2390.71,3241.03,12063.57,9954.4,8838.83,5992.79,6989.72,8291.17,4308.05,7411.63,10139.56,3737.07,6475.21,11930.3,19967.16,7518.93,8565.69,3623.24,4090.23,6788.13,2956.2,2970.58,6816.53,6086.7,7276.61,6267.94,12109.11,13601.54,117539.09,110843.43,218555.8,188980.2,180514.95,222659.38,32496.97,269850.69,123531.03,45570.3,22611.27,25357.62,21216.98,42551.78,13331.5,38615.32,48594.52,30709.16,20378.37,12875.45,22266.84,47798.21,36666.73,15840.1,35310.49,34067.57,25422.41,20448.79,39648.7,10803.92,13726.4,27444.35,22675.62,14606.29,13428.65,31405.78,36788.66,19994.44,20059.69,38011.29,20992.94,31195.29,27114.46,33076.36,97924.8,60060.71,67624.62,51737.14,52242.95,24860.82,34755.06,13776.42,54890.84,1160.84,3562.35,9840.54,91724.62,1080712.75,9732593,3874.57
,15,15,98,145.061691,14.487,0.840941,[M-H]-,C12 PARENT,L-Glutamine,L-Glutamine,C5H10N2O3,0.207401,1.15707,145.061691,2781762,2407969,3112051.25,1689149,3441575.75,1343028.12,980228.44,3124663.25,3320301,2936897,1829528.88,1914297.62,1945927.12,2772751,4512411,2498322.25,2886250.75,1780324.5,3377126.75,2190815.75,2554005.25,2974726.75,2439248.75,1700949.12,2536354.75,6904649.5,2590937,3191118.25,810885.06,3077176,3779261.25,2569209.25,1834870.88,2804356.75,4413255.5,6383266.5,3443811.25,2765484.25,3084720,3824857.25,2937475.75,3696320,3605407.75,4497714,3476477.25,4754880.5,5133516.5,4505739.5,1509394.5,1799534,1737688.62,1534426.62,2132337.25,1464922.12,1748503,1350458,3746702.75,3333994,3190732,3912437.25,2912368.75,3780672.75,2667072.25,4539328,5656596,4266812.5,5292979.5,2560462.75,1923231.62,3641219.25,3544730,2081053.62,4233820.5,3132983.25,3848314.25,4885498.5,3714641.25,3325576.75,4268602.5,3335092,3633795.75,3194545.25,3813868.75,6150022.5,3792960.75,3679712.25,2757039.75,4890171.5,2978713.75,4807328.5,3906684,4755457.5,37027.4,156133.02,955179.31,7531210.5,32107368,184341200,9104.72
,15,16,98,146.065414,14.489,0.857171,,C13-label-1,L-Glutamine,L-Glutamine,C5H10N2O3,0.208516,1.358053,145.061691,153073.94,130657.54,171737.39,93995.88,187888.56,74385.84,50241.04,165447.92,157984.83,155275.89,89796.12,104241,107141.91,142542.83,248955.92,124551.59,146919.09,85217.12,172274.42,106859.9,126434.73,161937.52,103745.75,71573.66,127031.57,405959.12,109707.84,171383.27,38850.78,153305.31,211804.8,135627.08,100452.01,150648.47,215370.7,347733.25,184339.69,156304.45,149610.23,847873.81,597960.44,1000611.06,790179.81,1144196.12,749399,249561.52,952513.31,974858.25,222347.27,182302,212916.55,155808.56,217750.52,184790.88,228792,144211.14,222708.12,191827.48,181194.56,220714.08,167439.98,217516.86,141537.55,252894.08,302832.41,244356.56,304759.22,144335.75,115971.66,199203.3,220952.36,124900.91,229450.81,174891.02,223066.31,270736.78,202671.94,197200.89,248329.2,192642.38,195683.89,178169.95,212407.81,339070.78,213738.64,200807.38,154929.5,269173.12,166474.58,249787.17,219934.81,258959.17,1219.45,7062.32,43903.77,417326.16,1822205.88,9690661,1054.6
,15,17,65,146.05928,14.529,0.839308,,N15-label-1,L-Glutamine,L-Glutamine,C5H10N2O3,0.249028,2.611753,145.061691,19444.34,14476.83,17084.14,10141.02,20893.76,7573.41,6566.47,17401.54,13934.04,19347.42,11639.4,7918.67,7167.34,13017.83,32294.24,12252.57,10668.33,8856.64,14944.14,12218.31,9461.16,19343.32,11110.91,6396.28,11887.71,47253.68,12959.87,12369.57,11382.49,19252.15,20804.33,13440.76,12652.54,14936.46,18876.01,36900.49,15345.12,16875.99,5508.4,17788.62,18052.24,26170.55,24890.05,27378.62,21621.98,27058.81,29088.38,29862.78,4909.77,12582.78,8976.05,9389.95,12699.13,8664.9,6753.58,4065.19,28378.94,18653.82,12811.61,20885.58,18097.21,24951.56,14297.64,28460.14,35179.36,25247.4,35277.81,16613.47,11385.95,23657.52,23842.55,14870.27,25742.69,21762.64,25419.31,30823.78,20178.01,19630.71,28226.72,19858.2,20517.54,18179.99,21210.84,40033.3,28875.53,22728.85,16365.91,33065.01,22046.1,31225.06,24079.68,27041.26,943.64,5513.65,6820.36,49737.61,219316.7,1257333.12,1872.1
,18,18,41,74.024841,14.387,0.785904,[M-H]-,C12 PARENT,Glycine,Glycine,C2H5NO2,0.287002,1.236785,74.024841,214543.92,94971.34,250326.05,20050.46,256083.64,112503.81,131341.7,304388.03,366399.25,176094.95,106822.65,105612.51,183672.62,169759.55,83796.51,254780.92,292943.47,291506.09,369102.59,250668.64,425888.66,102528.34,460586.5,172356.56,233317.62,244356.8,366919.12,381333.41,209558.64,311290.84,412187.09,190769,119418.6,176703.7,370618.28,281930.09,360044.91,206969.31,408770.59,141429.95,175331.06,176828.62,232660.73,330521.59,147525.75,297669.72,280562.41,281399.28,115680.21,133070.47,117608.25,92508.06,170867.48,121539.16,169212.7,135492.75,140616.89,81746.34,194777.38,219078.75,228254.83,151219.64,125903.29,162456.55,191199.7,185744.77,91211.07,147755.36,55134.48,157055.55,218891.2,213935.61,200488.98,163335.75,128354.29,191617.44,198057.55,264006.38,482998.16,264599.91,349258.22,281792.62,226922.8,440802.09,275713.62,237866.14,213260.62,352155.41,245542.55,341783.78,255926.7,377021.84,8087.12,33149.99,58049.54,367570.75,1460247.88,10568283,29535.99
,19,19,19,154.062378,14.662,0.806343,[M-H]-,C12 PARENT,L-Histidine,L-Histidine,C6H9N3O2,2.797616,1.188516,154.062378,199893.88,143112.39,393383.34,40744.05,156511.55,156546.45,227777.36,370088.47,475210.91,206085,170039.41,176448.36,323970.41,317027.47,119554.31,316277.41,412804.84,245269.23,363862.59,327969.75,534243.12,335701.75,541186.44,268104.66,281592.47,471291.59,362909.97,398651.84,430314.59,468673,530670.5,285063.78,115657.66,196656.36,580232.56,253499.3,413804.53,418168.28,480235.75,273666.22,13914.18,199286.2,15407.45,344384.03,128689.35,154165.14,12828.09,24093.72,114954.6,4410.11,32733.68,55750.06,50192.33,78464.83,171511.16,133856.61,342929.06,199698.08,129066.38,124836.5,9606.55,277637.28,173424.31,126304.15,394944.91,274367.28,4896.66,286010.91,134309.91,80270.51,32055.67,60649.97,86200.29,108801.02,7920.57,49428.34,106950.84,126128.54,129079.35,374884.62,73984.41,112592.31,398189.91,94147.15,4457.12,50738.19,101477.35,88452.59,6139.84,88967.29,99978.9,475228.97,23800.48,147875.44,229239.33,308661.91,6797636,57158476,105613.48
,20,20,98,130.087296,9.946,0.83202,[M-H]-,C12 PARENT,L-Leucine,L-Leucine,C6H13NO2,0.095731,0.469186,130.087296,6516544,3795598.25,4774990.5,2990224.75,6390992,5454998.5,6367818,7865402.5,7103538,4779745.5,3556437,7780474.5,5050040,7100390,5151714.5,2571502,6434940,4575570.5,12563384,6724708,6265641.5,5602602,4592709.5,3941212.25,3916800.75,6007979.5,5356057,9939880,4490334.5,4231507.5,6122078.5,3580964,4305809,6911467.5,5396689.5,5880129.5,5973458.5,5758474,4663086,8315450.5,7974484,6420586.5,11895408,6566566,6578385.5,8196260.5,9946195,10067302,4399886.5,3366032.75,4170674.25,3627378.75,4295470.5,5390570,7259337.5,2458506.25,5745766,2758092.25,4798118.5,8252646.5,5452352,5111819.5,2816883.25,3591419.25,7404873.5,6018509.5,5814478.5,6782873.5,4453491.5,6291760,5776749.5,8013688.5,5213767,5967597.5,4985895,9229240,5631144,10726804,6355324.5,6118318,6536764.5,4525310.5,4800840,12480152,5490307.5,9194903,6564734.5,7806013.5,5295940,5519346,4948873,5009169,58736.43,254827.7,1386276.88,7624290.5,38902428,NA,6809.05
,20,21,98,131.09079,9.946,0.854071,,C13-label-1,L-Leucine,L-Leucine,C6H13NO2,0.095829,0.698392,130.087296,421714.59,249620.8,298255.62,197744.17,415991.88,347860.16,418699.72,520824.09,422529.25,310887,224016.25,501458.75,328943.09,455866.84,333908.16,152651.33,422006.88,304316.62,811460.94,426877.28,401060.34,359505.53,295090.25,254325.31,255693.2,405979.97,349003.44,675084.38,281944.5,308670.66,400040.75,227563.58,279807.22,467466.34,361314.34,387972.97,383445.78,373583.53,294417,544534.44,500111.78,423833,768140.31,427849.78,431741.88,518585.41,652689.5,686143.38,286848.34,219973.67,276467.12,244105.45,283978,346675.72,461376.5,158212.48,387394.91,178153.88,311494.94,550829.25,353481.5,338245.22,181120.08,242390,500155.72,389108.84,393420.09,454194.97,296428.47,422034.16,374535.38,522931.66,341586.88,399328.09,319166.78,609728.75,386535.88,705080,400040.28,402177.97,426860.84,296548.59,308779.62,827081.69,365222.12,604007.5,427245.41,519559.38,348922.78,361312.91,316394.25,329019.12,3286.76,14759.79,91263.41,500974.47,2568089.25,NA,392.61
,22,22,92,130.087296,10.476,0.783748,[M-H]-,C12 PARENT,L-Isoleucine,L-Isoleucine,C6H13NO2,0.065932,0.469186,130.087296,3537852.75,2578157,2733448.75,2273573.25,3329153.25,2940209,3862544.25,4613690,3651950.75,3100635.75,2171589.75,3911878.75,2750388.75,4618254.5,2976103,1740585.5,3870076,2837368.25,7358079.5,3601311.25,3708766.25,2872917,2447767.25,2173158,2235112.25,2846022.75,3094416.75,6063106,2154109.75,2779384.25,3511224,2371633,2532409.25,5201769.5,3182851.25,3850673.25,3951943.25,3829867.75,3063833.25,7385662,5389641.5,4374934,7689138.5,4953211.5,5150161.5,5913290.5,7244460.5,6972636,3626297.75,3171757.25,3281051,2802957.25,3165628,3322023.75,5475478.5,1769937.5,3250259,1883517.62,3500092,6346202.5,4207585.5,3643014.75,1909070.62,2717551,4744380.5,4021348,3698608,4460816,2604097,4588302,3894510.75,5570383.5,4067680.75,4402776,3289540.75,6194090.5,3840805,7102624.5,4381556.5,4047463.25,4706605,3320011,3645147.25,10865336,4378199.5,6549514,5159372,6093319.5,4316368.5,4785115.5,3983006.25,3882516.25,15870.06,0,0,0,0,NA,2510.41
,22,23,93,131.090805,10.469,0.792954,,C13-label-1,L-Isoleucine,L-Isoleucine,C6H13NO2,0.059401,0.814791,130.087296,222664.56,169376.56,185114.05,146434.77,214467.23,196007.36,248201.86,304734.09,236519.7,197385.55,140788.61,263373.34,177313.92,308448.16,193255.92,108981.79,245716.69,188452.2,484865.12,242282.02,242518.17,183549.19,160882.42,142121.03,144239.8,186310.56,203180.14,399305.72,138205.95,182669.38,234725.19,149700.83,158362.06,335487.16,212612.89,259428.5,258030.27,256895.17,194483.3,490643.16,344654.19,288885.34,498963.34,328647.78,333357.62,383366.25,482410.78,461911.25,237737.94,212882.33,214880.08,185771.95,209828.56,220963.92,361307.5,112499.09,213813.92,119982.25,224542.3,421685.66,278454.72,244718.7,117502.48,182203.52,321822.12,260608.56,242820.75,295929.78,176729.7,299930.16,253220.81,369977.5,268216.25,280215.66,217699.81,394783.03,246026.12,473222.78,273093.66,268529.59,316076.16,216622.73,246247.33,725340.75,288267,429868,343870.38,395797.66,286279.78,313214.72,261263.25,254792.98,1325.13,2700.08,18384.73,107119.66,406296.97,NA,185.87
,24,24,97,89.024391,8.005,0.804973,[M-H]-,C12 PARENT,L-Lactic acid,L-Lactic acid,C3H6O3,0.805358,0.3428,89.024391,134003016,61706444,59940740,54391072,121507992,80615384,90051520,70163344,67631256,97660168,35959808,65364800,96604320,27955318,101557352,60160116,36323612,72278056,96475608,58225216,52591436,64568624,41518032,38684680,68673664,46688000,44096748,76786712,61710768,109172264,120227544,89473880,74934584,66138080,108375048,127313056,39570704,87927768,72122824,103538024,137000752,80017944,102874808,70654232,120129224,104563080,117142008,65695408,57875140,46149728,49159404,43916928,69017952,51660348,55820956,7521994.5,91911488,33919172,65663444,124477592,81844672,59388700,50303364,124006592,132917272,120256352,109353016,121366432,71690808,100427256,37546576,84249992,110026048,98703552,154640416,80813856,104660136,177223024,132593096,140973760,95519256,93513856,20726186,159163312,115257864,84618232,122641368,186262160,27812360,143464464,192585280,170340752,348767.84,1777331.62,8743280,40772672,181188944,627338560,60825.14
,24,25,99,90.027725,8.01,0.846183,,C13-label-1,L-Lactic acid,L-Lactic acid,C3H6O3,0.810062,0.508469,89.024391,4678391.5,2106420.75,2028265,1856406.62,4110427.75,2790430.75,3126540.75,2358747,2354539.25,3298024.75,1179205.38,2194025.25,3271309.25,1508462.5,3533480.25,2034866.38,1305492.25,2456618.25,3294602.75,1984562.38,1762518.12,2169125.25,1408629.38,1312869.12,2355732.75,1560224,1507633.62,2645722.75,2088722.12,3759413,4224669.5,3125528.75,2507496,2043102.62,3660658.25,4401804.5,1319627.12,2989138.25,2437008.75,3498973.25,4734859,2778460,3489507.25,2373146.75,4077981.25,3569829.25,3939246.25,2260660,5103908,3550525,4241315,3535317.25,4595548.5,3808027.25,3557207.75,1287629.12,3232398,1166637,2400546,4370494.5,2933428.75,2027472.5,1725503.12,4498956.5,4741507.5,4111396.75,3936992.75,4114812,2591657,3634705,1349647.88,3005562.75,4039503.75,3532690,5608004.5,2800812.25,3801573,6300756,4707601,4815222,3221236,3131406,1954716.5,5661981.5,3978456.75,2893609,4200413.5,6372704.5,1665613,4968827.5,6678210.5,5888286,10733.75,55578.09,296682.34,1387603.5,6336696,21698286,2381.52
,26,26,96,145.098389,18.41,0.857616,[M-H]-,C12 PARENT,L-Lysine,L-Lysine,C6H14N2O2,0.119596,0.946456,145.098389,715850.69,602579.38,707485.56,540799.5,828003.75,787388.44,535766.81,1059354,597369.19,889265,128718.15,1405564.12,357976.75,579007.44,733813.19,462821.16,565875.88,511965.28,806571,372254.34,488853.66,284449.88,461176.53,321192.91,134836.52,208835.11,244011.89,659165.06,533859.69,525021.69,593127.31,531846.25,611631.44,1365539.62,463890.5,713852.44,539792.94,900664.44,488088.84,711315.94,596053.31,1048066,1158976,656454.31,646651.69,1300768.5,1342859.38,736337.44,684110,271066.69,451588.66,445214.66,636783.31,465314.12,437163.22,256147.95,295835.16,301550.78,320353.25,1037239.69,794763.06,585028.56,377000.09,293620.12,1152696.38,944638,685890.94,687216.25,171902.8,826472.94,449430.5,713534,366584.41,617802.5,430428,781998.56,591236.81,774350.81,904363.19,803659.06,682803.81,314792.59,648576.06,864078.19,444846.91,953548.69,449389,553142.56,304481.91,422144.78,696027.06,650762.56,6835.06,4307.84,21134.11,262885.88,2148068.75,11018744,0
,26,27,93,146.094467,18.486,0.852072,,N15-label-1,L-Lysine,L-Lysine,C6H14N2O2,0.196325,5.639981,145.098389,2382.9,5645.51,1617.82,2059.47,6361.93,2966.88,3237.12,6719.68,3200.12,5368.12,1263.13,6485.79,587.23,4835.19,1516.86,1685.52,3516.28,3504.17,2325.05,1585.45,2165.38,1044.17,1265.89,1464.61,336.89,735.44,1680.36,4651.12,2407.6,2846.47,1934.98,2901.36,3958.16,7801.09,1596.13,4497.48,2848.16,7099.62,1766.56,4806.2,2644.29,6961.44,6964.42,5023.23,2592.79,8091.68,7542.71,4061.77,4228.9,894.83,1285.29,1423.16,1904.39,1554.05,2687.3,1177.48,1470.84,1193.37,1010.86,6420.46,2510.66,5767.33,2992.51,800.98,6222.64,2556.25,3279.16,1522.4,1393.4,1912.12,1579.44,4097.29,1570.35,1757.43,2637.05,5420.27,2495.98,3599.53,7325.1,5414.34,3266.29,2695.05,3978.08,6211.27,2903.19,4288.77,1652.68,5281.13,3518.21,1875.54,4429.92,5342.28,1007.92,484.7,217.92,1477.19,10025.72,66290.94,173.85
,28,28,98,148.0439,10.732,0.857251,[M-H]-,C12 PARENT,L-Methionine,L-Methionine,C5H11NO2S,0.067848,0.824556,148.0439,1085140.38,699772.31,731872.19,710072.81,1333837.38,917990.81,819519.81,1593909.62,803170.44,772819.31,454096.28,1153454.5,948776.25,1318381,956400.19,481790.59,916406.56,885219.94,2223203.5,901360.69,938758.69,697627.69,665387.81,555034.5,596355.94,868923,890138.06,1363105.12,665837.06,1160759.5,1308619.25,758380.69,1004726.81,1717355.38,1301725,1316559.5,1058923.75,1228192.12,908945.56,1108387.88,936591.56,800546.19,1097361.88,894981.25,851545.06,1277923.38,1250429.5,1401096.5,833233.56,740295.06,525495.69,638958.81,817195.44,665852.31,743833.81,536694.44,840774.19,501723.47,703974.19,1346078.5,796755.75,886545.81,554941.06,547931.31,1176231.88,1465795,1037048.94,970880,521213,1260401.62,665887.69,1158593,1010754.56,1201213.62,861133.81,2102406.25,951546.94,1441475.88,800400.81,1353324.88,1302592.88,1308098.88,1095191.12,2366518.75,1220513.88,1498364.88,1090979.62,1435993.38,939657.31,1052637.38,895445.31,1098996,2156.72,7887.48,45504.17,303849.16,1630179.88,7737942.5,0
,29,29,99,164.071762,9.515,0.850803,[M-H]-,C12 PARENT,L-Phenylalanine,L-Phenylalanine,C9H11NO2,0.064587,0.372003,164.071762,3666185.25,3109908,3380496,2224545.5,4779360.5,2738199.5,3825520.25,9219172,5017774.5,4118683,3496650,4368544.5,4178188.25,6269924,3633539.25,2806792.25,3391539,3781510,9358684,5062794,4697246,3994542.75,3575558.75,2989611.25,3302593.25,4731614.5,4068475.25,5617149.5,3866466,3540925.75,3842948.75,2766684.75,3231077.25,4660755,6267185.5,3989852.25,3998567.75,3996727.25,3455482,4433945.5,4625902,3937280,5968302.5,3683846.75,4502943,4841184.5,5230600,4499225.5,2717681.25,3076274.75,2533880,2718029,2689315.25,2596324.75,3462375.75,3123376,3626148.25,1755533.62,3419286,4776861.5,3728544,3441095.25,2009817.12,2934115.75,5460811,3916416,3613247.75,4650795.5,2125986,3611380.75,4251884.5,4481695.5,3125055,3570578.25,3888208.75,6233706.5,3330468,7978176,3534264,3434644.75,3223733.75,3285996.25,3120288.25,10354535,3311280,4110806.75,3521320.25,3804815.75,2717367,3357415.25,2830241.25,2787913.75,20783.01,91903.15,456334.62,2482141.25,12803864,72118216,2888.95
,29,30,95,165.076538,9.527,0.829569,,C13-label-1,L-Phenylalanine,L-Phenylalanine,C9H11NO2,0.076858,8.96624,164.071762,353231.16,299894.12,327701.03,221661,456728.91,261186.45,370270.28,936655.19,481433.41,392571.25,348368.66,415723.59,401688.25,608598,354737.88,271820.22,325674.12,363133.47,910127.31,477285.84,455557.34,397474.91,342564.22,281711.62,317672.75,472873.34,406964.66,562383.31,371671.5,349441.09,370788.34,254738.94,315449,463374,606802.94,395466,392181.91,382911.78,316050.28,437554.75,450797.78,387098.41,623147.94,354969.03,434846.34,477194.88,512600.09,441923.22,271004.28,300639.38,249170.83,267343.5,256959.23,258747.88,335478.88,310593.91,365749.38,171459.45,335811.53,474795.5,371432.91,332942.28,189666.5,280386.91,535029.94,380645.09,354689.25,453481.97,211956.55,350543,409798.25,452277.03,308517.66,346095.34,375617.03,617279.56,328335.91,776668.5,352155.38,338856.91,317952.12,304220.38,313042.53,1015960,327947.25,399951.91,340860.59,375958.75,263927.16,331577.28,268133.72,266443.78,2344.66,35406.7,50804.13,243417,1259405.62,7165932,25644.57
,29,31,94,166.079285,9.554,0.840247,,C13-label-2,L-Phenylalanine,L-Phenylalanine,C9H11NO2,0.104446,5.23699,164.071762,13483.44,11839.06,13703.82,9269.23,18196.25,9605.21,17169.75,37668.91,27532,15455.38,11865.49,17089.88,14898.7,25728.11,15201.41,11690.75,12355.76,14086.74,38753.38,20606.41,20588.17,14315.85,11575.11,10186.88,10999.35,17264.05,12635.25,25411.15,14570.33,13173.83,15709.3,9748.74,14783.67,18707.94,24361.26,14767.49,17104.59,15555.1,13346.5,16373.1,17518,16606.41,25307.32,16253.93,17929.55,18169.46,21175.28,18286.8,9458.01,13674.44,9572.49,10381.5,10095.25,10238.63,13982.14,12359.35,13223.61,7191.54,12070,17793.28,14703.55,13585.58,7254.61,10875.8,22019.65,12050.51,12842.01,19009.29,8551.83,13966.17,16265.56,19152.96,12320.29,14907.82,15726.28,26875.3,13155.36,31200.31,13175.62,13401.73,13540.13,13840.91,12768.24,40619.44,13483.79,16866.76,13593.02,14337.46,10544.57,12269.07,11714.37,10978.24,197.47,2036.84,3155.69,10169.51,52483.69,299819.59,1298.26
,32,32,97,114.055969,12.662,0.839358,[M-H]-,C12 PARENT,L-Proline,L-Proline,C5H9NO2,0.088076,0.735808,114.055969,2574055.5,1196968.38,1305609.12,1026586.5,3323109.75,2250900.25,2404289,3767562,2221181.75,1573710.62,811032.5,2371685.5,1881713.12,2929151,1849051.5,1166518.38,2156717.25,1845293,4816389.5,2167719,2415727.25,1430654.38,1367318.5,1207844.62,1286509.5,2042919.88,1819756,3404306,1573641.62,2044674.62,2182177.75,1477668,1636321.38,2750250,2376709.25,1684789.62,1557144.12,1987602.88,1363415.5,4333049.5,3224676,1943799.12,4049931.75,2424865.75,2417070.75,5370954,4469466,5136152.5,2263231.75,1696642,1349019.88,1662156.38,2427004.75,2855981.75,3015635.25,1300106.88,2472937.75,787658.81,1387700.38,5696769.5,2335882.75,2382363,976381,2009372.38,4610075.5,3380617.25,2750226.25,2441388,1995696.5,3351445.25,1416480.38,3464195.75,2558441.75,2959390.25,2249678,5624952,2515011,4037799.75,2450991.25,3014436,3771637.75,2410821.75,2619275.25,7785249.5,3402145,4671210,2285598.75,3281779.25,2372452,3290008,1990423.88,2334753.75,25247.79,74645.04,374554,2250881.25,12721929,47857056,2908.75
,32,33,97,115.059464,12.664,0.854594,,C13-label-1,L-Proline,L-Proline,C5H9NO2,0.086287,0.530466,114.055969,151657.3,64332.56,68667.71,50830.39,187951.42,122022.77,133863.64,199742.31,108020.48,77048.91,41891.84,141845.27,92645.55,147040.62,87629.62,60479.57,124215.73,98361.59,263758.41,117372.23,133842.48,71476.15,74053.04,57678.7,62663.78,107677.45,98610.09,180863.94,83699.33,90708.16,124483.66,79203.14,84491.57,147813.11,130103.71,98155.28,84828.4,112470.48,76340.16,233230.14,170714.83,107266.02,215335.27,126753.38,132675.94,293175.75,245752.12,285224,140965.44,102339.45,87476.1,103083.25,138252.73,179748.83,169596.64,69921.79,129673.13,44151.78,74944.51,294600.38,135092.38,135847.33,54255.94,94167.62,258409.08,185069.23,143992.05,131551.78,108667.4,178170.95,82204.76,182859.12,133395.2,163421.14,128876.97,323522.16,138430.19,223518.75,134730.48,166528.89,177477.33,132087.08,150808.86,446488.41,185911.88,257520.83,127134.84,177078.42,131253.17,178810.42,115847.12,124100.87,1251.1,3369.34,20578.73,127869.34,697239,2587516,187.26
,34,34,92,104.035301,14.571,0.855118,[M-H]-,C12 PARENT,L-Serine,L-Serine,C3H7NO3,0.250668,0.146669,104.035301,80987.98,118719.54,140604.8,63014.03,251719.7,75553.56,95747.38,189897.45,134810.56,126316.5,37863.54,75194.21,98334.51,93446.98,121966.2,62199.26,126855.15,90632.49,165943.58,81363.63,121324.97,63968.78,121369.8,48588.44,115595.01,222678.89,111297.68,188189.62,56786.36,147938.33,233870.45,171988.2,82490.6,117525.1,237912.58,94044.12,133156.25,148945.36,124444.94,355696.16,307661.5,360609.91,395665.53,351699.09,316392.84,529064.44,554229.69,485944.22,109880.66,105485.79,81413.48,124837.23,148978.72,140411.17,96886.12,46417.81,185007.61,59504.21,125701.48,319679.47,290453.16,253554.83,88095.02,100733.54,225618.95,408028.66,233609.31,302318.59,76649.59,181228.31,212108.25,163695.23,161439.2,201285,226284.02,348252.22,254817.86,429687.75,344366.62,347856.09,286662.97,301086.66,409390.34,678291.44,360231.28,244860.88,192856.19,335710.47,159528.83,259130.69,187268.08,189029.58,2255.44,4217.13,6424.93,81046.27,610284.69,4275081.5,6825.08
,35,35,89,118.050842,14.098,0.856132,[M-H]-,C12 PARENT,L-Threonine,L-Threonine,C4H9NO3,0.168173,1.034048,118.050842,1555906.88,534290.62,639539.94,451337.25,1508583,584322.44,403410.75,487516.16,906679,1118668.62,321600.12,425807.72,657731.75,601330.69,885731.56,534846.62,835685.06,548614.31,1630827.38,210440.58,679245.31,250623.33,745237.56,418962.41,568663.81,686953.75,631738.44,531993.56,296443.22,911260,1038556.5,430828.16,471128.25,1135909.75,830918.69,898178.31,843840.06,1074360.88,608951.62,1146226.5,1059206.62,1404919.12,1647466,1634981.5,1303859.5,2038808.5,1731360.62,2110300.75,858522.31,502544.59,496163.47,591034.19,932967.56,763736.31,489950.62,221276.88,697930.88,454765.34,383226.88,1589484,1254905.88,849310.31,472057.62,545607.94,1023149.44,1496024.62,1000425.81,1061149.38,425726.97,982793.31,742617.69,770039.19,566816.56,1167149.12,1047345.75,2026176,1155328.12,1900319.62,1520344.38,1257090.25,1554624.5,1285515.75,1395958,2216141.75,1716628,1264183.62,1009957.69,1537796.62,1069754.88,1251195.62,900052.94,1878915,2772.2,3375,3530.71,2426.84,4279.67,27820.38,4886.09
,36,36,98,203.082642,9.481,0.840992,[M-H]-,C12 PARENT,D-Tryptophan,D-Tryptophan,C11H12N2O2,0.080605,0.225408,203.082642,6206004.5,2961189.75,2722645,2479926.25,5954741.5,3656243.25,2620629.75,5634257.5,5558019,6182521.5,3487885.75,5636124.5,4654793.5,8299872,5102130.5,4141760.75,7246504.5,4684624,6115064.5,3699736.75,3925879,2779783.25,2177113.75,2260603.75,2723287.25,2569944.25,3057494.75,3678660.75,1590521.62,5842718.5,5942087.5,4021273,5140388,7432828,6404532,2675267.75,3122227.75,3476296.25,2776354,2652035.25,4220690,2570422,3542582,3067068,3238876,3192721,3262270.75,3274266,1391983.38,855583.94,720818.31,1107132.5,1171538.38,717122.5,992183,523085.91,2116314.25,913004.19,1848775.62,1406208.62,1769624.38,2296634.25,1207091.88,1383739.62,2796040.75,2591081.25,2011854.12,3172711.25,1057194.75,1671408.88,2369229.75,2262129.25,1634429.38,1629264.38,2115022.5,2002088.12,1232003.5,2718265.75,2220339.25,3503560.25,2178076.75,3074842,2374177.75,5375055,1516258.62,1878567.88,2244653.25,2359992.25,1498238.38,2424943.25,2100860.25,2410698.75,5350.92,18561.18,81118.4,713509.69,9610878,85894384,374.75
,36,37,89,204.087265,9.495,0.852192,,C13-label-1,D-Tryptophan,D-Tryptophan,C11H12N2O2,0.094687,6.429918,203.082642,741426.44,357059.88,334964.16,294719.69,724941.06,446695.53,309081.34,664574.5,675899.19,745211.5,411206.59,686479.56,535347.44,1000116.69,607653.44,513731.25,852889.31,558898.19,735148.31,427845.91,481492.97,336324.38,253971.7,249237.14,316042.69,293748.16,363615.09,448254.91,181258.05,701406.81,697074,474230.16,598757.06,877329.56,756919.69,321985,370946.25,418954.84,336302.06,318100.38,503110.16,309469.53,418237.91,364189.75,366033.84,375713,376918.72,399457.53,164801.62,99279.07,82847.65,133230.8,140921.83,83321.09,108976.77,60895.55,265760.62,110051.21,213010.25,171408.19,208863.83,277192.25,140395.12,169781.7,334258.53,321123.97,236054.39,388731.97,125584.1,204674.3,282981.16,278952.22,196373.06,187645.55,243898.61,238633.36,141490.86,316282.12,269531.97,421036.66,254043.98,365961.66,280180.78,636153.75,177809.31,223636.44,257269.8,277282.47,180399.75,293080.78,255175.45,291193.25,1163.19,18535.2,28945.62,83781.32,1188764.62,10426095,15539.2
,36,38,73,205.090134,9.497,0.836048,,C13-label-2,D-Tryptophan,D-Tryptophan,C11H12N2O2,0.097041,4.017638,203.082642,32645.12,18545.66,13667.41,12981.07,34802.41,20168.21,14470.41,31272.47,33170.42,33905.89,19863.28,32893.52,25429.38,43048.74,26230.77,21672.87,39388.15,30263.95,36036.91,17453.67,21955.38,13940.88,10401.74,9846.55,12078.23,14286.4,16556.83,17600.6,6931.8,34278.15,32842.46,19900.85,31419.56,41165.78,33660.44,12733.2,14061.87,19325.89,11438.07,15731.22,23682.48,12617.6,19338.59,18216.88,18294.54,16392.14,18470.11,19656.46,7446.48,4249.94,3664.5,6193.74,5742.63,3948.95,6329.57,2881.24,8863.45,4014.4,8564.55,6177.96,8564.08,11924.33,5558.99,6702.23,12496.05,11056.62,8861.94,18107.59,5421.71,8691.56,11713.41,12624.73,8835.44,7610.26,10554.6,11592.62,6561.96,13287.96,10891.92,17372,12015.65,14405.83,10830.08,28449.41,7692.5,10654.14,10276.67,13124.17,7662.91,12657.16,9313.57,13072.25,238.26,1508.78,3653.97,4533.83,54526.49,588329.94,754.58
,36,39,63,205.085144,9.502,0.840883,,C13N15-label-1-1,D-Tryptophan,D-Tryptophan,C11H12N2O2,0.102024,10.490823,203.082642,19092.41,9937.45,10170.66,7468.92,20206.2,12146.93,7740.6,22139.53,10377.44,21954.97,11188.72,17855.21,13457.23,24877.52,16833.31,15105.24,25589.18,18476.35,21823.65,11951.74,9816.14,7412.41,5533.45,6806.48,8077.29,8435,8916.79,9866.56,4467.11,16858.81,17332.92,13789.24,18132.17,23179.27,20348.31,7200.4,11225.78,11145.54,9897.38,9793.66,13621.09,9203.51,9161.84,9674.51,11229.57,10599.51,11311.16,11697.67,4838.32,3210.58,2720.94,3889.48,4483.73,2412.65,4371.9,963.15,7766.47,2485.78,6584.86,4665.28,6833.63,6759.92,5069.23,4547.69,9755.01,8421.06,6364.66,10216.84,3758.43,5115.2,8095.79,7909.66,5448.97,5060.19,6114.76,7106.08,3307.51,8476.33,6278.8,12514.19,7213.14,9395.03,7701.15,17381.56,3970.93,5999.85,7039.1,7584.56,5568.41,8628.48,6703.64,8358.76,238.26,976.94,1306.68,1357.67,32594.01,350283,736.52
,40,40,95,180.066528,11.515,0.845566,[M-H]-,C12 PARENT,L-Tyrosine,L-Tyrosine,C9H11NO3,0.014588,0.508438,180.066528,1120629,783640.81,821355.75,537563.44,2107021.5,845615.25,1126081.38,4069999.25,2003230.5,955109.81,612718.19,1646912.38,1453961,2156942.75,896009.56,777120.44,792796.56,1637524.5,3679640,1491718.62,1494814.38,1091921.38,1131173.12,874940,1095756.12,1321074,1903915.88,2014949.62,1040642.44,1726770.38,2264951.25,1306361.38,1411621.88,2237634.75,2991686.25,1223057.38,1345789.62,1552483.62,1187070.62,1340217.88,1643830.5,1040926.5,1185139.12,1503446.62,1060647.75,2195874.75,1885668.62,1787647.62,566531.06,637359.31,442549.16,474174.72,722849.81,594187.06,587532.81,915711.25,955367.5,229808.58,868119,1189230.38,1658564.38,1294670.12,355772.91,710775.56,2350133,1455877.62,941253.81,1238176.75,432266.09,1210048.62,1071936,1356300.5,1165209.5,999796.81,1484517.88,3380627.75,1373354.38,2976995.75,985648.94,1875695.5,1391507.62,1938097.38,1236436.38,4230468.5,1139712.62,1229382.88,1049871.5,1409345.38,796963.44,1357043,960162.75,1330840.88,892.92,856.25,1272.66,2267.83,8657.17,61950.09,1033.8
,41,41,96,116.071617,11.914,0.845476,[M-H]-,C12 PARENT,L-Valine,L-Valine,C5H11NO2,0.073876,0.72303,116.071617,2379596,2063941.38,2058606.88,1635020.12,2688181,2339600,3415996,3817477.25,3134947.75,2507717,1808427.62,3326466.75,2166905.25,3815126,2394673.75,1290334.12,3321970.75,2773269.75,5775292.5,3112725.75,2891240.25,2199353.75,1909766.12,1873829.62,1897839.88,2315608.75,2361009.25,4418935.5,1893926.5,2184317.25,2975916.25,1807410.62,1847230,3937245.75,2838060.75,2689923.75,2597723.25,2965985.25,2361324.25,4600482,3147319.25,2773018.5,5013414.5,3120197.25,3102803.75,4476268.5,4582701.5,4500268.5,2741530.5,2165523.25,2360541,1959640.38,2657908.75,2839928.75,3897250,1471510,1618599.38,1304501.5,2009118.38,4408003.5,2590473.75,2211371.25,1197219.88,1774924.12,2967977.75,2886078.75,1994190.12,2590242.75,1903963.62,3511084,2349135.25,3515868,2557906.25,3574680.75,2409205,4789674,2869775.25,4440431.5,2654101.75,2947074,4004089.25,2590011.25,2427364.75,7075626.5,2940488.25,4513801.5,3567172.25,3923208,3080218.75,3396551,2905855,3170938,2466.91,1144.79,3653.74,21398.96,123428.66,625794.25,1409.75
,41,42,99,117.068687,11.919,0.842991,,N15-label-1,L-Valine,L-Valine,C5H11NO2,0.079294,0.391021,116.071617,4769.08,6522.87,7208.96,4396.69,6671.76,8796.91,13102.9,10530.44,9599.57,8890.72,4994.26,10844.02,7216.96,12702.76,8277.6,3750.6,11284.49,9638.51,21785.97,10460.51,10311.83,8245.88,6142.87,5939.18,6710.07,7437.53,5561.68,13774.62,5284.05,11171.94,9916.99,5658.42,4488.04,15169.21,10096.46,9345.96,8113.56,10393.14,8955.71,15758.54,11094.83,9208.56,17061.28,11014.11,11360.3,15402.72,16225.72,14543.96,9262.5,6168.89,7904.2,5578.11,8140.52,9526.05,9743.29,3198.38,5621.73,3858.3,7588.05,14932.23,8641.62,7135.7,3481.14,6105.33,6480.03,8494.05,6791.38,6455.29,6183.02,9445.63,7187.4,9638.22,8407.89,11888.82,6020.11,14146.29,9532.61,16250.86,8390.7,7605.44,14407.39,7403.67,7843.27,24677.52,12257.31,14974.9,12024.14,14574.55,10087,11036.62,8064.28,11506.08,21300.58,94453.16,545862.31,3157448,17491292,92495592,1857.93
,43,43,99,255.232819,2.237,0.837739,[M-H]-,C12 PARENT,Palmitic acid,Palmitic acid,C16H32O2,0.136823,0.538054,255.232819,127825384,135583600,169781568,126319624,63697840,136421264,75141864,80837240,113679304,180215424,155203568,98388328,94833704,128437592,137603552,203763216,106576800,65241824,107454120,126443544,137911520,160595600,146666048,132312520,134925504,104488512,155607568,112370088,130967464,109484416,104468248,153782528,134971056,188263120,174735568,234119344,326830240,270815776,281868896,151088880,100654184,142153920,94239872,152668400,156363424,58219196,136771824,86796136,67681048,68702872,55821696,38705684,43091700,40885000,37174100,48089136,66656256,64885380,116582176,35481052,59329104,72284648,62554604,68897544,44899508,36985684,47183628,68292768,34004580,52043308,115894264,90354104,82541800,76450504,74863528,44059644,64934416,50575776,207565696,97863160,62448948,75739168,60518400,95775352,82644440,99340328,91643304,99907872,114251072,86271280,109207616,138123184,8303546,11553684,12276343,16713128,52708752,210394304,61917520
,43,44,99,256.236511,2.238,0.839181,,C13-label-1,Palmitic acid,Palmitic acid,C16H32O2,0.137776,0.714596,255.232819,22201838,22924656,29108794,22285586,11218275,23741616,13207096,14267536,18733738,32068342,27243776,17408396,16986408,22576206,24163488,35583552,18819638,11501999,18793220,22309880,24369930,28474550,25772406,23341552,23286638,18075986,26513984,19637720,23474114,19249370,18419542,26859818,23036560,31765990,30662944,41925184,58422928,47631668,49232144,70339544,43938260,57050132,45773152,70237688,60907760,24879840,68356768,47408756,12037444,11906043,9743162,7032396,7623848,7115132,6528942.5,8333120.5,12233169,11405003,19802006,6266894.5,10160917,12609377,11122981,12283651,7444093.5,6430557.5,8211522,12140261,5916885.5,9179692,21238674,15964891,14266555,13156925,12931697,7684082,11305503,8591593,35077408,17241808,10871259,13194365,10807751,16728811,13904941,17620734,16005601,17409946,20252154,15174345,19111390,24202352,1475293.62,2006653.38,2128746.25,2891412,9162087,35669472,10931984
,43,45,99,257.240173,2.238,0.837914,,C13-label-2,Palmitic acid,Palmitic acid,C16H32O2,0.137683,1.898157,255.232819,1674568,1651672.62,2021825.12,1614201.12,834417,1669087.88,919371.19,1051317.88,1338571,2303526.25,1935079.62,1265629,1207764.12,1550415.88,1724151.62,2657859.25,1372775.88,794047.94,1282881.62,1604116.12,1673617,2016829.88,1956601.12,1701874.62,1674923,1349772.38,1978523.12,1394919.88,1628909.38,1288585.88,1269172.75,2022324.38,1584196.38,2332143.75,2218215.5,3036642.25,4236288.5,3404935.25,3615764.25,22885842,9934193,11591119,9029437,20741846,8197166.5,2435899.75,18741340,20762310,974600.81,977272.19,790323.5,468688.09,764235.94,598067.06,698352.81,732591.94,997884.5,906063.19,1724129.88,537182.69,871610.5,949474.25,838758.69,882203.75,626879.56,539555.38,624425.69,929260,486651.25,754016.94,1830387.62,1341921.38,1131444.25,1239411.88,1074180,710482.44,920081.19,675472.94,2599576.75,1200974,730655,930638.81,787913.19,1131466.12,1049766.12,1275268.88,1132228.38,1273033.62,1400350,1103281.12,1384666.12,1822375.62,101442.56,143843.05,145717.86,190376.2,642164.75,2651108.75,767497.81
,43,46,99,258.24234,2.238,0.853195,,C13-label-3,Palmitic acid,Palmitic acid,C16H32O2,0.137799,2.717999,255.232819,80267.73,69769.27,78517.09,76274.82,34771.07,87769.87,54498.55,52426.83,66458.29,87756.28,82736.92,59755.74,62830.32,76322.88,66272.09,115250.55,67734.27,46556.42,57048.5,65665.82,68723.4,84972.63,96543.66,64338.07,76117.9,57525.16,111896.66,65978.75,75589.47,61756.47,50731.82,94182.74,68949.85,115943.27,79909.34,118001.32,214228.05,183354.12,140617.3,231215.56,223419.36,117104.69,190532.17,243491.92,222668.52,85619.34,403599.53,161237.7,121452.91,52123.33,82518.14,28260.79,71067.69,48596.11,102642.81,65050.89,42169.58,47754.25,88052.27,24395.36,52463.34,36582.4,38293.11,52490.78,31560.37,23342.88,34803.97,38003.31,22157.41,34769.39,75012.57,79892.31,57057.76,77391.06,37210.12,53372.36,44927.17,32277.97,124575.06,44502.52,33678.14,43787.67,33683.19,46641.93,47131.99,50468.5,48109.12,58429.14,59325.11,57207.41,50480.96,86260.38,5055.49,7281.03,6397.82,9355.93,27986.87,130202.35,39529.22
,47,47,99,283.263763,2.198,0.837085,[M-H]-,C12 PARENT,Stearic acid,Stearic acid,C18H36O2,0.128294,1.723766,283.263763,77333944,61305388,61121876,58435900,38016208,78710992,53855988,56501324,62999420,98410648,71589960,62504452,55409652,88588152,70361976,108664896,62804396,46168852,70304752,60452592,80175152,72984968,69410296,56664348,69656360,58148612,62021156,74513512,62372484,62298932,59161396,81482840,64690332,116322408,94451232,91001632,110758136,91236288,97025576,82947224,43306012,53258228,36775824,55312452,80892104,27558394,56425696,45830272,38990644,28316830,22545374,23153354,19455292,24709760,22290880,21645490,33295696,25013920,40700740,18349254,22588062,41724212,42501812,45771108,28645554,22642794,28491546,50285600,21803306,24968912,53337008,37613984,27705278,29715670,25451150,20970240,24817838,22085144,113774440,52237972,39318588,37290852,36955988,74787320,30597872,64081076,37133380,43210204,46301372,36992644,39625428,51891248,7936410.5,11389984,11209269,12950112,30478450,107005160,38125104
,47,48,99,284.267578,2.198,0.839028,,C13-label-1,Stearic acid,Stearic acid,C18H36O2,0.127916,0.107355,283.263763,15422191,11990449,11274192,11720168,7367290.5,16164852,10599378,11320256,12432168,19687832,14136883,12346817,11059153,17892902,13929325,21188702,12572164,8991909,13527243,12135191,15916112,14307155,13451656,11301151,13435277,11302749,12340811,14491251,12111085,12406867,11656481,16182675,12669856,23087654,18950678,17629506,21925026,18007876,19165184,33074378,17411150,22038486,10631499,18133222,30835392,10080311,23334288,21180384,7576114,5557748.5,4455494.5,4580305,3903088.75,4815424.5,4365726,4228423.5,6846021.5,4905297.5,7900468,3573042.25,4387620,8213848,8366844.5,9272253,6233505.5,4356943.5,5732418.5,10069719,4240604.5,4888132.5,10446876,7230322.5,5345017,5691501.5,5011512,4147561.75,4885436,4337072.5,22462982,10599557,7978006.5,7207794,7264996,15013923,6040684,12673673,7323834,8506728,9238583,7250921.5,7896848,9858431,1597868.5,2239610.75,2261289.75,2546245,5986534,20789578,7716326
,47,49,99,285.271362,2.198,0.838716,,C13-label-2,Stearic acid,Stearic acid,C18H36O2,0.128223,1.390708,283.263763,1256336.62,1001101,926028.44,950266.19,596928.25,1317479,880068.44,866247.19,1016000.06,1514049.88,1175252.62,893910.75,797235.19,1408066.12,1233618.12,1658081.62,1059806.88,783853.69,1126193.62,992285.94,1280899.12,1250601.12,1066279.38,923513.19,1269074.5,932534,929827,1170069.38,1059347.88,1064055.5,978001.69,1215693.88,892518.19,1869169.62,1568392.88,1511288.5,1900206.88,1405282.38,1576195.62,7044947.5,2334945,2243643.75,2917574,2818206.75,5221372.5,1145240.88,2096422.62,5525522.5,603615.31,497539.34,341353.62,368685.78,322981.12,406733.62,384535.75,398067.72,573041.25,440994.66,799500.5,325110.28,379448.97,736890.75,735493.31,750180.75,537695.81,355329.66,481376.84,795994.19,376430.38,434394.91,1023532.69,686323.44,527768.38,510087.03,430607.84,374874.91,407973,366901.66,1812862.12,810278.5,650957.69,625352.81,585458.12,1133416.12,447188,1042895.5,500561.47,709274,752753.56,573160.31,628730.19,892259.06,134882.89,177625.55,184665.05,218096.67,468052.75,1676281,623240.56
,47,50,98,286.273926,2.202,0.857316,,C13-label-3,Stearic acid,Stearic acid,C18H36O2,0.131646,1.385833,283.263763,43177.39,25160.21,24965.73,56338.79,36669.53,67714.4,49177.93,49034.41,64790.35,85516.06,59352.89,59576.8,39848.04,72354.59,45612.2,86146.38,59304.81,31911.15,39988.45,52429.7,42692.5,42371.67,62540.47,40045.48,31379.34,50107.02,26941.43,53269.88,52785.4,46949.54,68425.84,51593.87,38304.12,89013.87,82780.57,95040.66,103711.53,90889.52,83034.42,854806.5,471596.78,681393.69,398285.03,604062.75,671461.94,275693.03,639645.69,552505.31,25812.06,27980.95,25883.16,12689.16,17787.95,26084.05,25146.08,16693.03,31770.23,27533.4,56314.44,16899.14,21599.32,39652.16,36944.94,46316.78,31591.4,20121.03,28304.42,40093.73,16544.37,16605.48,45003.25,28704.22,36012.43,44232.44,30720.78,16464.8,11652.89,8179.03,100681.29,32410.45,34617.26,8007.31,21406.4,49318.5,27902.83,33340.91,40038.68,33990.82,44555.94,28286.68,35699.78,57228.54,5115.96,9184.53,6627.75,12287.04,21965.88,45038.89,25747.64
,51,51,98,281.248169,2.207,0.836616,[M-H]-,C12 PARENT,Oleic acid,Oleic acid,C18H34O2,0.127218,1.519105,281.248169,214687792,196145328,502108544,156801296,87756808,147023296,67264288,62161120,174264016,188757456,251342480,86795464,87373320,102716440,193345488,193214096,137823920,62709172,125075968,176241520,172234288,250265808,232494848,158406528,267881264,128494264,361569248,116153960,168237840,124388864,103139512,132723416,143589472,185344560,171789776,257466864,311030528,269260704,321598880,117232184,92559144,138105744,103110304,139475728,120494568,44468848,126053568,73425192,60701828,74941200,58086656,39865844,51481952,40902336,34765632,43990816,63152076,84819248,179683664,29107534,65978624,70422304,38756340,42097352,25015050,21077266,38771760,34504272,16336743,46571404,142044368,110022488,120930552,81564856,87527640,43085124,76230872,56686884,128604072,85521288,41781324,70773688,44338564,40536548,110634472,63851236,96551616,115051096,110978944,86613544,103220280,183510592,309253.09,994179.81,4343760.5,20739450,114392440,443893024,2129576
,51,52,98,282.251953,2.208,0.838972,,C13-label-1,Oleic acid,Oleic acid,C18H34O2,0.127801,0.108122,281.248169,42850864,39754588,100278872,31729246,17389214,29523374,13507511,12387317,34922316,38229472,50324820,17616574,17634838,20617592,38503852,36517648,27572968,12455792,25121018,36038412,35021980,50966252,47190596,31620786,52884564,26045536,72611992,22780850,34342528,24960546,20760322,26538240,28608200,37200256,33794508,51390716,61917084,53651540,63955264,37487076,23045622,34046252,31198000,42002752,30131950,12030989,38498224,26406206,12124827,15170888,11662941,7981038,10353011,8061842,6816334.5,8924969,12750157,17439238,36593284,5682036,13493936,14257343,7719337.5,8337897.5,4764166.5,4085454.75,7671547.5,6721500.5,3186589.25,9292954,29391648,22199568,25307994,16232101,17920750,8644435,15290047,11382629,24592094,17103942,8333441.5,14124948,8848619,7920891.5,22200350,12777361,19131086,23124058,21601728,17324612,20685694,36020496,51073.53,180147.19,847841.69,4021194,22784480,86647960,392613.75
,51,53,92,283.255951,2.214,0.853879,,C13-label-2,Oleic acid,Oleic acid,C18H34O2,0.133714,2.154775,281.248169,3411460,3039781.75,7989556,2497156.25,1377645,2470391,403343.72,415348.16,2912495.25,2933226,3969240.25,1010598,1346490.38,597287.56,3111760.75,3042033.75,2040472.38,605135.5,1412719.12,2886598.75,1911734.12,4121332,3611197.75,2566467,4308876.5,2025447.38,6044659.5,1257632.5,2790818.25,1911859,1127848.75,1381313.88,2403450.75,3012672,1832795.12,3995155.75,5039136.5,4616946,5318478,1503956.38,1364259,2014558.62,1710715,2256206.25,1952652.5,473753.59,2194529,1661375.12,689464.5,1207489.5,915053.75,584891.88,856899.19,677311.94,605526,753249.56,985182.44,1346775.5,2728901.25,502938.53,1146623.5,1123196.25,283271.72,284686.19,97096.48,145251,433297.25,16269.92,0,794268.69,2512997.5,1898914.38,1994186,1296559.88,1491221.38,738186.69,1353133.88,920608.31,1544513,1338046.62,177966,1187801.12,373009.5,0,1874526.12,348713.47,1602002.38,2036882.62,1751329.38,1367791.25,1672471,3174790,0,0,0,228040.67,1809313.5,7063536.5,0
,54,54,99,279.232758,2.225,0.837357,[M-H]-,C12 PARENT,Linoleic acid,Linoleic acid,C18H32O2,0.125392,0.655744,279.232758,120780128,194573360,196773584,157353280,101051912,137225072,92073816,58788212,131431848,152947216,229253168,60214868,76851608,104515840,165814800,167341216,116333984,47528100,85826848,156658656,140327536,198515824,204768512,153441472,172070224,116546984,254476160,114328768,238532272,152163312,110764704,145269120,149509408,167974784,185997008,243684432,237954432,219268080,256186928,194151792,154970560,200149504,160861040,218079872,185114896,98705640,206225152,134214464,61284908,77849328,64453044,47639628,59908284,57871652,63109652,56318596,88147264,81291808,188673344,47251392,96065448,96915328,50546772,59333356,31223808,30009654,54559532,41394012,23513050,74426176,152054528,121310368,118651960,128227160,126894696,74159880,113331272,101602072,171027728,125187296,49807556,89364360,55625536,65778908,135288704,55184708,90543464,136643840,104270496,77182792,102507000,220659056,222870.5,1068693.75,5266306,25673344,139682256,609044992,235698.98
,54,55,99,280.236298,2.226,0.850205,,C13-label-1,Linoleic acid,Linoleic acid,C18H32O2,0.125578,0.108899,279.232758,23523368,36923116,38809776,31266710,19803568,27078390,17985840,11379949,26123848,29765826,45524140,11862713,15461025,20705478,32066910,32948810,22577306,9359593,16641253,31090704,28034656,39428308,40898940,30423744,34400316,22776730,48930692,22782834,47519316,30249102,21956230,28748966,29282912,33096314,36641160,48126252,46982624,42260128,50534388,38915420,32618784,40557936,32252910,43665512,37002988,19693536,41225940,27583976,12028805,15458344,12841797,9448889,11659003,11534388,12347491,11147452,17397550,16067467,37384604,9370675,19161004,19365224,9943109,11479517,5940330.5,6041078.5,10232196,7860456.5,4551445,14766597,29936040,24257466,23410982,25544640,24405784,14828204,22543990,19644954,33451954,24789632,9740852,17429882,11175303,12910413,26630574,10701805,17845306,27113002,20525380,15151555,20107996,43915324,41917.28,195040.94,1017676.5,5052233.5,27881798,119912984,48167.64
,59,59,99,303.232574,2.193,0.838482,[M-H]-,C12 PARENT,Arachidonic acid,Arachidonic acid,C20H32O2,0.14254,1.207688,303.232574,63949332,68693240,32441590,35826860,27577966,40703156,35426268,13753055,16510419,28409590,25249866,13047029,10321023,17774402,23457622,16992910,24456544,9644363,17432272,22646374,32022614,29413722,20507578,21271834,31463464,19599522,20724214,15321149,22796742,25307050,25137584,23880638,26697898,41807296,24225376,40084556,41376580,40714164,38133684,86480744,49055196,83869888,41042076,66443332,81547424,27689696,89175712,47736740,25762096,25760706,11312320,12680416,12185299,12313952,9078932,9600441,11823612,14803821,22546790,9843659,15345835,12089320,9205793,11938285,10542535,9353947,9392865,16214043,7339882.5,10065877,19780100,19132406,15588045,12448935,16989048,7964439.5,19421698,7136586,38601228,26902778,14558085,15115825,11182131,16501239,21257122,16559321,20280750,23232488,16743544,19274216,18108164,38385940,68669.5,407145.28,2173021.25,11550651,68235736,339022560,808022.81
,59,60,99,304.236359,2.192,0.836197,,C13-label-1,Arachidonic acid,Arachidonic acid,C20H32O2,0.141873,0.100309,303.232574,13733019,15125979,6757511.5,7332300.5,5948474,9066847,7688194.5,2990279,3496123.75,6027570.5,5331594,2787232,2292854.75,3650142.75,4972491,3810472.25,5269742.5,2080673.88,3762854.25,5024986,7087826.5,6549700,4464917.5,4594360.5,6537970.5,4206312.5,4431637.5,3350956,4757270,5455966.5,5182347.5,5241470.5,5301211.5,8891749,5140653.5,8619553,8870392,8654211,8832107,31021466,17580082,33477750,14839688,23051472,29659296,9991435,31472976,18054926,5503942.5,5527084,2478786,2722681.5,2568296.5,2584819.25,1961206,2053308.88,2494138.25,3101384,4806303.5,2048980.38,3143398,2569880.75,1938171.38,2526890.75,2244327.25,2039345,1958854,3519545,1577325,2204992.75,4280881,4109670,3243892,2640594.25,3654210,1695855,4171679,1527475.38,8149030,5793372,3247551,3225378.75,2238117.25,3455721.75,4541290.5,3506874.25,4335716,5007019.5,3651618.75,4163852.75,3781291,8097364.5,14032.79,83919.43,471555.34,2506050.25,15500612,75145928,169244.3
,59,61,98,305.240326,2.193,0.84623,,C13-label-2,Arachidonic acid,Arachidonic acid,C20H32O2,0.1432,2.09956,303.232574,1183682,1422911.62,503652.72,703362.69,518113.34,822769.44,722040.5,266089,296908.72,547739.75,461586.34,242591.81,190920.62,322231.28,406542.66,304329.91,469825.12,170739.12,336437.16,398903.66,628195.75,574355.06,383698.41,316725.53,564297.94,353173.66,424590.84,254015.45,417582.03,475415.88,438718.25,418503.16,506790.84,759913.81,482638.16,723334.06,733634.06,802920.31,684665.06,1720026.62,851349.81,2085808.62,797355,1146626.88,1422481.62,513070.5,1640919.38,1202227.88,511975.41,453528.84,229388.2,231282.38,206231.23,240899.48,155667.23,181586.62,193045.81,267310.53,442446.97,196293.94,304230.09,209972.7,165979.08,240097.42,170964.2,174386.67,188459.3,310548.53,142904.17,211774.62,374188.47,376076.53,316345.31,220671.62,293967.34,166353.94,362029.91,145017.42,661920.94,492602.22,274574.91,211971.19,214375.05,305189.28,333448.09,289804.72,384186.59,491670.16,323432.78,386741.91,326731.28,669613.31,471.02,7035.43,39793.36,221090.62,1422700.88,7144338,9990.53
,59,62,93,323.295349,2.176,0.852349,,C13-label-20,Arachidonic acid,Arachidonic acid,C20H32O2,0.12593,14.536673,303.232574,14974.98,37769.12,50823.72,13049.15,20740.9,21824.63,51254.35,23723.49,20565.41,31697.2,38127.31,25136.41,38352.33,40854.38,30817.94,44008.07,34826.79,28822.34,35889.74,34847.75,35521.17,37794.69,72131.16,47006.5,101614.09,43607.04,72089.42,37528.7,81179.55,47821.36,29058.84,75295.48,47781.02,16941.98,51932.47,83194.88,101323.6,54907.03,103838.94,8869.44,11393.12,18856.59,22437.27,29102.28,29042.34,12535.92,33579.83,11455.24,7241.9,23652.34,17311.07,13088.64,14384.43,10082.51,15639.49,4365.35,16507.52,6273.66,20286.27,14832.77,12519.29,10200.26,5705.88,12773.78,8638.61,8818.25,12544.74,20543.39,5667.08,21526.03,16471.95,26719.43,14084.66,40949.12,11537.86,17526.12,33353.5,10451.32,67455.48,20907.27,10882.23,10184.01,20967.34,56572.05,60065.83,35902.03,13673.61,72061.26,63057.89,24406.65,58665.44,79910.72,10490.07,8441.77,14881.54,7119.56,8834.3,22554.19,13455.7
,59,63,59,306.242706,2.191,0.852556,,C13-label-3,Arachidonic acid,Arachidonic acid,C20H32O2,0.141035,1.096166,303.232574,95703.23,85366.6,26814.49,24768.3,26426.37,35283.74,33729.1,12204.51,5975.01,18035.11,17538.73,8000.53,5252.94,9880.39,18286.94,10036.12,10719.84,2279.73,10297.74,11376.78,15586.83,14609.48,11164.23,13228.45,10403.76,9057.16,10795.06,9403.11,18259.75,9120.8,18294.51,37404.75,24044.88,24174.66,13935.54,6855.54,16243.31,23299.31,4076.72,72005.22,58871.67,122937.41,65915.49,72380.84,95080.09,25978.17,124767.21,32834.51,8418.59,24059.6,5342.37,10965.22,5544.64,10805.61,8886.62,5160.8,4974.55,11579.29,11022.61,11304.74,14535.88,12959.92,3316.25,10026.52,9885.5,12099.57,6178.25,23233.69,3031.76,8317.4,9656.42,15148.78,6960.04,11191.34,18996.8,3227.72,20476.85,2903.82,27946.35,31767.91,16831.22,13452.97,5157.15,15382.2,15514.84,7866.41,7524.51,2647.3,11152.96,13517.44,9407.23,31260.92,0,0,3697.29,13198.2,66553.1,358751.47,0
,59,64,95,311.259216,2.27,0.829997,,C13-label-8,Arachidonic acid,Arachidonic acid,C20H32O2,0.220422,1.862862,303.232574,63005.75,173223.8,102756.26,192118.2,143298.44,165669.83,60154.09,145548.86,70276.65,213930.67,114940.88,162622.42,199679.25,118102.95,38540.69,288808.97,67011.84,216414.06,99063.97,191804.94,60687.69,58283,103148.1,105155.56,77080.26,39644.32,94021.77,118136.57,27332.21,312603.41,126109.9,232305.06,53050.72,110866.59,72566.01,116637.24,167020.95,107277.98,98000.25,98058.78,34280.37,23099.39,18858.4,20426.33,131535.34,27182.51,36281.92,32279.06,22935.23,17833.45,32719.98,28907.24,20103.89,30400.25,35312.34,14214.02,48974.86,15415.51,45708.57,35966.26,36105.75,47917.42,55350.38,81671.45,28173.75,49377.61,100914.46,67034.23,34876.97,37405.57,199215.36,38184.85,37970.66,48503.04,36093.18,19960.38,39063.4,24459.32,232107.17,66094.59,61383.52,48300.74,61585.97,235123.92,13360.76,283469.75,35951.12,20613.53,46813.82,42422.22,38495.6,55998.85,87811.06,122052.9,118401.94,100773.91,68312.32,48055.99,696162.69
,65,65,10,132.030319,14.634,0.859106,[M-H]-,C12 PARENT,L-Aspartic acid,L-Aspartic acid,C4H7NO4,0.10402,0.693423,132.030319,249604.8,98891.12,173657.59,27506.81,205963.86,152030.11,158029.52,174230.62,213114.56,194698.77,113274.1,87691.68,213793.86,268949.66,38936.17,255056.33,251169.06,216344.62,361485.84,293937.84,342402.22,252838.95,444875.72,287953.59,188575.7,99046.68,319629.97,288841.25,415033.72,208170.62,320173.16,331100.47,86424.48,88174.66,258997.81,199357.33,166009.88,446658.78,315313.97,61252.78,68161.88,71942.78,29030.96,37143.16,43103.25,45395.77,67431.22,80134.23,50527.98,38968.64,31543.87,28242.62,56754.34,34193.1,40446.34,45987.71,141235.89,49853.36,42937.53,89181.06,102297.66,125462.62,173666.14,226152.11,339534.88,151541.39,109250.4,144279.19,55129.04,46711.21,54866.02,57842.93,38353.71,67751.59,86218.92,92385.65,84292.73,70007.9,101900.5,88513.37,52849.71,87830.02,94137.99,309599.72,102307.95,178353.81,114926.88,148215.58,48890.12,93295.05,46298.55,303132.47,5312.76,25351.72,59919.72,549755,7536590,96767360,111572.59
,66,66,81,87.008751,3.755,0.836098,[M-H]-,C12 PARENT,Pyruvic acid,Pyruvic acid,C3H4O3,0.015,0.175371,87.008751,46635196,24112194,18931648,26492952,32994464,21066740,19610468,22717832,22382152,31232910,17162964,31119474,26699354,29999558,24865386,30103602,16679428,29575186,22233310,19497578,23055666,16049881,15773813,16191213,25946870,19443190,15412696,10665793,13178531,18660318,22118946,19809302,39254300,30491200,42171636,23218198,12338145,19896970,22612822,9811731,18208390,9888684,17472614,11007422,22990856,15495979,12252813,4350482,8516366,3551692,5549193.5,8462981,9067441,6635546.5,14162923,10827891,32866794,7387300.5,11775323,25683686,25970486,26932442,14078180,16677371,19537900,19499726,16532632,16967984,20435994,18415432,27777578,18142870,18148874,10990402,35330728,23414214,14213256,38443284,12553207,14353263,11332811,14033368,22348544,39474944,24405864,26574512,15149599,17012036,12669164,20561970,21004526,12204636,466217.59,1798103.62,7247830,37058636,161789872,333876960,177518.31
,66,67,94,88.0121,3.755,0.835199,,C13-label-1,Pyruvic acid,Pyruvic acid,C3H4O3,0.014971,0.260057,87.008751,1668638.5,871150.56,672499.81,924969.19,1177665.88,719788.25,720628.19,800730.5,785474.44,1060585.25,597466.19,1090783.88,915078.75,1083641.38,878209.19,1043399.31,562790.19,1046152.31,772567.5,697978.44,822549.81,568007.44,549146.62,565920.75,911538.81,648034.06,529165.56,362183.16,476365.16,686114.88,761018.56,685231.94,1401314.5,1028713.81,1456661.12,801550.19,438613.75,677102.31,781209.19,356425.28,632470.69,349829.25,597802.69,361288.28,824722.06,595086.94,427436.38,154790.69,748045.75,266652.75,466604.75,643783.69,626205.5,479938.5,831185.69,738039.25,1217364,292323.53,457984.12,885752.56,960903.69,962719.25,488299.53,613729.19,702264.19,692347.06,588725.69,619670.5,799228.44,638620.31,959216.94,654335.75,673931.25,375802.09,1247190.75,879011.31,512092.16,1355170.75,430526.25,474769.41,385352.91,501862.75,786909.5,1442431.12,872218.19,924207.56,519137.41,577190.19,447100.03,712339.75,721681,405786.12,11741.11,60908.52,265734,1292627.62,5852374.5,12605615,6176.52
,66,68,2,89.014717,3.779,0.794081,,C13-label-2,Pyruvic acid,Pyruvic acid,C3H4O3,0.009425,8.570863,87.008751,4407.9,2065.39,2611.12,8974.18,1337.07,2965.73,3918.32,9214.4,3489.02,4131.74,2645.43,1742.64,4356.78,6268.99,2315.32,8947.4,5130.07,3308.49,7458.96,4365.74,4540.73,4978.76,3881.97,6916.99,5755.43,3777.69,3765.72,4454.32,4732.26,4368.24,3040.72,8812.83,8794.55,5805.76,8238.03,4763.61,7463.63,346.43,5266.96,1383.22,1887.84,3945.14,6287.41,5272.07,4139.06,2343.41,4269.37,9177.73,340904.75,113978.01,261955.25,380586.5,227360.08,201981.36,266083.12,256581.3,8903.39,1728.43,6031.9,7540.46,7979.34,9957.92,4525.83,8014.67,4907.22,2703.17,3575.32,2811,13820.4,5141.28,9902.32,5768.35,4693.64,1652.85,11496.9,9882.7,2751.61,17698.42,1363.21,2462.27,1222.85,53498.29,4052.91,6499.44,4445.5,7131.53,1487.46,2744.69,5306.43,2470.18,2777.15,3890.44,1578.02,2141.72,484.46,7070.43,48884.26,107352.29,1205.96
,69,69,11,191.01976,15.183,0.834933,[M-H]-,C12 PARENT,Citric acid,Citric acid,C6H8O7,0.943124,0.159761,191.01976,45821.92,24444.54,97098.69,11898.09,63669.38,238140.3,48679.5,30078.93,123148.12,215192.38,1465.16,76045.26,61357.25,123280.29,77365.43,409657.91,98444.46,167495.17,88100.48,31968.5,71800.63,24209.16,23096.9,115096.44,62883.98,257117.62,53772.48,50237.38,97473.65,46018.36,67815.12,71739.35,38748.66,9870.03,57698.11,26092.62,61652.67,87571.79,64047.83,82052.54,75385.63,129590.62,115855.4,93806.75,177512.08,106133.28,75247.05,51846.5,22165.56,406.51,0,54689.59,1180.82,99173.38,10721.86,46362.89,708007.94,4888.81,51965.3,142751.38,116442.18,257104.75,178948.25,0,532285.44,329408.72,714358,0,78793.6,0,0,82137.94,1273.42,70271.51,118740.96,112283.79,78708.39,163276.94,99807.48,326979.09,4285.24,102638.84,164036.61,64430.02,90988.79,507.07,0,82186.41,131631.16,79494.08,117824.23,72439.81,10225.27,4332.75,41289.3,319395.03,15392808,230026672,14980.74