"contrast","direction","gene.id","baseMean","log2FoldChange","pvalue","padj"
"old ID vs old CD","Downregulated","0610009E02Rik",35.6860079070163,-0.803594249720892,0.00761684060743239,0.999946780809711
"old ID vs old CD","Downregulated","Slmo2",1390.81636024269,-0.176055305748953,0.00875753712727615,0.999946780809711
"old ID vs old CD","Downregulated","Gm28229",42.7313823703975,-0.753590979503195,0.0130439003741183,0.999946780809711
"old ID vs old CD","Downregulated","B230312C02Rik",169.176950152216,-0.552075120337668,0.0134298010421355,0.999946780809711
"old ID vs old CD","Downregulated","2810039B14Rik",38.7969445527197,-0.642312177948136,0.0141940909068013,0.999946780809711
"old ID vs old CD","Downregulated","Lphn1",305.785179726485,-0.30391891506372,0.0171730238742636,0.999946780809711
"old ID vs old CD","Downregulated","Mup3",87.4183082720126,-1.55381913213193,0.0174837589516427,0.999946780809711
"old ID vs old CD","Downregulated","Gm12725",17.1895884937808,-1.24571770808314,0.0200654132997737,0.999946780809711
"old ID vs old CD","Downregulated","Gm29170",129.69238457242,-0.265541581122536,0.0218462817502292,0.999946780809711
"old ID vs old CD","Downregulated","3110043O21Rik",671.381254151223,-0.222857477248832,0.0295716932204082,0.999946780809711
"old ID vs old CD","Downregulated","Wisp2",32.9205568788416,-0.805659399178277,0.030584915297822,0.999946780809711
"old ID vs old CD","Downregulated","Fam73a",566.160851892236,-0.135459585117052,0.0321079613336603,0.999946780809711
"old ID vs old CD","Downregulated","Fam63a",734.828610813903,-0.153952208442183,0.0336576211231254,0.999946780809711
"old ID vs old CD","Downregulated","2510003E04Rik",766.129686098982,-0.164722369329014,0.0360688918219941,0.999946780809711
"old ID vs old CD","Downregulated","Dfna5",349.649923322729,-0.261434329932702,0.0395799789062517,0.999946780809711
"old ID vs old CD","Downregulated","Wfdc21",24.7416217363731,-1.51488025228978,0.0408587879875062,0.999946780809711
"old ID vs old CD","Downregulated","Mrgprh",70.0416728973986,-0.382920215379829,0.0444681672052326,0.999946780809711
"old ID vs old CD","Downregulated","Fam49b",1229.57611571023,-0.129460304828133,0.045371729365938,0.999946780809711
"old ID vs old CD","Upregulated","Gm12940",46.13801573573,0.98119457287716,0.00122448280519718,0.999946780809711
"old ID vs old CD","Upregulated","Rian",600.533194081245,0.493281488148047,0.00145471809502643,0.999946780809711
"old ID vs old CD","Upregulated","mt-Rnr2",93402.9360058301,0.826390373193219,0.00538562699235061,0.999946780809711
"old ID vs old CD","Upregulated","Meg3",324.119114061653,0.502539145937103,0.00622349896437945,0.999946780809711
"old ID vs old CD","Upregulated","H2-T10",21.8388857776142,1.03196422810591,0.00988946645261812,0.999946780809711
"old ID vs old CD","Upregulated","Pydc3",31.8135352980813,0.714804533708964,0.0113925677095881,0.999946780809711
"old ID vs old CD","Upregulated","Gm14296",254.389150335274,0.711162465998071,0.0118657504228127,0.999946780809711
"old ID vs old CD","Upregulated","2310007L24Rik",26.1030996734823,0.904785627108946,0.0139522983582375,0.999946780809711
"old ID vs old CD","Upregulated","Gm10557",44.1202115032391,0.731832561283609,0.0150096148438872,0.999946780809711
"old ID vs old CD","Upregulated","Gm26621",41.80864480274,0.503732680883301,0.021158967196435,0.999946780809711
"old ID vs old CD","Upregulated","Tgtp2",303.79413960388,0.931859336526451,0.0215582256514868,0.999946780809711
"old ID vs old CD","Upregulated","1700109H08Rik",98.9790347033317,0.373469677006624,0.0228838660868895,0.999946780809711
"old ID vs old CD","Upregulated","Pydc4",51.6481274033202,0.730154571973536,0.0229540292713192,0.999946780809711
"old ID vs old CD","Upregulated","RP23-13A13.6",64.8793953579572,0.463832979552815,0.0238278234424027,0.999946780809711
"old ID vs old CD","Upregulated","A330023F24Rik",355.145174023782,0.268886637897269,0.027231573070664,0.999946780809711
"old ID vs old CD","Upregulated","Gm10032",8.51526159125313,1.75955117624158,0.0272585190594503,0.999946780809711
"old ID vs old CD","Upregulated","4833403I15Rik",186.15206935042,0.474667664238695,0.028610117372456,0.999946780809711
"old ID vs old CD","Upregulated","2410089E03Rik",172.026727667603,0.337505552103196,0.0318302355772563,0.999946780809711
"old ID vs old CD","Upregulated","Whsc1l1",610.004213311693,0.248164821596122,0.0341444600792413,0.999946780809711
"old ID vs old CD","Upregulated","Gpr64",58.6828871802492,0.638689761424111,0.0342937182129469,0.999946780809711
"old ID vs old CD","Upregulated","N28178",33.5846419960783,0.596620599033749,0.0345340809868644,0.999946780809711
"old ID vs old CD","Upregulated","Slc2a4rg-ps",43.3022377458413,0.557840505533818,0.0348869089314464,0.999946780809711
"old ID vs old CD","Upregulated","Hist1h1e",389.910104952201,0.269335336541795,0.036015076701708,0.999946780809711
"old ID vs old CD","Upregulated","Garem",263.424492372173,0.259526509795985,0.0378830786077854,0.999946780809711
"old ID vs old CD","Upregulated","Gm9917",76.5753815153985,0.391137294473204,0.0389701182387507,0.999946780809711
"old ID vs old CD","Upregulated","AI607873",275.46878160512,0.49655741762522,0.0436905467167952,0.999946780809711
"old ID vs old CD","Upregulated","Gm4245",924.125536377217,0.340115440115174,0.044368418764458,0.999946780809711
"old ID vs old CD","Upregulated","4933439C10Rik",53.2254811239764,0.46716307392964,0.0446065003512967,0.999946780809711
"old ID vs old CD","Upregulated","Etohi1",208.532702266799,0.312964296689714,0.0455069692029404,0.999946780809711
"old ID vs old CD","Upregulated","Zfp53",88.0402059794105,0.304111720211133,0.0460879566378184,0.999946780809711
"old ID vs old CD","Upregulated","Hmgb1-ps8",71.8820882751448,0.390886281356203,0.0465730926800706,0.999946780809711
"old ID vs old CD","Upregulated","Gvin1",1196.98190618675,0.487777479005118,0.0467900326785022,0.999946780809711
"old ID vs old CD","Upregulated","Gm5537",264.251351441896,0.332134978892918,0.0469573070550447,0.999946780809711
"old ID vs old CD","Upregulated","Fam173b",287.247136859554,0.195308747840964,0.0486039723645513,0.999946780809711
"old ID vs old CD","Upregulated","9930111J21Rik1",67.0679732339423,0.472035270984962,0.0489162203399637,0.999946780809711
"old ID vs old CD","Upregulated","Tgtp1",154.297843169407,0.968868854848529,0.0497170470986866,0.999946780809711
