"ontology","ID","Description","direction","age_NES","age_p.adjust","age_setSize","diet_NES","diet_p.adjust","diet_setSize","direction_label","best_p.adjust","worst_p.adjust"
"BP","GO:0006805","xenobiotic metabolic process","Down",-2.57413711956075,1.24899058701771e-09,87,-2.1231640367116,0.00016341292250246,92,"Down in young CD and old ID",1.24899058701771e-09,0.00016341292250246
"BP","GO:0008202","steroid metabolic process","Down",-1.98629685234969,3.6301479242442e-07,274,-1.76045987761462,0.00038350251532955,285,"Down in young CD and old ID",3.6301479242442e-07,0.00038350251532955
"BP","GO:0042178","xenobiotic catabolic process","Down",-2.1670833580839,0.00022932000326203,34,-2.16135517895286,0.00140470747665298,37,"Down in young CD and old ID",0.00022932000326203,0.00140470747665298
"BP","GO:0006720","isoprenoid metabolic process","Down",-2.33203360493496,2.76221642736204e-07,91,-1.9457658375054,0.00178792817864506,96,"Down in young CD and old ID",2.76221642736204e-07,0.00178792817864506
"BP","GO:0034370","triglyceride-rich lipoprotein particle remodeling","Down",-2.22081899031503,0.000278199034860333,15,-2.14605230243682,0.00184461998346701,15,"Down in young CD and old ID",0.000278199034860333,0.00184461998346701
"BP","GO:0034372","very-low-density lipoprotein particle remodeling","Down",-2.22081899031503,0.000278199034860333,15,-2.14605230243682,0.00184461998346701,15,"Down in young CD and old ID",0.000278199034860333,0.00184461998346701
"BP","GO:0046394","carboxylic acid biosynthetic process","Down",-1.86650983476043,7.43429270845638e-06,285,-1.66186490903147,0.00186442333463554,294,"Down in young CD and old ID",7.43429270845638e-06,0.00186442333463554
"BP","GO:0071466","cellular response to xenobiotic stimulus","Down",-2.35635995831933,7.30026815361345e-09,147,-1.8018619222762,0.00218584174685932,156,"Down in young CD and old ID",7.30026815361345e-09,0.00218584174685932
"BP","GO:0006641","triglyceride metabolic process","Down",-1.79749485832469,0.00226577972499455,106,-1.9031788922556,0.0024829037423073,106,"Down in young CD and old ID",0.00226577972499455,0.0024829037423073
"BP","GO:0016053","organic acid biosynthetic process","Down",-1.86042506856281,4.37278666584113e-06,288,-1.62592030996041,0.00367994777155324,297,"Down in young CD and old ID",4.37278666584113e-06,0.00367994777155324
"BP","GO:0019373","epoxygenase P450 pathway","Down",-2.38600259532446,1.28375365637164e-05,18,-2.12095808466438,0.0044145526348085,21,"Down in young CD and old ID",1.28375365637164e-05,0.0044145526348085
"BP","GO:0006721","terpenoid metabolic process","Down",-2.42365611608615,1.64324030773148e-07,77,-1.88199239397367,0.0059419319069628,82,"Down in young CD and old ID",1.64324030773148e-07,0.0059419319069628
"BP","GO:0010038","response to metal ion","Down",-1.69736160303901,0.000296389707910941,295,-1.57762155861515,0.00685775591587307,301,"Down in young CD and old ID",0.000296389707910941,0.00685775591587307
"BP","GO:0042775","mitochondrial ATP synthesis coupled electron transport","Down",-1.79695373269157,0.00794048632308108,71,-2.06880865583992,0.000628415978149084,71,"Down in young CD and old ID",0.000628415978149084,0.00794048632308108
"BP","GO:0042773","ATP synthesis coupled electron transport","Down",-1.77149729556959,0.00849507701471908,73,-2.06388959084051,0.000756542394806595,73,"Down in young CD and old ID",0.000756542394806595,0.00849507701471908
"BP","GO:0006119","oxidative phosphorylation","Down",-1.64059377661952,0.00915572020912234,123,-2.14222545144106,2.37799519779307e-05,123,"Down in young CD and old ID",2.37799519779307e-05,0.00915572020912234
"BP","GO:0015986","proton motive force-driven ATP synthesis","Down",-1.82928678988174,0.010581626975785,51,-2.25135321321442,8.22545532821132e-05,51,"Down in young CD and old ID",8.22545532821132e-05,0.010581626975785
"BP","GO:0042776","proton motive force-driven mitochondrial ATP synthesis","Down",-1.82928678988174,0.010581626975785,51,-2.25135321321442,8.22545532821132e-05,51,"Down in young CD and old ID",8.22545532821132e-05,0.010581626975785
"BP","GO:0033559","unsaturated fatty acid metabolic process","Down",-2.40921833551463,8.32740694822608e-09,107,-1.79463511286213,0.0107620000873091,115,"Down in young CD and old ID",8.32740694822608e-09,0.0107620000873091
"BP","GO:1901605","alpha-amino acid metabolic process","Down",-1.57194867732265,0.0122156458068385,178,-1.70781127975742,0.00780818146070734,182,"Down in young CD and old ID",0.00780818146070734,0.0122156458068385
"BP","GO:0016101","diterpenoid metabolic process","Down",-2.54372497273101,8.36338622833314e-09,65,-1.78798623866936,0.0146144564451325,70,"Down in young CD and old ID",8.36338622833314e-09,0.0146144564451325
"BP","GO:0008203","cholesterol metabolic process","Down",-1.61518698196955,0.014769470970097,133,-1.9248878512404,0.000992914458171789,137,"Down in young CD and old ID",0.000992914458171789,0.014769470970097
"BP","GO:0016125","sterol metabolic process","Down",-1.61596705464895,0.0155711721655998,137,-2.00531103117166,0.000194794669602139,141,"Down in young CD and old ID",0.000194794669602139,0.0155711721655998
"BP","GO:0050892","intestinal absorption","Down",-2.01208788588919,0.00208323953785077,34,-1.90604120854794,0.0161314053960019,38,"Down in young CD and old ID",0.00208323953785077,0.0161314053960019
"BP","GO:0006638","neutral lipid metabolic process","Down",-1.64362599318034,0.00686973922949998,131,-1.67174750149325,0.0188036543512878,131,"Down in young CD and old ID",0.00686973922949998,0.0188036543512878
"BP","GO:0006066","alcohol metabolic process","Down",-1.66688261961944,0.000715326244250944,294,-1.51460003875153,0.0218950443008697,302,"Down in young CD and old ID",0.000715326244250944,0.0218950443008697
"BP","GO:0006639","acylglycerol metabolic process","Down",-1.61488979688457,0.0139590050837941,130,-1.6739681727152,0.0227885956863363,130,"Down in young CD and old ID",0.0139590050837941,0.0227885956863363
"BP","GO:0032543","mitochondrial translation","Down",-1.61179743561857,0.0233080193572606,125,-2.23804776478535,5.00592042133518e-06,125,"Down in young CD and old ID",5.00592042133518e-06,0.0233080193572606
"BP","GO:0016050","vesicle organization","Down",-1.42583596793167,0.0254503379963668,319,-1.62102659944271,0.00291967502279299,321,"Down in young CD and old ID",0.00291967502279299,0.0254503379963668
"BP","GO:0051604","protein maturation","Down",-1.35867465970929,0.0265597885103212,468,-1.44611275052909,0.0113915498178263,478,"Down in young CD and old ID",0.0113915498178263,0.0265597885103212
"BP","GO:0019369","arachidonate metabolic process","Down",-2.51767136476758,1.34436369061731e-07,52,-1.76290991407932,0.0270453023630256,58,"Down in young CD and old ID",1.34436369061731e-07,0.0270453023630256
"BP","GO:0006631","fatty acid metabolic process","Down",-1.82591736085212,1.27814355917395e-06,376,-1.45381605036122,0.0281111089564531,389,"Down in young CD and old ID",1.27814355917395e-06,0.0281111089564531
"BP","GO:0097006","regulation of plasma lipoprotein particle levels","Down",-2.14294509008319,9.21222414035016e-05,69,-1.69460405355362,0.0293778292811346,70,"Down in young CD and old ID",9.21222414035016e-05,0.0293778292811346
"BP","GO:1902652","secondary alcohol metabolic process","Down",-1.51502225182111,0.0294927526179475,142,-1.84387901948551,0.00343201229886954,146,"Down in young CD and old ID",0.00343201229886954,0.0294927526179475
"BP","GO:0007586","digestion","Down",-1.8921496285461,0.00208323953785077,85,-1.65169771071558,0.0300822243870808,89,"Down in young CD and old ID",0.00208323953785077,0.0300822243870808
"BP","GO:0009206","purine ribonucleoside triphosphate biosynthetic process","Down",-1.60599312512372,0.0304764995208703,87,-1.88492449979336,0.00425421642938414,88,"Down in young CD and old ID",0.00425421642938414,0.0304764995208703
"BP","GO:0022900","electron transport chain","Down",-1.58369254678412,0.031017788649167,97,-1.96830039299114,0.00179866020231618,97,"Down in young CD and old ID",0.00179866020231618,0.031017788649167
"BP","GO:0022904","respiratory electron transport chain","Down",-1.57309450156902,0.0334229392801308,91,-2.01015181928708,0.00083400194038968,91,"Down in young CD and old ID",0.00083400194038968,0.0334229392801308
"BP","GO:0009145","purine nucleoside triphosphate biosynthetic process","Down",-1.60006837217405,0.0343983703219313,88,-1.86811586120447,0.00433586176775583,89,"Down in young CD and old ID",0.00433586176775583,0.0343983703219313
"BP","GO:0009259","ribonucleotide metabolic process","Down",-1.38148228800578,0.0364007348652542,318,-1.43610025067946,0.0295151040603467,322,"Down in young CD and old ID",0.0295151040603467,0.0364007348652542
"BP","GO:0008206","bile acid metabolic process","Down",-1.673635259197,0.0366543813033498,42,-1.8546553538128,0.0285810816591182,44,"Down in young CD and old ID",0.0285810816591182,0.0366543813033498
"BP","GO:0006520","amino acid metabolic process","Down",-1.42882490107091,0.0389929168633068,227,-1.63400534038995,0.00843481885979649,232,"Down in young CD and old ID",0.00843481885979649,0.0389929168633068
"BP","GO:0042157","lipoprotein metabolic process","Down",-1.61470674405425,0.0334005700595801,74,-1.69540922614364,0.0406614472210511,75,"Down in young CD and old ID",0.0334005700595801,0.0406614472210511
"BP","GO:0120254","olefinic compound metabolic process","Down",-2.36013064530451,1.94012567195441e-09,138,-1.59499237066771,0.041078692445739,149,"Down in young CD and old ID",1.94012567195441e-09,0.041078692445739
"BP","GO:1901658","glycosyl compound catabolic process","Down",-1.7915475254044,0.0419420787876348,20,-1.83134346808703,0.0392002113228997,21,"Down in young CD and old ID",0.0392002113228997,0.0419420787876348
"BP","GO:0008652","amino acid biosynthetic process","Down",-1.56483292134343,0.0434825094565952,64,-1.82699207987863,0.01407069917034,66,"Down in young CD and old ID",0.01407069917034,0.0434825094565952
"BP","GO:0036295","cellular response to increased oxygen levels","Down",-1.74274491560636,0.0285864314784845,12,-1.78100800694444,0.0446469674124839,12,"Down in young CD and old ID",0.0285864314784845,0.0446469674124839
"BP","GO:0009142","nucleoside triphosphate biosynthetic process","Down",-1.47762379839617,0.0453384676240117,98,-1.70376801765456,0.0289011852390857,99,"Down in young CD and old ID",0.0289011852390857,0.0453384676240117
"BP","GO:0006953","acute-phase response","Down",-2.57801577324881,2.46937925404176e-07,38,-1.76921580708672,0.0477629814999539,38,"Down in young CD and old ID",2.46937925404176e-07,0.0477629814999539
"BP","GO:0034368","protein-lipid complex remodeling","Down",-2.29403519647504,6.80581985399088e-05,26,-1.819355158835,0.0502029666263681,26,"Down in young CD and old ID",6.80581985399088e-05,0.0502029666263681
"BP","GO:0034369","plasma lipoprotein particle remodeling","Down",-2.29403519647504,6.80581985399088e-05,26,-1.819355158835,0.0502029666263681,26,"Down in young CD and old ID",6.80581985399088e-05,0.0502029666263681
"BP","GO:1902222","erythrose 4-phosphate/phosphoenolpyruvate family amino acid catabolic process","Down",-2.102366048884,0.00137118257394623,13,-1.80194718534324,0.0502863199277704,13,"Down in young CD and old ID",0.00137118257394623,0.0502863199277704
"BP","GO:0009144","purine nucleoside triphosphate metabolic process","Down",-1.38189198683766,0.0508774751754798,238,-1.47455290130005,0.0475274049668786,240,"Down in young CD and old ID",0.0475274049668786,0.0508774751754798
"BP","GO:0044282","small molecule catabolic process","Down",-1.34667518810922,0.0511406920108365,316,-1.41422976510703,0.0378756241737058,322,"Down in young CD and old ID",0.0378756241737058,0.0511406920108365
"BP","GO:0009074","aromatic amino acid family catabolic process","Down",-2.18985095465941,0.000424281587648754,17,-1.81376883668963,0.0512966089862355,18,"Down in young CD and old ID",0.000424281587648754,0.0512966089862355
"BP","GO:0009820","alkaloid metabolic process","Down",-1.84389882906353,0.0156413639479695,10,-1.78227733668373,0.0522615328049959,10,"Down in young CD and old ID",0.0156413639479695,0.0522615328049959
"BP","GO:0009201","ribonucleoside triphosphate biosynthetic process","Down",-1.51653155239603,0.0524188883922076,91,-1.74815078689942,0.0232564591336501,92,"Down in young CD and old ID",0.0232564591336501,0.0524188883922076
"BP","GO:0170039","proteinogenic amino acid metabolic process","Down",-1.45911935003921,0.0528816013838219,146,-1.68715152115161,0.0155624877534389,149,"Down in young CD and old ID",0.0155624877534389,0.0528816013838219
"BP","GO:0019693","ribose phosphate metabolic process","Down",-1.3767566397582,0.0450692107251595,325,-1.39413908652386,0.0547878020785182,329,"Down in young CD and old ID",0.0450692107251595,0.0547878020785182
"BP","GO:0034367","protein-containing complex remodeling","Down",-2.10891655280992,0.0011247935607901,27,-1.7680843603503,0.0576341148592104,27,"Down in young CD and old ID",0.0011247935607901,0.0576341148592104
"BP","GO:0062012","regulation of small molecule metabolic process","Down",-1.381032418612,0.0365665192263961,332,-1.38099417274322,0.0621708286968439,334,"Down in young CD and old ID",0.0365665192263961,0.0621708286968439
"BP","GO:0022600","digestive system process","Down",-1.91050560387016,0.00165213893695647,80,-1.61182233532956,0.0633728262195455,84,"Down in young CD and old ID",0.00165213893695647,0.0633728262195455
"BP","GO:0006558","L-phenylalanine metabolic process","Down",-1.73005834249452,0.0413805024119708,10,-1.75193937035701,0.0633728262195455,10,"Down in young CD and old ID",0.0413805024119708,0.0633728262195455
"BP","GO:0001523","retinoid metabolic process","Down",-2.5208170427186,2.01957244389074e-08,62,-1.63858395603496,0.0648980447083308,67,"Down in young CD and old ID",2.01957244389074e-08,0.0648980447083308
"BP","GO:0070988","demethylation","Down",-2.19186332369276,0.000277757787613734,19,-1.74764587215855,0.0668805757969897,21,"Down in young CD and old ID",0.000277757787613734,0.0668805757969897
"BP","GO:0006891","intra-Golgi vesicle-mediated transport","Down",-1.66060661468043,0.0673025827042207,29,-1.86878946138855,0.0343248242822072,29,"Down in young CD and old ID",0.0343248242822072,0.0673025827042207
"BP","GO:0072599","establishment of protein localization to endoplasmic reticulum","Down",-1.63001729656042,0.0704330307742228,38,-1.79345346214632,0.0402183975612957,38,"Down in young CD and old ID",0.0402183975612957,0.0704330307742228
"BP","GO:0009636","response to toxic substance","Down",-2.07390850834563,5.43855102257044e-07,192,-1.48540664781655,0.0715540857665317,194,"Down in young CD and old ID",5.43855102257044e-07,0.0715540857665317
"BP","GO:0036257","multivesicular body organization","Down",-1.66239225696591,0.0692266769597812,18,-1.75742891471168,0.0722186250976919,18,"Down in young CD and old ID",0.0692266769597812,0.0722186250976919
"BP","GO:0140053","mitochondrial gene expression","Down",-1.42447260847222,0.0734531737846324,162,-2.05126303933154,7.72661001821905e-05,162,"Down in young CD and old ID",7.72661001821905e-05,0.0734531737846324
"BP","GO:0034447","very-low-density lipoprotein particle clearance","Down",-1.62510301380404,0.073609115129482,10,-1.84711872492042,0.0315904371209974,10,"Down in young CD and old ID",0.0315904371209974,0.073609115129482
"BP","GO:0170033","L-amino acid metabolic process","Down",-1.43969170516638,0.0739898971214924,149,-1.68246500844506,0.0152862098225298,152,"Down in young CD and old ID",0.0152862098225298,0.0739898971214924
"BP","GO:0009205","purine ribonucleoside triphosphate metabolic process","Down",-1.37960935529655,0.0740725282963562,231,-1.52671955720462,0.0215400646180056,233,"Down in young CD and old ID",0.0215400646180056,0.0740725282963562
"BP","GO:0006754","ATP biosynthetic process","Down",-1.50105442673385,0.075497784874286,77,-1.80596851272417,0.0145838163007373,78,"Down in young CD and old ID",0.0145838163007373,0.075497784874286
"BP","GO:1902600","proton transmembrane transport","Down",-1.59371057532472,0.019982585099679,109,-1.52068840144104,0.0763916827572294,108,"Down in young CD and old ID",0.019982585099679,0.0763916827572294
"BP","GO:0046034","ATP metabolic process","Down",-1.33776541788008,0.073609115129482,211,-1.43475482463742,0.0765745650489965,212,"Down in young CD and old ID",0.073609115129482,0.0765745650489965
"BP","GO:2001234","negative regulation of apoptotic signaling pathway","Down",-1.37113580060255,0.0773213096078764,221,-1.50949358453264,0.0348917043796372,223,"Down in young CD and old ID",0.0348917043796372,0.0773213096078764
"BP","GO:0044872","lipoprotein localization","Down",-1.62081058948266,0.0780108418979712,23,-1.76836015807147,0.0748125566248283,23,"Down in young CD and old ID",0.0748125566248283,0.0780108418979712
"BP","GO:0009410","response to xenobiotic stimulus","Down",-1.76765249091774,2.91930156459029e-05,349,-1.39889289375051,0.0800317024543703,367,"Down in young CD and old ID",2.91930156459029e-05,0.0800317024543703
"BP","GO:0045047","protein targeting to ER","Down",-1.58568610787641,0.0807951220778988,34,-1.81284177805135,0.0472123463519529,34,"Down in young CD and old ID",0.0472123463519529,0.0807951220778988
"BP","GO:0009141","nucleoside triphosphate metabolic process","Down",-1.32503562372365,0.0799772250952442,252,-1.38570704345902,0.0815747254795458,255,"Down in young CD and old ID",0.0799772250952442,0.0815747254795458
"BP","GO:0036258","multivesicular body assembly","Down",-1.63933141617689,0.0823735242178784,17,-1.84356628771953,0.0311641537512282,17,"Down in young CD and old ID",0.0311641537512282,0.0823735242178784
"BP","GO:0019216","regulation of lipid metabolic process","Down",-1.3646597200072,0.052205166844439,317,-1.36684688885109,0.0866057475983065,318,"Down in young CD and old ID",0.052205166844439,0.0866057475983065
"BP","GO:0055092","sterol homeostasis","Down",-1.55967458382082,0.0676726641768597,83,-1.52703397355346,0.0871752877332542,85,"Down in young CD and old ID",0.0676726641768597,0.0871752877332542
"BP","GO:0000966","RNA 5'-end processing","Down",-1.6442522954975,0.0750137217272325,24,-1.70027002513939,0.088030744376616,24,"Down in young CD and old ID",0.0750137217272325,0.088030744376616
"BP","GO:0009164","nucleoside catabolic process","Down",-1.81055357411429,0.0343983703219313,15,-1.66561620487801,0.0924375307572024,16,"Down in young CD and old ID",0.0343983703219313,0.0924375307572024
"BP","GO:0072330","monocarboxylic acid biosynthetic process","Down",-1.62339834012669,0.00387827764424007,194,-1.44514447547257,0.0939564369700696,200,"Down in young CD and old ID",0.00387827764424007,0.0939564369700696
"BP","GO:0042632","cholesterol homeostasis","Down",-1.61656816194787,0.0312812008866083,82,-1.54070212605941,0.0953877955619742,84,"Down in young CD and old ID",0.0312812008866083,0.0953877955619742
"BP","GO:0034377","plasma lipoprotein particle assembly","Down",-1.73803869309512,0.0325679432602345,26,-1.71160706919169,0.0954801935046576,26,"Down in young CD and old ID",0.0325679432602345,0.0954801935046576
"BP","GO:1904478","regulation of intestinal absorption","Down",-1.86436455109089,0.0119610718461271,12,-1.71138771202123,0.0960633890279898,14,"Down in young CD and old ID",0.0119610718461271,0.0960633890279898
"BP","GO:1901657","glycosyl compound metabolic process","Down",-1.43757956853805,0.0978100404163773,64,-1.77614238132726,0.0266503009943414,65,"Down in young CD and old ID",0.0266503009943414,0.0978100404163773
"BP","GO:0009150","purine ribonucleotide metabolic process","Down",-1.3497242523572,0.0870320114837524,300,-1.38377853034575,0.0987871801949934,303,"Down in young CD and old ID",0.0870320114837524,0.0987871801949934
"BP","GO:0034381","plasma lipoprotein particle clearance","Down",-1.99109629686407,0.00210372509768787,43,-1.67950022207084,0.0992075098255955,44,"Down in young CD and old ID",0.00210372509768787,0.0992075098255955
"BP","GO:0061138","morphogenesis of a branching epithelium","Up",1.62634996953505,0.00394050009587436,185,1.76230287952544,0.000895170806829253,188,"Up in young CD and old ID",0.000895170806829253,0.00394050009587436
"BP","GO:0048754","branching morphogenesis of an epithelial tube","Up",1.73612717111306,0.0012673050618874,154,1.7535387980459,0.0059419319069628,157,"Up in young CD and old ID",0.0012673050618874,0.0059419319069628
"BP","GO:0001763","morphogenesis of a branching structure","Up",1.60212208953652,0.00361699389885106,199,1.66189552426551,0.00606367265921452,203,"Up in young CD and old ID",0.00361699389885106,0.00606367265921452
"BP","GO:0030198","extracellular matrix organization","Up",1.50074938198231,0.00733436492109095,251,2.35588178789258,1.61063765489194e-11,249,"Up in young CD and old ID",1.61063765489194e-11,0.00733436492109095
"BP","GO:0043062","extracellular structure organization","Up",1.50074938198231,0.00733436492109095,251,2.35588178789258,1.61063765489194e-11,249,"Up in young CD and old ID",1.61063765489194e-11,0.00733436492109095
"BP","GO:0045229","external encapsulating structure organization","Up",1.50074938198231,0.00733436492109095,251,2.35588178789258,1.61063765489194e-11,249,"Up in young CD and old ID",1.61063765489194e-11,0.00733436492109095
"BP","GO:0001501","skeletal system development","Up",1.66510718813804,1.08246810915579e-05,446,1.42597447301066,0.020655314601592,448,"Up in young CD and old ID",1.08246810915579e-05,0.020655314601592
"BP","GO:0042063","gliogenesis","Up",1.34556843589582,0.0285864314784845,326,1.69788497605133,0.000478308627768213,331,"Up in young CD and old ID",0.000478308627768213,0.0285864314784845
"BP","GO:0001503","ossification","Up",1.46732146026008,0.00474016519448086,348,1.41549552042822,0.0378756241737058,354,"Up in young CD and old ID",0.00474016519448086,0.0378756241737058
"BP","GO:0007492","endoderm development","Up",1.69351232255842,0.0152560690994869,66,1.65792065933176,0.0423993023404058,68,"Up in young CD and old ID",0.0152560690994869,0.0423993023404058
"BP","GO:0035567","non-canonical Wnt signaling pathway","Up",1.92591186301677,0.00282109156544577,53,1.71432378657484,0.0499671280496443,54,"Up in young CD and old ID",0.00282109156544577,0.0499671280496443
"BP","GO:0060348","bone development","Up",1.4096178775107,0.0244993594616789,198,1.45347278077692,0.0599598316621041,198,"Up in young CD and old ID",0.0244993594616789,0.0599598316621041
"BP","GO:0014037","Schwann cell differentiation","Up",1.69029557869636,0.034027962867291,50,1.68889024308109,0.0671475025355263,51,"Up in young CD and old ID",0.034027962867291,0.0671475025355263
"BP","GO:0030199","collagen fibril organization","Up",1.56370220519658,0.0708739460585435,54,1.9101634385271,0.0143428355830528,54,"Up in young CD and old ID",0.0143428355830528,0.0708739460585435
"BP","GO:0001704","formation of primary germ layer","Up",1.69800383074852,0.00501681234210016,98,1.49641309746815,0.0720894405708668,102,"Up in young CD and old ID",0.00501681234210016,0.0720894405708668
"BP","GO:0007369","gastrulation","Up",1.6286704068029,0.00585821231226262,155,1.4647139923572,0.0722186250976919,159,"Up in young CD and old ID",0.00585821231226262,0.0722186250976919
"BP","GO:0007416","synapse assembly","Up",1.33194859458613,0.0756805054566316,235,1.40987280163273,0.0763916827572294,237,"Up in young CD and old ID",0.0756805054566316,0.0763916827572294
"BP","GO:1903053","regulation of extracellular matrix organization","Up",1.46707653286921,0.0781985547709029,62,1.75182924838614,0.0279914083902709,62,"Up in young CD and old ID",0.0279914083902709,0.0781985547709029
"BP","GO:0048705","skeletal system morphogenesis","Up",1.85247509661671,2.29647269123675e-05,209,1.36820885586134,0.0907144833016657,212,"Up in young CD and old ID",2.29647269123675e-05,0.0907144833016657
"BP","GO:0060562","epithelial tube morphogenesis","Up",1.74740838742237,1.38365089097124e-05,320,1.3315811869101,0.0924375307572024,327,"Up in young CD and old ID",1.38365089097124e-05,0.0924375307572024
"CC","GO:0098803","respiratory chain complex","Down",-2.0399386918715,7.73376454329476e-05,81,-2.2440146882974,6.3050600828584e-06,82,"Down in young CD and old ID",6.3050600828584e-06,7.73376454329476e-05
"CC","GO:0000502","proteasome complex","Down",-2.43665049435518,1.37497999706762e-07,61,-2.02357307734056,0.000783476671483833,62,"Down in young CD and old ID",1.37497999706762e-07,0.000783476671483833
"CC","GO:0032994","protein-lipid complex","Down",-2.20013399290391,7.82851420373847e-05,41,-2.1176441130717,0.000906396656798197,42,"Down in young CD and old ID",7.82851420373847e-05,0.000906396656798197
"CC","GO:0034358","plasma lipoprotein particle","Down",-2.22432475516952,5.94688967803116e-05,38,-2.11959729743497,0.00133569515133723,39,"Down in young CD and old ID",5.94688967803116e-05,0.00133569515133723
"CC","GO:1990777","lipoprotein particle","Down",-2.22432475516952,5.94688967803116e-05,38,-2.11959729743497,0.00133569515133723,39,"Down in young CD and old ID",5.94688967803116e-05,0.00133569515133723
"CC","GO:0030964","NADH dehydrogenase complex","Down",-1.98360401021813,0.00186626228232053,45,-2.35364957965458,6.3050600828584e-06,45,"Down in young CD and old ID",6.3050600828584e-06,0.00186626228232053
"CC","GO:0045271","respiratory chain complex I","Down",-1.98360401021813,0.00186626228232053,45,-2.35364957965458,6.3050600828584e-06,45,"Down in young CD and old ID",6.3050600828584e-06,0.00186626228232053
"CC","GO:1905369","endopeptidase complex","Down",-2.27280633027448,4.56827644494222e-07,90,-1.85274662578341,0.00291036552142261,91,"Down in young CD and old ID",4.56827644494222e-07,0.00291036552142261
"CC","GO:0005838","proteasome regulatory particle","Down",-2.33457131466128,5.16771777560642e-05,21,-2.0715531925286,0.00371591735459383,21,"Down in young CD and old ID",5.16771777560642e-05,0.00371591735459383
"CC","GO:0034364","high-density lipoprotein particle","Down",-2.28929552983889,2.46728675560443e-05,31,-1.98522278919073,0.00643148607104412,32,"Down in young CD and old ID",2.46728675560443e-05,0.00643148607104412
"CC","GO:0000313","organellar ribosome","Down",-1.76129315238849,0.00935336769231462,85,-2.18235731539545,9.65914036464273e-06,85,"Down in young CD and old ID",9.65914036464273e-06,0.00935336769231462
"CC","GO:0005761","mitochondrial ribosome","Down",-1.76129315238849,0.00935336769231462,85,-2.18235731539545,9.65914036464273e-06,85,"Down in young CD and old ID",9.65914036464273e-06,0.00935336769231462
"CC","GO:0030658","transport vesicle membrane","Down",-1.52964767254321,0.00935336769231462,185,-1.89357561352777,0.000131404669465948,187,"Down in young CD and old ID",0.000131404669465948,0.00935336769231462
"CC","GO:0030662","coated vesicle membrane","Down",-1.59151083510784,0.0112986840011676,109,-1.9893775352587,0.000127603423867792,109,"Down in young CD and old ID",0.000127603423867792,0.0112986840011676
"CC","GO:1905368","peptidase complex","Down",-1.9662437141021,0.000120555160589299,117,-1.67315219799041,0.0116232421723554,118,"Down in young CD and old ID",0.000120555160589299,0.0116232421723554
"CC","GO:0022624","proteasome accessory complex","Down",-2.27329733292363,6.51531562226233e-05,24,-1.94727441417765,0.0154214083777388,24,"Down in young CD and old ID",6.51531562226233e-05,0.0154214083777388
"CC","GO:0042627","chylomicron","Down",-2.05113847583607,0.00252397487740887,12,-1.83913685410998,0.0161706807754046,12,"Down in young CD and old ID",0.00252397487740887,0.0161706807754046
"CC","GO:0034361","very-low-density lipoprotein particle","Down",-1.97451001826917,0.00675775130285649,23,-1.93644459634123,0.016229163570876,24,"Down in young CD and old ID",0.00675775130285649,0.016229163570876
"CC","GO:0034385","triglyceride-rich plasma lipoprotein particle","Down",-1.97451001826917,0.00675775130285649,23,-1.93644459634123,0.016229163570876,24,"Down in young CD and old ID",0.00675775130285649,0.016229163570876
"CC","GO:0005774","vacuolar membrane","Down",-1.41418336674665,0.0197493225615409,319,-1.4830917443783,0.0140644679380234,326,"Down in young CD and old ID",0.0140644679380234,0.0197493225615409
"CC","GO:0031083","BLOC-1 complex","Down",-1.85197799105863,0.0216748751516253,12,-1.84344679239487,0.0155275580285473,12,"Down in young CD and old ID",0.0155275580285473,0.0216748751516253
"CC","GO:0000315","organellar large ribosomal subunit","Down",-1.65996047501631,0.0246174381847795,52,-1.89577929199268,0.00511636746766474,52,"Down in young CD and old ID",0.00511636746766474,0.0246174381847795
"CC","GO:0005762","mitochondrial large ribosomal subunit","Down",-1.65996047501631,0.0246174381847795,52,-1.89577929199268,0.00511636746766474,52,"Down in young CD and old ID",0.00511636746766474,0.0246174381847795
"CC","GO:0140534","endoplasmic reticulum protein-containing complex","Down",-1.54687673952553,0.0246174381847795,123,-1.78654107052781,0.0036830837041406,125,"Down in young CD and old ID",0.0036830837041406,0.0246174381847795
"CC","GO:0098798","mitochondrial protein-containing complex","Down",-1.47721569691827,0.0246174381847795,164,-2.3179265846976,7.28241218027882e-09,164,"Down in young CD and old ID",7.28241218027882e-09,0.0246174381847795
"CC","GO:0030672","synaptic vesicle membrane","Down",-1.51236633185896,0.0369848415379449,120,-1.78461751107022,0.0034823297278191,121,"Down in young CD and old ID",0.0034823297278191,0.0369848415379449
"CC","GO:0099501","exocytic vesicle membrane","Down",-1.51236633185896,0.0369848415379449,120,-1.78461751107022,0.0034823297278191,121,"Down in young CD and old ID",0.0034823297278191,0.0369848415379449
"CC","GO:0044391","ribosomal subunit","Down",-2.84900450695923,8.24385978586948e-22,174,-1.52249453041303,0.0375569418339276,174,"Down in young CD and old ID",8.24385978586948e-22,0.0375569418339276
"CC","GO:0034362","low-density lipoprotein particle","Down",-1.81839566824773,0.0391339661433607,13,-1.85445862551016,0.0269019831943318,13,"Down in young CD and old ID",0.0269019831943318,0.0391339661433607
"CC","GO:0005798","Golgi-associated vesicle","Down",-1.5273849898326,0.0391339661433607,84,-1.64361092732733,0.03654803049892,84,"Down in young CD and old ID",0.03654803049892,0.0391339661433607
"CC","GO:0030133","transport vesicle","Down",-1.37627561214667,0.0411144668119476,337,-1.45603063852319,0.0188102300525107,336,"Down in young CD and old ID",0.0188102300525107,0.0411144668119476
"CC","GO:0030665","clathrin-coated vesicle membrane","Down",-1.61427218624478,0.0415003081227432,61,-1.74654960621136,0.00743865633198054,61,"Down in young CD and old ID",0.00743865633198054,0.0415003081227432
"CC","GO:0008540","proteasome regulatory particle, base subcomplex","Down",-2.05730518768876,0.00242562167785974,12,-1.68831717162149,0.0472818150125811,12,"Down in young CD and old ID",0.00242562167785974,0.0472818150125811
"CC","GO:0070069","cytochrome complex","Down",-1.61916882758892,0.0555257840856948,34,-1.77877312453481,0.0275392312820039,35,"Down in young CD and old ID",0.0275392312820039,0.0555257840856948
"CC","GO:0005840","ribosome","Down",-2.78587870162867,8.24385978586948e-22,220,-1.40616213508244,0.0639278687108079,220,"Down in young CD and old ID",8.24385978586948e-22,0.0639278687108079
"CC","GO:0030135","coated vesicle","Down",-1.40981705943324,0.06666695533765,219,-1.66519694239735,0.00291036552142261,220,"Down in young CD and old ID",0.00291036552142261,0.06666695533765
"CC","GO:0005777","peroxisome","Down",-1.43327375678185,0.0701895806071713,131,-1.54305503421585,0.0302397282678386,132,"Down in young CD and old ID",0.0302397282678386,0.0701895806071713
"CC","GO:0042579","microbody","Down",-1.43327375678185,0.0701895806071713,131,-1.54305503421585,0.0302397282678386,132,"Down in young CD and old ID",0.0302397282678386,0.0701895806071713
"CC","GO:0000421","autophagosome membrane","Down",-1.62153030736759,0.0633953008197103,47,-1.62790814492564,0.0748495648493309,48,"Down in young CD and old ID",0.0633953008197103,0.0748495648493309
"CC","GO:0030660","Golgi-associated vesicle membrane","Down",-1.5083546492864,0.091428518873727,41,-1.85768083849191,0.0133576812982398,42,"Down in young CD and old ID",0.0133576812982398,0.091428518873727
"CC","GO:0005581","collagen trimer","Up",1.72518555205773,0.0125293630157418,66,2.33865560849892,6.3050600828584e-06,66,"Up in young CD and old ID",6.3050600828584e-06,0.0125293630157418
"CC","GO:0098644","complex of collagen trimers","Up",2.16364774122109,0.00160047108800723,18,1.8138761982045,0.031020066745213,18,"Up in young CD and old ID",0.00160047108800723,0.031020066745213
"CC","GO:0005583","fibrillar collagen trimer","Up",1.91609229421303,0.0142290865513402,10,1.77385547491683,0.0661065150379457,10,"Up in young CD and old ID",0.0142290865513402,0.0661065150379457
"CC","GO:0098643","fibrillar collagen","Up",1.91609229421303,0.0142290865513402,10,1.77385547491683,0.0661065150379457,10,"Up in young CD and old ID",0.0142290865513402,0.0661065150379457
