tissue,sample.clean,group,diet,cohort,animal,PC1,PC2,PC3,PC4,PC5,PC6,PC7,PC8,PC9,PC10,PC11,PC12,PC13,PC14,PC15,PC16,PC17
Liver,1M1,Old CD,CD,1,1,-13.672883912929104,30.34906846537347,0.8546180985636673,-7.478038616820737,-3.3734008317796227,6.594916405862286,-9.314230369453773,-0.06467514130626263,0.31028920253463355,5.333919961256388,-7.165249082254432,-9.09238951345445,0.3446563715783049,-9.349583198645485,-1.4687100234544992,-5.959936981606479,-1.0859138517011296e-14
Liver,1M2,Old CD,CD,1,2,-17.733198117025527,-3.7575015818372988,-3.361950946833442,-3.3137868754228488,-0.31330938260576585,3.7834434575308236,-5.927520915954067,14.391241710997818,2.943265673141933,5.5591643896466385,5.139879569027045,1.6529549316468537,6.0642930584140595,12.11384218144222,10.01607088659621,-6.568561554561355,1.9317532746423436e-15
Liver,1M4,Old CD,CD,1,4,-12.247087907289844,4.532404488803921,-6.952444768778811,0.2977121134464117,-6.3107030622752704,-0.8648588954347773,4.281658029515742,-3.571343926489828,14.264758549061582,-0.2508197010992467,1.0089135916577536,-8.52618908224218,2.7722813198736547,2.5481418022562092,3.192294376447266,16.09755966368586,1.6192524563863987e-14
Liver,1M10,Old CD,CD,1,10,-23.592227997733243,-6.4171667431485995,-15.677897507850023,2.522881996246403,12.902113430429921,-16.8688118974213,-4.898858693893279,-4.5353561944814125,-14.326919599055989,5.1957014212383434,1.0802188375198385,-3.6921995652813933,-3.3378090850781303,-0.35612313188369854,-0.19000516787507696,2.6596217198364145,1.720866532329935e-14
Liver,1M11,Old CD,CD,1,11,-19.731467273927734,-24.977274147985533,4.708236705315042,-14.13381838833301,2.8381109898135115,16.50944938736786,5.172674468843451,-3.5122783601785437,-1.5490089139875318,4.917005588334907,-9.494674364774262,4.63130742694204,-3.6939658791095815,-0.5806204941156513,-4.03288239165906,2.361688800103944,7.289192613676463e-15
Liver,2M16,Old CD,CD,2,16,16.288087143645555,3.0743430492314676,-21.45731274825548,3.0357603020497135,3.40900101924224,12.466937381560198,-5.505252501505595,1.5177886209529152,1.4127418795712292,-8.522467431141928,5.1494626053400845,-1.6211873250489852,-15.478908593942416,3.911328442681346,-1.9314761831575509,-1.0385562814798182,1.0128637183486985e-14
Liver,2M17,Old CD,CD,2,17,18.46050961697331,5.076297415625886,-21.77802147127788,0.12027155349124602,-4.734487284520427,4.185594739523248,7.621071204365748,-14.867685769346553,-3.8098483386106943,2.263270208174982,-1.4198732424327174,4.95764421368823,12.869533938622368,2.99744401461602,0.1413119340640298,-4.451996147687012,1.1585846340925762e-14
Liver,2M20,Old CD,CD,2,20,14.465032447777302,-4.68541279127494,-3.300906511958191,-5.656106957028162,-5.4364745447933025,-4.7962936336484665,-3.817616184783592,2.9760369662130217,5.668912924595834,10.541203364422353,9.792624088679522,11.717929277065192,-3.112991971601391,-13.787830307555595,2.9930637759789493,2.258743647356215,1.956122682109484e-14
Liver,1M5,Old ID,ID,1,5,-7.797660714227125,23.37905926847116,18.05467158535674,-0.705610585041841,2.2815371400644455,4.561198690096274,-0.04643555210357301,-3.4360618742892606,-11.371633402174723,-7.30619882489008,4.61310689024536,11.705346150476892,-0.5428008063249881,3.205870483455972,3.7796485477423296,7.231296209347239,1.287723301871389e-14
Liver,1M6,Old ID,ID,1,6,-10.503984260049517,0.6436016571063281,11.681971153298546,26.0100771569502,-7.599961192329726,-3.058746215920271,6.331937485507371,-8.031399092536672,6.033290813285677,6.964406184403848,-2.8591520074767875,2.370106951115743,-8.791699250546586,3.048031976223768,1.1169860980928186,-6.383363350467056,1.913599372092535e-14
Liver,1M7,Old ID,ID,1,7,-10.686728765850281,5.093681652533855,-0.8367838001574213,3.667504434535387,-0.7874767028255415,-3.8963297310843847,4.626288235547373,10.596176182875878,3.075456457445463,-1.774605881730665,5.238064900865572,3.7491121603597755,5.2618795074452045,1.7811506784586066,-19.434055478085103,-0.6311469848256076,1.1185838703425984e-14
Liver,1M9,Old ID,ID,1,9,-19.366265718437568,-12.868792109954724,1.1798947995292188,0.8220737726069836,0.46144116236228616,-2.281625288110457,3.375149184077382,-2.7715446378866324,3.9398292531108647,-18.900699421759626,3.8136334137794563,-1.476262535638622,4.036445428943771,-10.24135523937792,4.726219587159481,-6.861331958328546,1.0393308487386312e-14
Liver,2M22,Old ID,ID,2,22,15.61668799572992,4.693428007244534,-5.3042565759456854,-1.2836028998872815,-3.8060065560949443,-8.28084422557755,14.944760012684151,15.59204195130941,-4.837035699091656,-3.3739131220863303,-14.188725327305146,1.0460483026863867,-3.2568884374734504,-1.7521327257275836,4.725322266590167,1.1780334958962806,3.0412819734631266e-15
Liver,2M23,Old ID,ID,2,23,16.633068708445915,-5.1907405217850755,15.633788647828771,-14.049911798761475,-8.621278222414947,-2.8783382335521246,9.743517490924637,-2.8759879390310674,-7.129555571843535,2.7764721801038603,11.192980181549908,-12.841233900234004,-3.179841517854672,3.3827770619729898,-1.0100169825490166,-3.0549533640667947,-2.135639904138483e-15
Liver,2M26,Old ID,ID,2,26,18.28635679260933,-15.172193665016533,7.552558149783079,20.168237025792624,-3.8931059176662592,9.03666136909509,-11.176961219153744,5.6911105317900175,-9.13946442258096,0.32016419507515326,-1.591355944629255,-6.071553661812196,7.698408148962381,-4.2021067765183275,-0.4706039468205877,5.084473188231738,2.1005604771420553e-14
Liver,2M31,Old ID,ID,2,31,14.109441435406563,-6.704477142488871,7.70700487341763,-10.377927065321204,-8.274433057659216,-13.3418292358921,-17.852055583830605,-5.713083661814508,5.250575875626827,-6.083291219024036,-8.96613486246094,3.5105303870607893,-0.6164037871472645,7.057512800927795,-2.8553962453762045,-0.7287931850974683,1.3308491360706732e-14
Liver,2M33,Old ID,ID,2,33,21.472320526882086,2.9316746991009643,11.29683031796424,0.35428483149755985,31.258433013052624,-0.8705240743943525,2.4418749092123866,-1.3849793667782904,9.264345318971106,2.3406881090754514,-1.3437192473310116,-2.01996421733008,2.963811555238736,0.22365243178932956,0.7022289463058332,-1.1927769163375843,1.3601664744823007e-14
Muscle,1M1,Old CD,CD,1,1,-7.796009834813438,0.6393884278936336,5.6179060864462755,-7.006460952762086,9.624535211568357,0.9599317696555876,14.168431174793346,3.4724427010278913,0.9264199060912419,5.820260795117337,6.136888332386013,10.06596724829315,2.6408730753425305,-7.082024226950977,3.844323370619741,-0.5914804851689063,8.588568235379049e-15
Muscle,1M2,Old CD,CD,1,2,-11.382883308285859,-3.0656594836437985,27.148210699515825,19.93620843061607,-5.919576110231991,4.775466140477203,-0.7909391308963974,-0.08768102632676099,3.255699177734967,0.8445307755689541,0.8937347421673579,-2.8572788167861596,-1.2987150008272714,-0.29386035444716946,1.6044046678554635,2.113845516195057,1.117619349384642e-14
Muscle,1M4,Old CD,CD,1,4,-8.598227673200977,-3.7188646608060125,0.04200084399974405,-2.371914497243409,5.380513944720166,-3.7947682474029167,5.197949502531156,-3.836530362041659,-0.2936790950335925,1.4724213154805246,-7.182835488063631,2.677561310263625,-5.630926338702715,1.209706031516537,-13.061256751228298,6.713937818702297,6.237466687994054e-15
Muscle,1M10,Old CD,CD,1,10,-6.493847375675514,-7.366089175129724,-5.3531442539458105,-2.5022739311492637,1.0793100024100313,3.0328491428717457,-5.550630782875988,0.9638746974461175,5.3290944353933964,0.49341015258738885,-3.6623743294789732,-3.1225565348333255,-10.75889419511927,-8.476152557578123,-0.4443456635041569,-9.59578719243157,1.0330529562317402e-14
Muscle,1M11,Old CD,CD,1,11,-11.429312221934419,-10.954606460029183,-5.929843635095653,-5.961376725775294,-10.787563514032366,8.198396735585838,-4.5234462832277025,9.535780736819214,-12.755190778124454,7.985405690451399,0.049146901829053125,1.4480170855488845,-1.054915313189994,5.20106328501902,1.6651733743595616,1.3097828944807437,-1.4817967200148843e-16
Muscle,2M16,Old CD,CD,2,16,0.729877780997722,2.319603472124328,-11.859819781370486,5.488399383511195,5.110351028682056,16.076387031532768,-0.84751309083903,-17.51632190400754,-2.764149776530708,3.8172786175404574,0.5894448877642866,-1.6366696898078614,4.12169882540902,-0.8721678065116255,1.2286068061766267,0.5695057757705022,1.127129052963205e-14
Muscle,2M17,Old CD,CD,2,17,11.203434962099161,5.794571950602922,-11.268547505830876,17.930199200374137,16.463552205167638,-0.98470729389049,3.123086929457819,12.034469566238899,-3.820844436112309,0.6994710895014059,-0.43670435395048535,-5.030206700393891,-0.4648820370246484,1.745145282242001,-0.3227513692478919,-0.39592718279638595,8.402858597758755e-15
Muscle,2M20,Old CD,CD,2,20,6.777982455886599,12.946450994443293,0.47629286474852733,4.648630978286084,-3.805374397422766,-8.780894667895726,-11.35927375703238,-3.2069783850182505,-4.620868398838644,1.5560181369186672,12.851963219958199,7.850941615378337,-2.4458801865121127,-0.8596959728035292,-4.824177171488616,-1.9593436625187055,5.929951868457474e-15
Muscle,1M5,Old ID,ID,1,5,-9.622341912320369,-2.599812014798579,4.572065596039398,-1.1923253485690304,4.283061588623688,-2.50719736091404,4.278447517937526,-3.5008719443829595,-2.0804778143586518,-8.99535888217416,-1.7610058791327248,3.4258989051841797,3.37567021616674,11.303466096597482,-0.5669751881991103,-9.760401843387935,9.798800520666398e-15
Muscle,1M6,Old ID,ID,1,6,-10.882925772174582,-8.307349886292311,-8.733825462943305,-5.5578583835428175,3.015785411301913,1.933500686763156,-6.266602143010799,4.700454946774825,14.675214854392264,-3.672687849029255,9.685643377986485,-4.024248122671996,5.536371594821815,2.6537587341852964,-2.0089542722795186,3.730360876973181,5.907619322671739e-15
Muscle,1M7,Old ID,ID,1,7,-3.445437793300074,-4.869462245448106,-9.542297493055454,2.1785827221846277,-1.1550331374997207,-10.759103076288003,1.322249575129238,-5.442114936240251,-0.7083311805678069,-7.1840712689656705,-0.14827980498531995,2.0793216220707618,-8.115347245851884,1.362045337972096,10.822182061165345,6.200383160573149,-3.3659356307299697e-15
Muscle,1M9,Old ID,ID,1,9,-6.392949228089587,-6.9776798050646915,-1.3664585989129718,0.691347951454733,-3.893332890715357,-16.031254467026336,-1.782158211437222,-2.3310374283075914,-5.893052975685546,1.60123180256709,-4.431410673993313,-6.768982941655678,11.28686978383376,-7.3432487640488295,-0.3640929951752583,-1.004106399262706,1.6900403454892173e-15
Muscle,2M22,Old ID,ID,2,22,4.654413381029312,16.27543058396691,5.82581101736296,-7.795965949393509,4.099267066927447,-4.912371945604843,-7.091980749099873,-0.39062838170986075,8.248645603673303,11.877152135416258,-8.881653543890758,0.25474899323281575,0.7794558208801944,5.556526644475423,4.562500754322425,0.1982673559065532,1.1387772782416667e-14
Muscle,2M23,Old ID,ID,2,23,3.0725054336338875,12.457657579815095,6.821258630087748,-7.7458244670467495,3.1676750882883327,9.018690821498554,-7.991004710770287,5.102933904898818,-4.44462963661028,-13.571790894076807,-6.440920806727532,3.437825172286721,2.9954490416566113,-5.382241616844872,0.48048721094105257,3.3075881437411403,5.570676250923632e-15
Muscle,2M26,Old ID,ID,2,26,10.53993692579108,6.471393724856646,-11.931112290355786,7.202731347194281,-21.848309949367096,2.2734379005933203,8.627298104760637,3.031920064037499,7.93336121106434,-1.5265288496537015,-4.607128904523507,5.285675197461291,2.767537791118422,-0.6105067450959808,-1.6797628216798282,-1.1420481582981932,8.910702408757894e-15
Muscle,2M31,Old ID,ID,2,31,4.943543781231739,15.069210349721862,5.5153959723111985,-12.594710534013679,-6.380285462960417,0.7286402217288426,9.935311754272496,-1.108502698869506,-3.4229241615544224,-1.5057150442915908,6.544056015928629,-13.767120360894792,-3.9959533591386975,0.9858921271347005,-0.7554450790455578,0.0243882778169023,-5.005180255100251e-15
Muscle,2M33,Old ID,ID,2,33,34.122240399125275,-24.114183352212315,9.966107310998707,-5.347389224125309,1.5654239145401836,0.7729966083153701,-0.4492256996925506,-1.4212095503388675,0.43571306506689406,0.2889722770417054,0.80143630672622,0.6811060173239495,0.2615875271375059,0.9022945051385429,-0.17991693359198901,0.2810351037048942,5.55679772082953e-15
