metabolite_tissue,metabolite,hormone,correlation_direction,pearson_r,pearson_p_value,pearson_p_adj_bh,n,n_outlier_removed,removed_samples,n_old_cd,n_old_id,clustering_category,old_diet_metabolite_cohens_d,old_diet_hormone_cohens_d,mean_metabolite_abundance__Old CD,mean_metabolite_abundance__Old ID,mean_metabolite_abundance__Young CD,mean_hormone_abundance__Old CD,mean_hormone_abundance__Old ID,mean_hormone_abundance__Young CD
Liver,Tetracosanoic acid,GLP-1,positive,0.8286011123391835,8.670011514705099e-4,0.5993076568054627,12,1,2M33,3,4,CD groups cluster; Old ID separate,1.0671757961318848,0.7707687524700032,956174.8321496913,1432709.2851174667,800819.7421713563,148.54000000000002,228.4175,113.734
Liver,Nonadecenoic acid,GLP-1,positive,0.7929610294331424,0.002091516559214547,0.6423820927965666,12,1,2M33,3,4,CD groups cluster; Old ID separate,1.59140994293417,0.7707687524700032,1825162.8878794566,3011870.05915675,1700859.810983292,148.54000000000002,228.4175,113.734
Liver,"DG(14:0/18:3(9Z,12Z,15Z)/0:0)",GIP,positive,0.7873168267759306,0.0023682666604323012,0.6577404384459886,12,0,,3,4,CD groups cluster; Old ID separate,-1.3972050752710143,-0.44889601269907653,120970.456362703,52264.8239018528,155169.58764292102,293.11333333333334,183.1375,648.106
Liver,7-Dehydrocholesterol,Secretin,negative,-0.7734533492254376,0.003166756259951766,0.6776185814384534,12,0,,3,4,CD groups cluster; Old ID separate,1.2640362172740507,-0.34464222725767063,1575163.6466316413,3250836.08590998,1604171.2849236906,39.31666666666667,32.71,40.77
Muscle,1-(4-Aminobutyl)urea,GIP,positive,0.7701169383232351,0.003386254593828772,0.6776185814384534,12,0,,3,4,CD groups cluster; Old ID separate,-1.2125148664966294,-0.44889601269907653,1061946.9379895774,672692.3485132742,1175822.9152966335,293.11333333333334,183.1375,648.106
Liver,ZAPA,GLP-1,positive,0.7693750020137501,0.003436597862255548,0.6776185814384534,12,1,2M33,3,4,CD groups cluster; Old ID separate,1.1700419696306854,0.7707687524700032,1855128.254335989,3283725.788880598,2586199.848759458,148.54000000000002,228.4175,113.734
Liver,PC(16:0/15:0),GLP-1,positive,0.7595505914330726,0.004158278618678103,0.6776185814384534,12,1,2M33,3,4,CD groups cluster; Old ID separate,2.320239787678822,0.7707687524700032,513772.07877584035,2936790.1094233673,1394919.588342239,148.54000000000002,228.4175,113.734
Liver,Homocitrulline,GIP,positive,0.7491409485073083,0.005042469570100614,0.7273700474951355,12,0,,3,4,CD groups cluster; Old ID separate,-1.2921259066622663,-0.44889601269907653,1390634.5566751112,717368.5896232527,1630218.821375352,293.11333333333334,183.1375,648.106
Liver,N1-(2-Chlorobenzoyl)-4-[2-nitro-4-(trifluoromethyl)phenyl]piperazine-1-carboxamide,GLP-1,negative,-0.7489395432262799,0.0050608682667695965,0.7273700474951355,12,1,2M33,3,4,CD groups cluster; Old ID separate,-1.6546399685284083,0.7707687524700032,3449204.0962450337,1592350.8979149144,3224721.898025412,148.54000000000002,228.4175,113.734
Liver,asn-val,GLP-1,positive,0.7457330468439344,0.005360667825379777,0.7419230451409876,12,1,2M33,3,4,CD groups cluster; Old ID separate,1.2119256978865403,0.7707687524700032,42793.0286538196,71851.6123927219,26184.991942954322,148.54000000000002,228.4175,113.734
Liver,"1-(1,2,3,4,5-Pentahydroxypent-1-yl)-1,2,3,4-tetrahydro-beta-carboline-3-carboxylate",GIP,negative,-0.7347265591164024,0.006492485053231625,0.7584310403709481,12,0,,3,4,CD groups cluster; Old ID separate,2.0813816464464945,-0.44889601269907653,288040.1979957557,425239.1097895253,257129.3985531532,293.11333333333334,183.1375,648.106
Liver,Furazolidone,GLP-1,negative,-0.7499595523949585,0.0078576155318051,0.7718346777285694,11,2,2M22;2M33,3,3,CD groups cluster; Old ID separate,-0.9071509918407851,1.2550142910591473,647582.9008299636,140998.9197402842,653551.8017763864,148.54000000000002,267.13,113.734
Liver,7-Dehydrocholesterol,GLP-1,positive,0.721485900578551,0.008081765199357561,0.7718346777285694,12,1,2M33,3,4,CD groups cluster; Old ID separate,1.2640362172740507,0.7707687524700032,1575163.6466316413,3250836.08590998,1604171.2849236906,148.54000000000002,228.4175,113.734
Muscle,Valerylcarnitine,GLP-1,positive,0.7414188878599978,0.009017151357937975,0.7718346777285694,11,2,2M26;2M33,3,3,CD groups cluster; Old ID separate,2.3440027347956587,0.6695208026088053,1726622.7587696237,5127106.676350157,2169902.863802374,148.54000000000002,226.06666666666666,113.734
Liver,Glutaminylhistidine,GLP-1,positive,0.7137331227746762,0.009137980000100519,0.7718346777285694,12,1,2M33,3,4,CD groups cluster; Old ID separate,1.984845002637482,0.7707687524700032,371636.94779714936,609211.7848402017,215127.66699642007,148.54000000000002,228.4175,113.734
Muscle,Octyl hydrogen phthalate,Secretin,positive,0.7099799709978714,0.00968477251088853,0.7718346777285694,12,0,,3,4,CD groups cluster; Old ID separate,-1.3648982831059606,-0.34464222725767063,8477647.439304397,5552490.48857084,8900318.257569486,39.31666666666667,32.71,40.77
Liver,APM,GIP,positive,0.7091111988694567,0.009814742252270907,0.7718346777285694,12,0,,3,4,CD groups cluster; Old ID separate,-4.78978704344059,-0.44889601269907653,530571.175589948,176561.14723438976,805293.0493418449,293.11333333333334,183.1375,648.106
Liver,Tepilamide fumarate,Secretin,positive,0.7088045802518003,0.0098609216232947,0.7718346777285694,12,0,,3,4,CD groups cluster; Old ID separate,-1.5328312689326515,-0.34464222725767063,203831.52502922734,144809.1914812125,215183.1364797988,39.31666666666667,32.71,40.77
Liver,N-(4-Carboxy-4-oxobutanoyl)-L-cysteinylglycine,GLP-1,negative,-0.7068381939644399,0.010160933564369964,0.7718346777285694,12,1,2M33,3,4,CD groups cluster; Old ID separate,-2.1650548145357207,0.7707687524700032,966305.3815386277,712508.702214644,939730.6847971174,148.54000000000002,228.4175,113.734
Muscle,PC(18:1(9Z)/15:0),GLP-1,positive,0.7262808016918482,0.011371554114541497,0.7718346777285694,11,2,2M22;2M33,3,3,CD groups cluster; Old ID separate,0.6691907803579955,1.2550142910591473,3394773.2816911633,4187459.7406853563,3448694.289300918,148.54000000000002,267.13,113.734
Muscle,Tiformin,GLP-1,negative,-0.6892464196269373,0.013155950186458333,0.7718346777285694,12,1,2M33,3,4,CD groups cluster; Old ID separate,-1.235174344763184,0.7707687524700032,3771987.3108775904,1009751.5322905427,4944690.721175294,148.54000000000002,228.4175,113.734
Muscle,Octyl hydrogen phthalate,GLP-1,negative,-0.6867911219609589,0.013620716841132297,0.7718346777285694,12,1,2M33,3,4,CD groups cluster; Old ID separate,-1.3648982831059606,0.7707687524700032,8477647.439304397,5552490.48857084,8900318.257569486,148.54000000000002,228.4175,113.734
Liver,Gly-Leu,GLP-1,positive,0.6866088786524803,0.013655690830420602,0.7718346777285694,12,1,2M33,3,4,CD groups cluster; Old ID separate,1.5251573084381622,0.7707687524700032,1619418.7402574525,2645694.02783701,1097320.9562408319,148.54000000000002,228.4175,113.734
Liver,Citronellyl propionate,GIP,negative,-0.7070588723986035,0.014966225234486593,0.7718346777285694,11,1,2M26,3,3,CD groups cluster; Old ID separate,1.4392787234467195,-0.4510528398139309,231246.56082143134,440151.26954201603,186032.0052022594,293.11333333333334,169.99333333333334,648.106
Liver,Glycylglutamine,GLP-1,positive,0.6753105672299184,0.015956442178328395,0.7718346777285694,12,1,2M33,3,4,CD groups cluster; Old ID separate,1.7077143596094486,0.7707687524700032,509508.489406477,866869.6762880435,291160.9696354164,148.54000000000002,228.4175,113.734
Liver,"5-(2-Thienyl)-3,4,7,7a-tetrahydrocyclopenta[b]pyran-6(2H)-one",GIP,positive,0.6737759540791374,0.01628960809866506,0.7718346777285694,12,0,,3,4,CD groups cluster; Old ID separate,-2.0710290939030562,-0.44889601269907653,2247833.0525270565,1555564.1263658176,2499730.264354412,293.11333333333334,183.1375,648.106
Liver,"3-Methoxyestra-1,3,5(10),16-tetraene",GIP,positive,0.6716756889989134,0.016753829678093354,0.7718346777285694,12,0,,3,4,CD groups cluster; Old ID separate,-2.2733725360047723,-0.44889601269907653,947869.359954016,811339.1111401818,974609.5493742976,293.11333333333334,183.1375,648.106
Liver,Tepilamide fumarate,GLP-1,negative,-0.668119848074932,0.017561825629775176,0.7718346777285694,12,1,2M33,3,4,CD groups cluster; Old ID separate,-1.5328312689326515,0.7707687524700032,203831.52502922734,144809.1914812125,215183.1364797988,148.54000000000002,228.4175,113.734
Liver,Diacetyl,GIP,positive,0.6643015761730238,0.01846089060642524,0.7718346777285694,12,0,,3,4,CD groups cluster; Old ID separate,-1.6740227790898063,-0.44889601269907653,18877252.7878324,14676058.014918325,19104364.32001044,293.11333333333334,183.1375,648.106
Liver,L-Gulonolactone,GIP,positive,0.6636183649769328,0.018625248877229935,0.7718346777285694,12,0,,3,4,CD groups cluster; Old ID separate,-1.3648007277083047,-0.44889601269907653,7606536.639668417,6212285.099965442,7772128.368460992,293.11333333333334,183.1375,648.106
Liver,Phosphocreatinine,GLP-1,positive,0.6868139788074938,0.01956784458313627,0.7750983613242952,11,2,2M22;2M33,3,3,CD groups cluster; Old ID separate,2.2424173875793407,1.2550142910591473,744353.3878687713,1174688.861805509,645115.9672873825,148.54000000000002,267.13,113.734
Liver,Adenosine,GLP-1,negative,-0.6596494766032159,0.019601301051285644,0.7750983613242952,12,1,2M33,3,4,CD groups cluster; Old ID separate,-1.5777164604788974,0.7707687524700032,109119734.78985916,69970527.13075484,90492128.9607517,148.54000000000002,228.4175,113.734
Liver,acetyltaurine,GIP,positive,0.6567159284615938,0.020346388678721388,0.7816147382241978,12,0,,3,4,CD groups cluster; Old ID separate,-1.8741229141052527,-0.44889601269907653,1266050.4598804542,708264.9548512305,1363702.514142778,293.11333333333334,183.1375,648.106
Liver,PC(18:1(9Z)/15:0),GLP-1,positive,0.6555678720992354,0.020643536255832824,0.7830547388068597,12,1,2M33,3,4,CD groups cluster; Old ID separate,1.7666887592317608,0.7707687524700032,1374207.2352341292,4404174.10953552,2112303.476310985,148.54000000000002,228.4175,113.734
Liver,1-O-{[1-Methyl-5-(4-methylbenzoyl)-1H-pyrrol-2-yl]acetyl}-β-D-glucopyranuronic acid,GLP-1,positive,0.6532314081620829,0.021258037755907577,0.7876744772888639,12,1,2M33,3,4,CD groups cluster; Old ID separate,2.142110047427555,0.7707687524700032,38550.575400151196,84050.36748597883,37598.886945482176,148.54000000000002,228.4175,113.734
Liver,arg-gln,GLP-1,positive,0.6499153521654749,0.022152925843653106,0.7876744772888639,12,1,2M33,3,4,CD groups cluster; Old ID separate,2.013640428565973,0.7707687524700032,394661.0441490003,798013.4703587717,254250.94959036278,148.54000000000002,228.4175,113.734
Muscle,Muscimol,GLP-1,positive,0.6492922195160327,0.022324099772661907,0.7885430256255713,12,1,2M33,3,4,CD groups cluster; Old ID separate,1.3749881630357301,0.7707687524700032,63335.077311283196,157125.51923272188,39014.12622144512,148.54000000000002,228.4175,113.734
Liver,Allose,GIP,positive,0.6475375576708332,0.0228112743439442,0.7930738014113843,12,0,,3,4,CD groups cluster; Old ID separate,-1.77986994773129,-0.44889601269907653,152137429.55940267,116891083.99002993,152297486.5408614,293.11333333333334,183.1375,648.106
Muscle,6-Phosphonoglucono-D-lactone,GLP-1,positive,0.6459381042732462,0.023262050214301597,0.7938359097329524,12,1,2M33,3,4,CD groups cluster; Old ID separate,1.0789819989672076,0.7707687524700032,28286.173990064497,101267.09728778625,50887.50199562299,148.54000000000002,228.4175,113.734
Liver,lifarizine,GLP-1,positive,0.6725492150743491,0.023363400049909118,0.7938359097329524,11,2,2M22;2M33,3,3,CD groups cluster; Old ID separate,2.9430974944874078,1.2550142910591473,1122619.7983759907,5532357.07983939,1361774.661938119,148.54000000000002,267.13,113.734
Liver,Heptaethylene glycol,GLP-1,negative,-0.7017369924857253,0.02370591008455512,0.796407168189471,10,3,2M22;2M33;4M1,3,3,CD groups cluster; Old ID separate,-0.3543080132989547,1.2550142910591473,636525.0867036156,556701.9184499846,687863.8002983353,148.54000000000002,267.13,104.2825
Liver,"5,6-Dihydrouridine",GLP-1,negative,-0.643571438017755,0.023940878255193948,0.796407168189471,12,1,2M33,3,4,CD groups cluster; Old ID separate,-1.7115506227930466,0.7707687524700032,157680997.12715468,114803151.63803264,196267517.8043806,148.54000000000002,228.4175,113.734
Liver,"5-(2-Thienyl)-3,4,7,7a-tetrahydrocyclopenta[b]pyran-6(2H)-one",GLP-1,negative,-0.641482200552402,0.024551982906802782,0.8001162917927692,12,1,2M33,3,4,CD groups cluster; Old ID separate,-1.1893265859541813,0.7707687524700032,2247833.0525270565,1692342.5501303575,2499730.264354412,148.54000000000002,228.4175,113.734
Liver,Bibenzyl,GIP,positive,0.6402183179169169,0.02492711706307107,0.802990002341614,12,0,,3,4,CD groups cluster; Old ID separate,-1.3418051111776208,-0.44889601269907653,1166748.2475492693,850362.6473586683,1234423.481348352,293.11333333333334,183.1375,648.106
Liver,2-Hydroxyethanesulfonate,GIP,positive,0.6369162953887735,0.02592678517508105,0.802990002341614,12,0,,3,4,CD groups cluster; Old ID separate,-2.3345239711441668,-0.44889601269907653,85624130.72334526,42802461.2375743,111801815.06092077,293.11333333333334,183.1375,648.106
Muscle,cuscohygrine,Secretin,positive,0.6366449527884319,0.02601020255693447,0.802990002341614,12,0,,3,4,CD groups cluster; Old ID separate,-1.3778260523904429,-0.34464222725767063,2014291.3255787534,1352333.4151793525,1613997.67194375,39.31666666666667,32.71,40.77
Liver,Glutaric acid,GIP,positive,0.6355958129089807,0.026334562145208875,0.802990002341614,12,0,,3,4,CD groups cluster; Old ID separate,-1.8951810903144892,-0.44889601269907653,9730788.222802168,7333959.24943873,9224035.621520845,293.11333333333334,183.1375,648.106
Liver,N-Methyl-D-aspartic acid,GLP-1,negative,-0.6351558283566984,0.026471458002232814,0.802990002341614,12,1,2M33,3,4,CD groups cluster; Old ID separate,-1.663045803900153,0.7707687524700032,5616624.8236347865,3711675.70644206,4932164.506610902,148.54000000000002,228.4175,113.734
Liver,asn-phe,GLP-1,positive,0.6312912868284134,0.027696067788578943,0.8053673965337975,12,1,2M33,3,4,CD groups cluster; Old ID separate,1.637117154182025,0.7707687524700032,210929.413894807,313867.12560787075,148857.67776980472,148.54000000000002,228.4175,113.734
Muscle,L-Acetylcarnitine,GIP,positive,0.6287354844700606,0.028528102042898466,0.8053673965337975,12,0,,3,4,CD groups cluster; Old ID separate,-1.8390876544107981,-0.44889601269907653,585775762.0689213,390131880.43496525,619012352.2238082,293.11333333333334,183.1375,648.106
Liver,5-Hydroxymethyl-dC,GLP-1,positive,0.6272677818243021,0.029013976016453426,0.8053673965337975,12,1,2M33,3,4,CD groups cluster; Old ID separate,1.8911791114535712,0.7707687524700032,218495.91267482034,299497.87069954973,203357.2078597896,148.54000000000002,228.4175,113.734
Liver,2-Hydroxyadipic acid,GIP,positive,0.6258840639417729,0.02947748277837302,0.8053673965337975,12,0,,3,4,CD groups cluster; Old ID separate,-2.002118599622114,-0.44889601269907653,37374741.42869884,28061669.337526124,35967508.39345512,293.11333333333334,183.1375,648.106
Liver,3-sulfopropanediol,GIP,positive,0.6249963803265215,0.02977762554911712,0.8053673965337975,12,0,,3,4,CD groups cluster; Old ID separate,-1.917723583684616,-0.44889601269907653,310290.60238734866,182554.35138113674,412775.2537575802,293.11333333333334,183.1375,648.106
Liver,1-Octen-3-yl glucoside,Glucagon,positive,0.6249121536294405,0.029806218030354627,0.8053673965337975,12,1,2M26,3,4,CD groups cluster; Old ID separate,1.53314058242296,0.5554877620462959,23089.311346951832,31880.0088852109,24988.57509270036,224.83333333333334,267.6975,284.392
Liver,Mandelic acid,GLP-1,positive,0.6494118717517775,0.030586841619999153,0.8053673965337975,11,2,2M23;2M33,3,3,CD groups cluster; Old ID separate,2.851972279289861,0.7404468573589411,174397.35081694633,336003.15810676635,192419.23484148982,148.54000000000002,234.03,113.734
Liver,Taurine,Glucagon,negative,-0.596914124536914,0.03125625387078539,0.8053673965337975,13,0,,3,5,CD groups cluster; Old ID separate,-1.2117411820850765,0.8177262978081293,1941509661.9258132,1650094177.638772,2004160602.036278,224.83333333333334,306.004,284.392
Muscle,Valylproline,GIP,positive,0.620349617608149,0.031384792325239594,0.8053673965337975,12,0,,3,4,CD groups cluster; Old ID separate,-2.330780879288847,-0.44889601269907653,2219001.23935998,1448275.5395926326,2643664.559912426,293.11333333333334,183.1375,648.106
Liver,NP-004713,GLP-1,negative,-0.619697516200342,0.03161521646388588,0.8053673965337975,12,1,2M33,3,4,CD groups cluster; Old ID separate,-1.3031567372955208,0.7707687524700032,996769.184958181,823862.09270753,989812.5967788168,148.54000000000002,228.4175,113.734
Muscle,S-Carboxymethyl-L-cysteine,GLP-1,negative,-0.7108885403488496,0.03180173278034896,0.8053673965337975,9,4,2M33;4M3;4M4;4M5,3,4,CD groups cluster; Old ID separate,-1.208519529282726,0.7707687524700032,204937.2451701645,89344.8677604971,227661.4169185,148.54000000000002,228.4175,143.01999999999998
Liver,Homocitrulline,GLP-1,negative,-0.6180531928406663,0.03220163990043689,0.8053673965337975,12,1,2M33,3,4,CD groups cluster; Old ID separate,-1.491516876789984,0.7707687524700032,1390634.5566751112,603422.0583745366,1630218.821375352,148.54000000000002,228.4175,113.734
Liver,N-Acetyl-L-alanine,GLP-1,positive,0.6119198988511224,0.03445793982571539,0.8245266476332601,12,1,2M33,3,4,CD groups cluster; Old ID separate,1.5553892492598351,0.7707687524700032,2293971.393280723,3286444.93475021,1539664.200779392,148.54000000000002,228.4175,113.734
Muscle,Glutarimide,GIP,positive,0.6111632655464672,0.034743916487072694,0.8246808705942644,12,0,,3,4,CD groups cluster; Old ID separate,-1.1605558042534792,-0.44889601269907653,2190437.3296509357,855577.0674517078,2178919.5414481065,293.11333333333334,183.1375,648.106
Liver,"1-(4,7-Dihydro-5H-thieno[2,3-c]pyran-7-yl)-N-methylmethanamine",GLP-1,positive,0.6069290618285832,0.036375685710644035,0.8254855449604329,12,1,2M33,3,4,CD groups cluster; Old ID separate,1.1600441425033583,0.7707687524700032,659010.4809361267,964099.1846692379,531101.8285567908,148.54000000000002,228.4175,113.734
Liver,c19:4,Glucagon,positive,0.5813536288577342,0.03716970411496931,0.8268879132604197,13,0,,3,5,CD groups cluster; Old ID separate,1.260019788256656,0.8177262978081293,742276.320302611,1169459.060554153,946747.4897696052,224.83333333333334,306.004,284.392
Muscle,Dimethyl fumarate,GIP,positive,0.6037138898744835,0.037650751717316924,0.827402214621848,12,0,,3,4,CD groups cluster; Old ID separate,-1.8038695974941252,-0.44889601269907653,1187779.6147176216,750633.650329694,1177949.281029516,293.11333333333334,183.1375,648.106
Liver,PE(22:1(13Z)/18:1(9Z)),GLP-1,positive,0.6022702546825142,0.03823350054736944,0.8279473488550837,12,1,2M33,3,4,CD groups cluster; Old ID separate,1.2285842619060026,0.7707687524700032,1006413.2409960602,3938042.83830797,2046632.5077618593,148.54000000000002,228.4175,113.734
Liver,4-Pyridoxic acid,GLP-1,positive,0.6016435492100846,0.038488469904419294,0.8284645979623956,12,1,2M33,3,4,CD groups cluster; Old ID separate,1.4416827750769665,0.7707687524700032,250348.29938428843,534420.2013641788,102891.10517924806,148.54000000000002,228.4175,113.734
Liver,Encelin,Glucagon,negative,-0.5758402437981296,0.03944782563464206,0.8284645979623956,13,0,,3,5,CD groups cluster; Old ID separate,-1.443607096560032,0.8177262978081293,393858.770007258,249030.1189527874,336388.3143639282,224.83333333333334,306.004,284.392
Liver,Asparaginylglutamic acid,GLP-1,negative,-0.5974363345238088,0.040231568317938296,0.8341783073478718,12,1,2M33,3,4,CD groups cluster; Old ID separate,-1.1972640690073344,0.7707687524700032,627752.867661448,442592.346521967,664568.4083664335,148.54000000000002,228.4175,113.734
Liver,thr-arg,GLP-1,positive,0.5942965288913721,0.04156845410207063,0.8342054032317431,12,1,2M33,3,4,CD groups cluster; Old ID separate,1.803015635174868,0.7707687524700032,800760.8737001204,1232849.6070468216,581261.8216524294,148.54000000000002,228.4175,113.734
Liver,N-Palmitoyl tyrosine,Glucagon,positive,0.5676856232065361,0.04300039650123777,0.8342054032317431,13,0,,3,5,CD groups cluster; Old ID separate,-1.1056380801073922,0.8177262978081293,15618785.001693837,7660208.740342693,19002302.778191995,224.83333333333334,306.004,284.392
Liver,N1-(2-Chlorobenzoyl)-4-[2-nitro-4-(trifluoromethyl)phenyl]piperazine-1-carboxamide,GIP,positive,0.5896789999616254,0.04359134513866509,0.8342054032317431,12,0,,3,4,CD groups cluster; Old ID separate,-2.0598221227577906,-0.44889601269907653,3449204.0962450337,1439386.458649607,3224721.898025412,293.11333333333334,183.1375,648.106
Liver,"DG(14:0/18:3(9Z,12Z,15Z)/0:0)",GLP-1,negative,-0.5843080777945011,0.046030791006702335,0.8423081545572892,12,1,2M33,3,4,CD groups cluster; Old ID separate,-1.5379580862862796,0.7707687524700032,120970.456362703,49376.13779943292,155169.58764292102,148.54000000000002,228.4175,113.734
Liver,Fluoxetine,GLP-1,positive,0.5814624663793216,0.04736155100021395,0.8447838782623683,12,1,2M33,3,4,CD groups cluster; Old ID separate,1.7520801366975591,0.7707687524700032,236751.42077576733,342742.2615564495,156503.2285745207,148.54000000000002,228.4175,113.734
Liver,nicotinamide hypoxanthine dinucleotide,GLP-1,negative,-0.5797854473069743,0.048158386285732234,0.8495351525667997,12,1,2M33,3,4,CD groups cluster; Old ID separate,-1.8725541565945112,0.7707687524700032,189535.69422018132,155128.93773707098,202473.911780819,148.54000000000002,228.4175,113.734
Liver,gln-asn,Secretin,negative,-0.604649165013009,0.04876772151200659,0.8529025616386114,11,1,2M31,3,3,CD groups cluster; Old ID separate,1.3874224384972047,-0.33393058700811684,600718.2398206023,799207.0471664229,733024.114452904,39.31666666666667,32.166666666666664,40.77
Liver,"PC(18:2(9Z,12Z)/16:1(9Z))",GLP-1,positive,0.6041376755666571,0.0490103094192629,0.8541690911969478,11,2,2M23;2M33,3,3,CD groups cluster; Old ID separate,2.8533148979044403,0.7404468573589411,99517.462516122,192053.70553887298,112770.05370251271,148.54000000000002,234.03,113.734
Muscle,Caproylcholine,Resistin,positive,0.7385087272690967,0.003937701205821868,0.6776185814384534,13,0,,3,5,Mixed/no strong centroid clustering,-1.1280130482137969,0.4514552437965252,14758403.321684336,8650381.854762178,14577603.91264438,19981.716666666667,24078.628,31818.62
Liver,"1,25-Dihydroxyvitamin D3-26,23-lactone",Glucagon,positive,0.8568100864251287,0.006574029577487775,0.7584310403709481,8,5,4M1;4M2;4M3;4M4;4M5,3,5,Mixed/no strong centroid clustering,1.3986375382556877,0.8177262978081293,16150.017614156397,39872.39559543974,N/A,224.83333333333334,306.004,N/A
Muscle,Estrane,Resistin,positive,0.698768789094671,0.011463696734633223,0.7718346777285694,12,1,2M26,3,4,Mixed/no strong centroid clustering,-1.9785531718348104,0.2484074736337295,257478.00112726534,139372.25523252765,297950.7480594284,19981.716666666667,22284.71,31818.62
Muscle,PG(16:0/16:1(9Z)),Insulin,positive,0.5834232305141477,0.03633974951648429,0.8254855449604329,13,0,,3,5,Mixed/no strong centroid clustering,-1.781712498587089,-0.7833395778180952,28781175.64226357,9437810.712367183,21077076.838054348,1614.1266666666666,1006.546,660.682
Liver,"LysoPC(18:3(6Z,9Z,12Z)/0:0)",Insulin,positive,0.5825730257669844,0.036679051465888894,0.8254855449604329,13,0,,3,5,Mixed/no strong centroid clustering,-1.08581307496749,-0.7833395778180952,2297508.6256069834,1419317.9072502889,1919252.578365388,1614.1266666666666,1006.546,660.682
Liver,verofylline,Insulin,positive,0.5825730257669844,0.036679051465888894,0.8254855449604329,13,0,,3,5,Mixed/no strong centroid clustering,-1.08581307496749,-0.7833395778180952,2297508.6256069834,1419317.9072502889,1919252.578365388,1614.1266666666666,1006.546,660.682
Liver,"PE(18:0/18:3(9Z,12Z,15Z))",Resistin,positive,0.5722489948044662,0.04098508754332173,0.8342054032317431,13,0,,3,5,Mixed/no strong centroid clustering,-1.4333252369841725,0.4514552437965252,54271087.02490117,43659425.23821482,60347158.35638496,19981.716666666667,24078.628,31818.62
Muscle,L-(-)-Malic acid,Resistin,negative,-0.5598106731736493,0.04664482330766329,0.8423081545572892,13,0,,3,5,Mixed/no strong centroid clustering,1.6175658728595415,0.4514552437965252,5715808.034948266,10613285.288113575,9041040.831868893,19981.716666666667,24078.628,31818.62
Liver,"1,2-dioleoyl-sn-glycero-3-phospho-(1′-sn-glycerol)",Resistin,positive,0.86080446564732,1.5801550482988147e-4,0.4151731042603,13,0,,3,5,Old ID resembles Young CD,1.8627363915285788,0.4514552437965252,1054253.977434031,1446894.810712324,1752124.66906738,19981.716666666667,24078.628,31818.62
Liver,oxiracetam,Insulin,negative,-0.8086709258705833,8.175828867717879e-4,0.5993076568054627,13,0,,3,5,Old ID resembles Young CD,1.4326793942316975,-0.7833395778180952,2626998.9127708576,5731347.31687407,6552786.139732208,1614.1266666666666,1006.546,660.682
Liver,L-Dopa,Insulin,negative,-0.7976585195195046,0.001087317148533148,0.5993076568054627,13,0,,3,5,Old ID resembles Young CD,1.0086807155412019,-0.7833395778180952,71185.7959490682,111735.94353272034,126696.9814482678,1614.1266666666666,1006.546,660.682
Liver,c19:2,Resistin,negative,-0.7938283312243214,0.0011959505410093034,0.5993076568054627,13,0,,3,5,Old ID resembles Young CD,-1.2291635358394002,0.4514552437965252,750676.4258575673,511881.59130099916,605131.3614489702,19981.716666666667,24078.628,31818.62
Liver,L-2-Amino-4-methylenepentanedioic acid,Insulin,positive,0.8131284703499864,0.0012992248864330033,0.5993076568054627,12,1,2M22,3,4,Old ID resembles Young CD,-1.507275637326396,-1.073115127423688,1616213.70596207,829786.6068286992,846040.5626053378,1614.1266666666666,808.0225,660.682
Liver,dibutyl oxopropanedioate,Insulin,positive,0.7677335053395751,0.0021818793106992505,0.6436831055945775,13,0,,3,5,Old ID resembles Young CD,-1.2317750110215084,-0.7833395778180952,108648.54950754347,63964.42772139038,33379.42096554754,1614.1266666666666,1006.546,660.682
Liver,Citrulline,Insulin,negative,-0.7625848914669234,0.0024351417900989915,0.6658330984854816,13,0,,3,5,Old ID resembles Young CD,1.1778301306835999,-0.7833395778180952,3768071.0723634036,6159043.319654294,7389893.811523954,1614.1266666666666,1006.546,660.682
Liver,3-Methylhistidine,Insulin,negative,-0.7592135467135293,0.0026129862559209414,0.6776185814384534,13,0,,3,5,Old ID resembles Young CD,1.241989008572686,-0.7833395778180952,6400769.222505554,9019911.930322094,8499508.457952077,1614.1266666666666,1006.546,660.682
Liver,"PE(20:4(8Z,11Z,14Z,17Z)/22:0)",Insulin,negative,-0.7800042573383166,0.0027674145360449235,0.6776185814384534,12,1,2M31,3,4,Old ID resembles Young CD,1.89278554513998,-0.874354441813883,911653.7164974284,2361286.954220375,1858327.9170708025,1614.1266666666666,896.5550000000001,660.682
Liver,1-Methylhistamine,Glucagon,negative,-0.757004945189236,0.004362702046056067,0.6776185814384534,12,1,4M1,3,5,Old ID resembles Young CD,-1.0076492277420965,0.8177262978081293,991745.3167494166,788578.9608396048,713238.1270844805,224.83333333333334,306.004,327.7075
Liver,Guanosine diphosphate mannose,Insulin,negative,-0.7460342335376374,0.005331951541237767,0.7419230451409876,12,1,4M1,3,5,Old ID resembles Young CD,2.1823653437250887,-0.7833395778180952,260531.80700570566,407901.5290941298,465575.6369791012,1614.1266666666666,1006.546,530.0550000000001
Muscle,3-Methylhistidine,Insulin,negative,-0.7174872920269105,0.005761659301561797,0.7584310403709481,13,0,,3,5,Old ID resembles Young CD,1.217334762741798,-0.7833395778180952,1449084.2189418233,1947404.07609858,1888902.697233614,1614.1266666666666,1006.546,660.682
Liver,Arginylglutamic acid,Insulin,positive,0.7047610541863051,0.007144510610025407,0.7711717773115192,13,0,,3,5,Old ID resembles Young CD,-1.3696555361837948,-0.7833395778180952,114964.0382321569,82076.9662027115,74922.11303456672,1614.1266666666666,1006.546,660.682
Liver,"PG(18:0/22:5(4Z,7Z,10Z,13Z,16Z))",Insulin,positive,0.722679769324368,0.007927617449447174,0.7718346777285694,12,1,2M23,3,4,Old ID resembles Young CD,-2.7492305043849643,-0.7586560630287424,256716.239586734,110473.25316958007,87161.4052183751,1614.1266666666666,971.7,660.682
Liver,"1,3,5-Heptatriene, (E,E)-",Resistin,negative,-0.7400197039997433,0.009218359670249523,0.7718346777285694,11,2,2M22;2M31,3,3,Old ID resembles Young CD,-0.6689555411287388,1.0141294913274848,7810658.39700479,7337260.12154438,8079888.857084418,19981.716666666667,28241.176666666666,31818.62
Liver,Succinic acid,Insulin,negative,-0.6879781708121191,0.009340040694026728,0.7718346777285694,13,0,,3,5,Old ID resembles Young CD,1.112786209181777,-0.7833395778180952,4842846.889900964,6752137.514349106,8465582.941185297,1614.1266666666666,1006.546,660.682
Liver,Uridine diphosphate glucose,Insulin,negative,-0.6830935900561179,0.010066206769750816,0.7718346777285694,13,0,,3,5,Old ID resembles Young CD,1.0120067229749123,-0.7833395778180952,41051573.89954903,56581315.79793164,67645666.55629137,1614.1266666666666,1006.546,660.682
Liver,(E)-p-coumaric acid,Insulin,positive,0.6806820711802533,0.010440125400824087,0.7718346777285694,13,0,,3,5,Old ID resembles Young CD,-1.9011443027298334,-0.7833395778180952,1703676.0773716501,992944.9712783865,1015068.4077384329,1614.1266666666666,1006.546,660.682
Liver,5-Aminopentanoic acid,Insulin,negative,-0.6624155642926463,0.013624758394246953,0.7718346777285694,13,0,,3,5,Old ID resembles Young CD,1.323991913123965,-0.7833395778180952,152384529.52077335,327198307.4131851,407647880.5201972,1614.1266666666666,1006.546,660.682
Liver,Linoleyl ethanolamide,Resistin,negative,-0.7400826946977325,0.014388889070343549,0.7718346777285694,10,3,2M22;2M26;4M2,3,3,Old ID resembles Young CD,-1.1036561986473175,0.7691688886287478,18213.606524610117,9234.893719049227,8457.244537918305,19981.716666666667,26111.416666666668,37908.774999999994
Liver,Pemoline,Insulin,positive,0.6441824893644937,0.017483237919553033,0.7718346777285694,13,0,,3,5,Old ID resembles Young CD,-2.3280645157925504,-0.7833395778180952,683562.7045660446,369058.58471380436,249694.9905445486,1614.1266666666666,1006.546,660.682
Liver,"LysoPC(20:5(5Z,8Z,11Z,14Z,17Z)/0:0)",Insulin,positive,0.6411559513097472,0.018195316813961058,0.7718346777285694,13,0,,3,5,Old ID resembles Young CD,-1.0824238622048667,-0.7833395778180952,3029778.27692129,1891619.6020014558,2380377.252205592,1614.1266666666666,1006.546,660.682
Liver,1-[(3-Carboxypropyl)amino]-1-deoxy-β-D-fructofuranose,Insulin,negative,-0.6639554746302102,0.01854401800303138,0.7718346777285694,12,1,2M33,3,4,Old ID resembles Young CD,2.126926004244318,-0.5497272878061951,484549.79249606235,625734.0050203968,570656.4846223862,1614.1266666666666,1196.14,660.682
Muscle,D-Ornithine,Insulin,negative,-0.6393170665349199,0.018638408595731914,0.7718346777285694,13,0,,3,5,Old ID resembles Young CD,1.3097610980563348,-0.7833395778180952,950774.6181794883,1699534.8994999395,1500565.4177810675,1614.1266666666666,1006.546,660.682
Liver,Tetradecenoic acid,Insulin,positive,0.6376632207598374,0.019043744718683774,0.7721153713157484,13,0,,3,5,Old ID resembles Young CD,-1.7142494642150858,-0.7833395778180952,25771652.658173434,12640358.423201669,13185947.99158792,1614.1266666666666,1006.546,660.682
Liver,Homocysteinesulfinic acid,Insulin,positive,0.6352013136905612,0.01965925114259438,0.7760212497677969,13,0,,3,5,Old ID resembles Young CD,-1.3552424229991473,-0.7833395778180952,257966508.42199066,168592377.24379912,207658779.775062,1614.1266666666666,1006.546,660.682
Liver,PG(16:0/18:1(11Z)),Glucagon,negative,-0.6590091246323632,0.019762213324767224,0.777282054507849,12,1,4M1,3,5,Old ID resembles Young CD,-1.0585854429333763,0.8177262978081293,11958472.680199267,10043224.90605105,10459139.25166928,224.83333333333334,306.004,327.7075
Muscle,L-Proline,Glucagon,positive,0.6275380715226034,0.021670173952927908,0.7876744772888639,13,0,,3,5,Old ID resembles Young CD,1.3420760464483936,0.8177262978081293,39717240.162284136,54469955.733855076,58842224.42671802,224.83333333333334,306.004,284.392
Liver,Glycerophosphoinositol,Insulin,negative,-0.6274214225008036,0.021701917490353013,0.7876744772888639,13,0,,3,5,Old ID resembles Young CD,1.795553573897042,-0.7833395778180952,3140871.7331788037,6025545.966038186,4567741.4510684805,1614.1266666666666,1006.546,660.682
Liver,L-Glutathione (reduced),Insulin,positive,0.6270947529480436,0.02179099730459604,0.7876744772888639,13,0,,3,5,Old ID resembles Young CD,-1.310210341433292,-0.7833395778180952,3597684.004450233,2610057.377429878,2572165.821364354,1614.1266666666666,1006.546,660.682
Liver,2-Hydroxydecanedioic acid,Insulin,positive,0.6258477504331048,0.022133540420623488,0.7876744772888639,13,0,,3,5,Old ID resembles Young CD,-1.8728012566334844,-0.7833395778180952,349839.8868061733,233264.100946504,194166.5657554684,1614.1266666666666,1006.546,660.682
Liver,Testosterone isocaproate,Insulin,positive,0.6417088738134454,0.02448513940347752,0.8001162917927692,12,1,2M33,3,4,Old ID resembles Young CD,-4.272823877379334,-0.5497272878061951,17980172.177697,10328869.835663112,6988287.261994968,1614.1266666666666,1196.14,660.682
Muscle,Stearoylcarnitine,Glucagon,negative,-0.6367833506518046,0.02596763141935901,0.802990002341614,12,1,2M26,3,4,Old ID resembles Young CD,-1.2970696064784655,0.5554877620462959,2838882.0731283766,1589673.7388164396,1630095.7713970717,224.83333333333334,267.6975,284.392
Liver,"PG(18:2(9Z,12Z)/18:3(6Z,9Z,12Z))",Insulin,positive,0.6598160094520948,0.027168627327762485,0.8045118274706039,11,2,2M31;2M33,3,3,Old ID resembles Young CD,-2.989080954475927,-0.5985808232883367,613331.5141916487,260762.699491432,320770.080030083,1614.1266666666666,1112.6833333333334,660.682
Muscle,acrolein,Insulin,positive,0.6300133238650164,0.028109883580823676,0.8053673965337975,12,1,2M33,3,4,Old ID resembles Young CD,-1.3320810898471367,-0.5497272878061951,1876235.904659073,603229.5853091113,800329.4148836618,1614.1266666666666,1196.14,660.682
Muscle,ODA,Resistin,positive,0.6037922033913962,0.02887504707011609,0.8053673965337975,13,0,,3,5,Old ID resembles Young CD,-1.1319771689771623,0.4514552437965252,1248089.4408562868,905733.7655961325,1164098.8163624161,19981.716666666667,24078.628,31818.62
Liver,ACPC,Glucagon,positive,0.6525481148715891,0.02952634320478259,0.8053673965337975,11,2,4M1;4M4,3,5,Old ID resembles Young CD,1.3323786509290896,0.8177262978081293,8446220.73497858,10179589.769667404,11079764.484106833,224.83333333333334,306.004,407.41666666666663
Muscle,glutaral,Insulin,positive,0.6255122100646373,0.029602947197222153,0.8053673965337975,12,1,2M33,3,4,Old ID resembles Young CD,-1.5290409734872428,-0.5497272878061951,656660.5593708666,422863.531465747,307926.71635116497,1614.1266666666666,1196.14,660.682
Liver,Actinonin,Insulin,negative,-0.6234210357990163,0.030315687132858357,0.8053673965337975,12,1,2M33,3,4,Old ID resembles Young CD,1.1163628403999966,-0.5497272878061951,1925449.4782323933,2979048.701739815,3390692.876404256,1614.1266666666666,1196.14,660.682
Muscle,D-Ornithine,Glucagon,positive,0.5955487439608748,0.03174553925824465,0.8053673965337975,13,0,,3,5,Old ID resembles Young CD,1.3097610980563348,0.8177262978081293,950774.6181794883,1699534.8994999395,1500565.4177810675,224.83333333333334,306.004,284.392
Muscle,"(2R)-2,3-Dihydroxypropanoic acid",Resistin,positive,0.6759246810145529,0.03190720358562627,0.8053673965337975,10,3,2M22;2M31;4M3,3,3,Old ID resembles Young CD,0.8661938384362671,1.0141294913274848,735792.7056316433,1369541.407468564,1420337.3747537553,19981.716666666667,28241.176666666666,29786.644999999997
Liver,Mevalonic acid,Insulin,positive,0.6144318878828955,0.033520586833975,0.8151465047771729,12,1,2M26,3,4,Old ID resembles Young CD,-2.00469545285438,-0.5729614552088214,16160205.964337673,7096077.74655733,4609521.082859746,1614.1266666666666,1160.3125,660.682
Muscle,Creatinine,Insulin,negative,-0.5899934978745529,0.033794191355784,0.8174338581188143,13,0,,3,5,Old ID resembles Young CD,1.1463440010970696,-0.7833395778180952,155326518.58770642,255556535.1884748,326186331.7554816,1614.1266666666666,1006.546,660.682
Liver,"6-HYDROXYMETHYL-7,8-DIHYDROPTERIN",Insulin,positive,0.5854386447430657,0.035544559620802774,0.8254855449604329,13,0,,3,5,Old ID resembles Young CD,-2.4060422292090524,-0.7833395778180952,801595.0627053156,364191.1022030358,328207.9937698474,1614.1266666666666,1006.546,660.682
Muscle,"6-methyl-8-{[5-(2-naphthyl)-1,3,4-oxadiazol-2-yl]methoxy}[1,2,4]triazolo[4,3-b]pyridazine",Insulin,negative,-0.6316391990627159,0.037106450428619105,0.8268879132604197,11,2,2M33;4M3,3,4,Old ID resembles Young CD,1.2627740910753347,-0.5497272878061951,137678.90690445426,174451.52523478025,217134.948800114,1614.1266666666666,1196.14,617.095
Liver,"PE(P-18:1(11Z)/22:6(4Z,7Z,10Z,13Z,16Z,19Z))",Glucagon,negative,-0.5796521204191348,0.03786229173066293,0.827402214621848,13,0,,3,5,Old ID resembles Young CD,-1.7523055942058405,0.8177262978081293,35574068.1882108,13944288.680507876,13684718.376530904,224.83333333333334,306.004,284.392
Liver,"PE(15:0/22:6(4Z,7Z,10Z,13Z,16Z,19Z))",Insulin,negative,-0.6027408940269962,0.03804281784312216,0.8279473488550837,12,1,2M31,3,4,Old ID resembles Young CD,1.502452810929189,-0.874354441813883,530662.8778855193,1320956.829860971,952077.4774030435,1614.1266666666666,896.5550000000001,660.682
Liver,"PC(18:2(9Z,12Z)/14:0)",Insulin,negative,-0.578692137444801,0.038257154772201166,0.8279473488550837,13,0,,3,5,Old ID resembles Young CD,1.9377952882884133,-0.7833395778180952,3732709.606156216,20885463.9470417,30438601.61437391,1614.1266666666666,1006.546,660.682
Liver,2-[(5Z)-5-tetradecenyl]cyclobutanone,Secretin,negative,-0.626417048578583,0.039192515816554974,0.8284645979623956,11,1,4M5,3,4,Old ID resembles Young CD,-1.0570064128775452,-0.34464222725767063,401733.99547355436,248816.32716860325,182467.08040433674,39.31666666666667,32.71,45.7
Liver,Phosphoenolpyruvic acid,Insulin,negative,-0.5761957311929813,0.0392979632878162,0.8284645979623956,13,0,,3,5,Old ID resembles Young CD,1.0675001975983338,-0.7833395778180952,1667725.8128234732,2584431.245481186,2664611.6946991985,1614.1266666666666,1006.546,660.682
Liver,Ceramide (d18:1/16:0),Insulin,positive,0.5727066324673147,0.04078682268289757,0.8342054032317431,13,0,,3,5,Old ID resembles Young CD,-1.5355173352970095,-0.7833395778180952,27143621.184177864,18719125.61913664,22278114.52854536,1614.1266666666666,1006.546,660.682
Liver,Chamazulene,Insulin,negative,-0.5951262954716363,0.04121213198172823,0.8342054032317431,12,1,4M1,3,5,Old ID resembles Young CD,2.566661810355763,-0.7833395778180952,1007362.2807137707,1574607.66192314,1595757.0394405476,1614.1266666666666,1006.546,530.0550000000001
Liver,JH-III,Resistin,positive,0.5923198311205228,0.04242609152152243,0.8342054032317431,12,1,4M1,3,5,Old ID resembles Young CD,-1.292772133453391,0.4514552437965252,776819.8544449663,718581.7681414564,752590.8680625885,19981.716666666667,24078.628,27174.805
Liver,Succinic semialdehyde,Glucagon,negative,-0.5682478620807625,0.04274831341627368,0.8342054032317431,13,0,,3,5,Old ID resembles Young CD,-1.7813150534140918,0.8177262978081293,4178571.3203635667,2578293.337612142,2587060.04878013,224.83333333333334,306.004,284.392
Liver,Annoglabasin F,Resistin,negative,-0.5673903067271364,0.043133232113059944,0.8342054032317431,13,0,,3,5,Old ID resembles Young CD,-1.2184156127571162,0.4514552437965252,12218468.32021078,8837415.818725133,8146657.62073839,19981.716666666667,24078.628,31818.62
Liver,"PE(P-18:1(11Z)/22:6(4Z,7Z,10Z,13Z,16Z,19Z))",Insulin,positive,0.566810680114926,0.04339481285328067,0.8342054032317431,13,0,,3,5,Old ID resembles Young CD,-1.7523055942058405,-0.7833395778180952,35574068.1882108,13944288.680507876,13684718.376530904,1614.1266666666666,1006.546,660.682
Liver,oxazolidinone,Insulin,negative,-0.5647943310828168,0.04431368866860256,0.8342054032317431,13,0,,3,5,Old ID resembles Young CD,1.1577571105198747,-0.7833395778180952,5062436.1435612235,7538446.631402584,7662838.136039644,1614.1266666666666,1006.546,660.682
Liver,"PG(16:1(9Z)/22:6(4Z,7Z,10Z,13Z,16Z,19Z))",Insulin,positive,0.5608338979071678,0.046159176477966156,0.8423081545572892,13,0,,3,5,Old ID resembles Young CD,-1.0801714619458542,-0.7833395778180952,9382121.983860126,5179893.015440096,3435314.2813384538,1614.1266666666666,1006.546,660.682
Liver,Modafinil,Insulin,negative,-0.5568605510017257,0.04806556201628736,0.8493022723764553,13,0,,3,5,Old ID resembles Young CD,1.780276004955931,-0.7833395778180952,383187.50167306367,599105.1183368744,565110.3876461685,1614.1266666666666,1006.546,660.682
Muscle,9-Hexadecenoylcarnitine,Resistin,negative,-0.5542841183894008,0.04933150015434796,0.8541690911969478,13,0,,3,5,Old ID resembles Young CD,-1.188729604426315,0.4514552437965252,43678545.629825704,26702909.73504096,16612362.07182378,19981.716666666667,24078.628,31818.62
Liver,Hexaethylene glycol,Insulin,negative,-0.6331117090382508,0.04942616245851088,0.8541690911969478,10,3,2M22;4M1;4M5,3,4,Old ID resembles Young CD,1.164679230022373,-1.073115127423688,1586581.2540118,1767788.052366095,1769687.85183599,1614.1266666666666,808.0225,628.7966666666666
Liver,"dTDP-4-amino-4,6-dideoxy-5-C-methyl-L-mannose",GIP,positive,0.8630879704168433,2.997050093296803e-4,0.437694107553917,12,0,,3,4,Old groups cluster; Young CD separate,-1.097948858724547,-0.44889601269907653,11037287.377380706,8013859.5321202595,15030298.20401528,293.11333333333334,183.1375,648.106
Muscle,Nitrosoguvacoline,GIP,positive,0.8406356174446139,6.154983967206849e-4,0.5307726751105567,12,0,,3,4,Old groups cluster; Young CD separate,-1.025785040386533,-0.44889601269907653,329326.96928135096,200819.54718993773,682560.0184820852,293.11333333333334,183.1375,648.106
Liver,L-Lysinamide,GIP,positive,0.8807442574436587,7.644518799777036e-4,0.5910267448613825,10,2,2M33;4M2,3,3,Old groups cluster; Young CD separate,-1.198693872726335,-0.23084952860498786,232098.24191441,195085.81252632133,292635.65342075477,293.11333333333334,233.12333333333333,663.5225
Muscle,Nitrosoheptamethyleneimine,GIP,positive,0.8214892362338319,0.001049035458451679,0.5993076568054627,12,0,,3,4,Old groups cluster; Young CD separate,-1.2445913922516345,-0.44889601269907653,5523466.46254234,3866936.9266082426,6562582.993518428,293.11333333333334,183.1375,648.106
Muscle,Nicotinamide,GIP,positive,0.8135481343957571,0.001285668643574133,0.5993076568054627,12,0,,3,4,Old groups cluster; Young CD separate,-1.2402360015254226,-0.44889601269907653,12556693.57303434,5746477.353200955,28170031.8578127,293.11333333333334,183.1375,648.106
Muscle,Alchornine,GIP,positive,0.8108928414085614,0.001373304510770379,0.5993076568054627,12,0,,3,4,Old groups cluster; Young CD separate,-1.2034218598536681,-0.44889601269907653,1674013.8887330366,1003615.5705995939,2197773.1920913598,293.11333333333334,183.1375,648.106
Muscle,L-Carnitine,GIP,positive,0.8017479649106298,0.0017107038060545745,0.5993076568054627,12,0,,3,4,Old groups cluster; Young CD separate,-1.196577904120962,-0.44889601269907653,633053080.629429,480415181.55438125,922943899.5215622,293.11333333333334,183.1375,648.106
Liver,"PG(18:2(9Z,12Z)/18:2(9Z,12Z))",Insulin,positive,0.7664979811866293,0.002240690409206914,0.6440835854465157,13,0,,3,5,Old groups cluster; Young CD separate,-1.256525269878048,-0.7833395778180952,32741755.339804232,19587976.15953268,11336641.332361743,1614.1266666666666,1006.546,660.682
Muscle,S-Aminoethyl-L-cysteine,GIP,positive,0.8359664875865375,0.0025855749934300086,0.6776185814384534,10,2,4M1;4M2,3,4,Old groups cluster; Young CD separate,-1.1809139485077467,-0.44889601269907653,2619287.8487512735,1372498.6056662393,8980798.847730499,293.11333333333334,183.1375,728.0733333333334
Muscle,3-MeO-PCP,GIP,positive,0.7580409996142763,0.004278606658724828,0.6776185814384534,12,0,,3,4,Old groups cluster; Young CD separate,-1.0367785234249325,-0.44889601269907653,249756.81313206165,175625.5040095265,389497.8770144292,293.11333333333334,183.1375,648.106
Muscle,Tiformin,GIP,positive,0.7571429267177374,0.004351430637753435,0.6776185814384534,12,0,,3,4,Old groups cluster; Young CD separate,-1.2269863527698113,-0.44889601269907653,3771987.3108775904,1030747.6527858918,4944690.721175294,293.11333333333334,183.1375,648.106
Liver,Behenic acid,GIP,negative,-0.781109978127955,0.004533868166868146,0.6822406588547028,11,1,2M31,3,3,Old groups cluster; Young CD separate,1.7337867388776638,-0.8161454479980477,1656875.5531449567,2151699.0302862497,1349423.242413228,293.11333333333334,101.58333333333333,648.106
Muscle,Uridine 5'-monophosphate,GIP,negative,-0.7450077110949167,0.005430302713211495,0.7469497983614413,12,0,,3,4,Old groups cluster; Young CD separate,1.6042825298603187,-0.44889601269907653,4156317.40724213,5291965.301768603,2933999.248129046,293.11333333333334,183.1375,648.106
Liver,Bumetanide,Insulin,positive,0.713135201303207,0.0062090913590452925,0.7584310403709481,13,0,,3,5,Old groups cluster; Young CD separate,-1.2193563917086114,-0.7833395778180952,316370.82467108365,186822.4797832346,14521.359246043105,1614.1266666666666,1006.546,660.682
Muscle,Isoleucylproline,GIP,positive,0.7320190423588147,0.006796483375637956,0.7584310403709481,12,0,,3,4,Old groups cluster; Young CD separate,-1.3198033257396966,-0.44889601269907653,445989165.6396677,301204778.98648846,591182984.4456922,293.11333333333334,183.1375,648.106
Liver,D-Glucono-δ-lactone,GIP,positive,0.7167234364171982,0.0087190837440461,0.7718346777285694,12,0,,3,4,Old groups cluster; Young CD separate,-1.4403641874794437,-0.44889601269907653,1097228.4011883242,787359.2484627903,1910089.1894490721,293.11333333333334,183.1375,648.106
Liver,L-Methionine,GIP,negative,-0.7088476393254273,0.009854426813019575,0.7718346777285694,12,0,,3,4,Old groups cluster; Young CD separate,1.224681185524427,-0.44889601269907653,13327673.989664333,17629347.02793015,6835677.00633739,293.11333333333334,183.1375,648.106
Liver,Glycerol 1-myristate,GIP,positive,0.7036334645306165,0.010664368238552045,0.7718346777285694,12,0,,3,4,Old groups cluster; Young CD separate,-2.0378847039389725,-0.44889601269907653,5613006.917605223,3897619.348373507,8393044.516369792,293.11333333333334,183.1375,648.106
Liver,Dihydroactinidiolide,Resistin,positive,0.7008600205367168,0.011114818398661805,0.7718346777285694,12,1,4M2,3,5,Old groups cluster; Young CD separate,-1.0591898773767818,0.4514552437965252,1798923.6863141032,1181388.320986654,3061494.4161270726,19981.716666666667,24078.628,37908.774999999994
Liver,1-arachidoyl-2-arachidonoyl-sn-glycero-3-phosphate,GIP,positive,0.7000799543632727,0.01124402066158409,0.7718346777285694,12,0,,3,4,Old groups cluster; Young CD separate,-1.0132674355189155,-0.44889601269907653,352728.13955347636,191183.55321084318,762178.0838493108,293.11333333333334,183.1375,648.106
Liver,Ethyl glucuronide,GIP,positive,0.7562982484431708,0.011361086942131242,0.7718346777285694,10,2,4M1;4M2,3,4,Old groups cluster; Young CD separate,-1.0895879638807553,-0.44889601269907653,11310418.321740057,8033260.750684263,12581181.080236085,293.11333333333334,183.1375,728.0733333333334
Muscle,2'-Deoxyguanosine 5'-monophosphate,GIP,negative,-0.6950668426199802,0.01210112833425374,0.7718346777285694,12,0,,3,4,Old groups cluster; Young CD separate,1.7184742552711147,-0.44889601269907653,64544602.564814694,138661338.62937075,75044377.2647998,293.11333333333334,183.1375,648.106
Liver,pro-met,GLP-1,positive,0.6872068688672176,0.01354117932237948,0.7718346777285694,12,1,2M33,3,4,Old groups cluster; Young CD separate,1.4216361713094703,0.7707687524700032,52395.68699899137,84341.48573637198,21703.688508597123,148.54000000000002,228.4175,113.734
Liver,4-Oxoproline,Insulin,positive,0.6738795697457789,0.016266953464030277,0.7718346777285694,12,1,2M26,3,4,Old groups cluster; Young CD separate,-1.1619385875715171,-0.5729614552088214,14281116.767927866,11722808.2132758,9222090.850647097,1614.1266666666666,1160.3125,660.682
Liver,val-arg,GLP-1,positive,0.6731281889546188,0.01643176221326703,0.7718346777285694,12,1,2M33,3,4,Old groups cluster; Young CD separate,2.267622999816602,0.7707687524700032,534011.1271261033,865724.2860815055,252240.12173827598,148.54000000000002,228.4175,113.734
Liver,ser-asn,GLP-1,positive,0.6678437492882053,0.017625736974823395,0.7718346777285694,12,1,2M33,3,4,Old groups cluster; Young CD separate,1.8908401957995038,0.7707687524700032,780409.7194335606,1453057.4802182915,329844.4695726506,148.54000000000002,228.4175,113.734
Liver,"Galactose-beta-1,4-xylose",Resistin,positive,0.724362894683804,0.01782238598320515,0.7718346777285694,10,3,2M26;2M33;4M2,3,3,Old groups cluster; Young CD separate,1.25612759397589,0.300165265160203,4903.460915050403,8225.60456561717,13889.084171988201,19981.716666666667,23066.373333333333,37908.774999999994
Liver,PEG n5,Resistin,positive,0.693591383838616,0.017928453894050966,0.7718346777285694,11,2,2M22;4M2,3,4,Old groups cluster; Young CD separate,0.7478569966302516,1.0019507238607326,2084117.6492598834,2425165.0425533075,3282679.7108662575,19981.716666666667,27397.1375,37908.774999999994
Liver,N-Acetyl-L-tyrosine,GIP,positive,0.6639403903756839,0.018547647192589188,0.7718346777285694,12,0,,3,4,Old groups cluster; Young CD separate,1.8146055792538955,-0.44889601269907653,723569.320417581,1038821.6913051307,1731879.07062122,293.11333333333334,183.1375,648.106
Muscle,Isopropyl cyanide,GIP,positive,0.6624544938162994,0.018907701521647478,0.7721153713157484,12,0,,3,4,Old groups cluster; Young CD separate,1.2089485219244331,-0.44889601269907653,4103642.6765523264,5083421.902970193,6342785.359576972,293.11333333333334,183.1375,648.106
Liver,Dimethylglycine,GIP,negative,-0.6573957380747395,0.020171914744962206,0.7795363683109683,12,0,,3,4,Old groups cluster; Young CD separate,1.0271077393000807,-0.44889601269907653,762295.738614319,1111918.5511924895,590649.5637740042,293.11333333333334,183.1375,648.106
Liver,N-Palmitoyl tyrosine,GIP,positive,0.6572848994451683,0.02020028678420555,0.7795363683109683,12,0,,3,4,Old groups cluster; Young CD separate,-1.073608649211171,-0.44889601269907653,15618785.001693837,7208825.413409254,19002302.778191995,293.11333333333334,183.1375,648.106
Liver,"1-(4,5-dihydro-1H-imidazol-2-yl)-3,5-dimethyl-1H-pyrazole hydrobromide",Insulin,positive,0.6503029904737831,0.022046925237262715,0.7876744772888639,12,1,2M26,3,4,Old groups cluster; Young CD separate,-1.1638653139500799,-0.5729614552088214,16779569.48033122,6563980.723940405,5811343.361296996,1614.1266666666666,1160.3125,660.682
Liver,4-Hydroxyproline,Resistin,positive,0.650169232457868,0.022083459860866253,0.7876744772888639,12,1,4M2,3,5,Old groups cluster; Young CD separate,1.0248268258317803,0.4514552437965252,750463.796350401,956298.3826896396,906072.732845178,19981.716666666667,24078.628,37908.774999999994
Liver,Gln-Gln,GLP-1,positive,0.6463202966093433,0.02315375300564915,0.7938359097329524,12,1,2M33,3,4,Old groups cluster; Young CD separate,1.4698274753389984,0.7707687524700032,354350.90275959263,513277.7439508195,201739.35854905858,148.54000000000002,228.4175,113.734
Liver,Glycyltyrosine,GLP-1,positive,0.6458691004115338,0.023281642161490885,0.7938359097329524,12,1,2M33,3,4,Old groups cluster; Young CD separate,1.0811233584923248,0.7707687524700032,552703.385380627,729355.1698562895,225321.0385556645,148.54000000000002,228.4175,113.734
Liver,Salvigenin,GIP,positive,0.6445441074793676,0.0236601714252021,0.796407168189471,12,0,,3,4,Old groups cluster; Young CD separate,-1.1535365879519421,-0.44889601269907653,112609.20030396733,34033.97598556398,327643.7759556544,293.11333333333334,183.1375,648.106
Liver,Dihydroxyacetone phosphate,Resistin,positive,0.6197086460216036,0.023878441348801797,0.796407168189471,13,0,,3,5,Old groups cluster; Young CD separate,1.3199788296853323,0.4514552437965252,635143.095888946,1027877.6002680407,1609924.8587877657,19981.716666666667,24078.628,31818.62
Liver,Monomethyl glutaric acid,GIP,positive,0.6292937526006863,0.028344840747294316,0.8053673965337975,12,0,,3,4,Old groups cluster; Young CD separate,-2.0832523435776875,-0.44889601269907653,269681.3167393683,176940.36645343027,352782.2771776276,293.11333333333334,183.1375,648.106
Muscle,Isosorbide Mononitrate,GLP-1,positive,0.6280883082127416,0.028741616715527073,0.8053673965337975,12,1,2M33,3,4,Old groups cluster; Young CD separate,1.2671307995718846,0.7707687524700032,6859184.332425553,8868352.281611465,4263309.896712952,148.54000000000002,228.4175,113.734
Liver,alpha-Tocopherol,Insulin,positive,0.6034949564404841,0.0289751090006156,0.8053673965337975,13,0,,3,5,Old groups cluster; Young CD separate,-1.7786651028611287,-0.7833395778180952,5069543.72692671,3791349.972290944,2454955.545723718,1614.1266666666666,1006.546,660.682
Muscle,LysoPC(15:0/0:0),GIP,negative,-0.6269283757251478,0.02912717791707651,0.8053673965337975,12,0,,3,4,Old groups cluster; Young CD separate,-1.1689712243848165,-0.44889601269907653,6794005.649209887,4492029.882490025,2986401.465064916,293.11333333333334,183.1375,648.106
Muscle,2-Ketobutyric acid,GIP,positive,0.6531883429595853,0.029313077460246792,0.8053673965337975,11,1,2M33,3,3,Old groups cluster; Young CD separate,-1.3358935061192025,-0.23084952860498786,4550468.855705187,3323555.8121705865,5179367.911990674,293.11333333333334,233.12333333333333,648.106
Liver,Melilotoside,GIP,negative,-0.6246043236345984,0.02991088538254515,0.8053673965337975,12,0,,3,4,Old groups cluster; Young CD separate,1.155642367928099,-0.44889601269907653,802575.7968692523,1023794.9863160144,102457.63184676607,293.11333333333334,183.1375,648.106
Liver,"[6]-Gingerdiol 3,5-diacetate",GIP,positive,0.6513319706301145,0.029934453184656217,0.8053673965337975,11,1,2M33,3,3,Old groups cluster; Young CD separate,-1.684771108657697,-0.23084952860498786,234853.23384690066,139250.03706119553,295156.53532525466,293.11333333333334,233.12333333333333,648.106
Liver,20-Hydroxyrhodopin,GLP-1,positive,0.6232032391007614,0.030390622451454113,0.8053673965337975,12,1,2M33,3,4,Old groups cluster; Young CD separate,1.8686715434077599,0.7707687524700032,874884.8721012906,1454307.478076875,74669.77062773082,148.54000000000002,228.4175,113.734
Muscle,Naphthalen-2-amine,GIP,positive,0.6226196221654622,0.030592079025389407,0.8053673965337975,12,0,,3,4,Old groups cluster; Young CD separate,-1.2279365865058354,-0.44889601269907653,182072.50830073934,117564.70531223403,246138.9845190742,293.11333333333334,183.1375,648.106
Liver,Ethyl glucuronide,Resistin,positive,0.6183822903211995,0.03208365239626902,0.8053673965337975,12,1,4M2,3,5,Old groups cluster; Young CD separate,-1.3131950179961078,0.4514552437965252,11310418.321740057,7325481.7021448845,16969330.292985138,19981.716666666667,24078.628,37908.774999999994
Muscle,Glycerophosphoinositol,Resistin,negative,-0.5931157557021045,0.032631257674703644,0.8070842244826016,13,0,,3,5,Old groups cluster; Young CD separate,-1.9518436480020247,0.4514552437965252,414371.91710162367,245706.15893252761,124477.97542041121,19981.716666666667,24078.628,31818.62
Muscle,N-Acetyl-1-aspartylglutamic acid,GIP,negative,-0.6154237288769167,0.033155560393271485,0.8089018711398693,12,0,,3,4,Old groups cluster; Young CD separate,5.2390642423399525,-0.44889601269907653,723579.188967246,1204809.9407585575,483156.4618234704,293.11333333333334,183.1375,648.106
Liver,"1,2-Didecanoyl-sn-glycero-3-phosphocholine",Resistin,negative,-0.5876870894858235,0.03467246108504928,0.8246808705942644,13,0,,3,5,Old groups cluster; Young CD separate,-1.1545991161221463,0.4514552437965252,73182.5851341977,50982.94859202382,34245.17481670764,19981.716666666667,24078.628,31818.62
Muscle,Bisphenol A,GIP,positive,0.6342194600365813,0.03610484023006415,0.8254855449604329,11,1,2M33,3,3,Old groups cluster; Young CD separate,2.5024479010528364,-0.23084952860498786,261753.045956516,341267.6460590193,371512.249692665,293.11333333333334,233.12333333333333,648.106
Liver,Micronomicin,GIP,positive,0.6341063948392162,0.03614833046306923,0.8254855449604329,11,1,4M2,3,4,Old groups cluster; Young CD separate,1.0719422783455486,-0.44889601269907653,1220877.1024552137,5312620.163454191,19664552.2324643,293.11333333333334,183.1375,663.5225
Muscle,4-Hydroxy-5-methyl-3-furanone,GLP-1,positive,0.6057880806305388,0.03682458921048024,0.8254855449604329,12,1,2M33,3,4,Old groups cluster; Young CD separate,1.3732461367577304,0.7707687524700032,1328772.8014147477,2363471.822226875,456658.543719458,148.54000000000002,228.4175,113.734
Liver,2-O-Methylascorbic acid,GIP,negative,-0.6036793697631871,0.03766461201955523,0.827402214621848,12,0,,3,4,Old groups cluster; Young CD separate,1.445420815865069,-0.44889601269907653,4294843.31293917,4993826.560348293,3710749.032588428,293.11333333333334,183.1375,648.106
Muscle,Dracunculin,GIP,positive,0.69199129190571,0.03888397486431257,0.8284645979623956,9,3,2M33;4M3;4M4,3,3,Old groups cluster; Young CD separate,-1.0578524414065749,-0.23084952860498786,10015.239117658659,7725.778949951543,22319.890733529566,293.11333333333334,233.12333333333333,539.3766666666667
Muscle,2-Hexenoylcarnitine,GIP,negative,-0.6006575681205845,0.03889205427085011,0.8284645979623956,12,0,,3,4,Old groups cluster; Young CD separate,-1.3883212215558938,-0.44889601269907653,160919.36426113933,124518.29008101675,78784.64789442711,293.11333333333334,183.1375,648.106
Muscle,Metronidazole,GIP,negative,-0.5993574249075224,0.03942882418217795,0.8284645979623956,12,0,,3,4,Old groups cluster; Young CD separate,1.956188352460378,-0.44889601269907653,283547.25234959164,507694.7771422528,121679.84971823795,293.11333333333334,183.1375,648.106
Liver,"PC(18:0/18:3(9Z,12Z,15Z))",GIP,positive,0.5987522481061697,0.039680462281456226,0.8286882636905457,12,0,,3,4,Old groups cluster; Young CD separate,-2.31253545982917,-0.44889601269907653,25711518.769589033,18143627.088788025,37285645.98225662,293.11333333333334,183.1375,648.106
Liver,Carbocysteine,GIP,positive,0.5932205911465545,0.042033735111904454,0.8342054032317431,12,0,,3,4,Old groups cluster; Young CD separate,-1.557823006885115,-0.44889601269907653,874050.5898792127,575933.6174681025,750213.0291860036,293.11333333333334,183.1375,648.106
Liver,6-Keto-decanoylcarnitine,GIP,negative,-0.6194171014425176,0.04211468265118985,0.8342054032317431,11,1,2M33,3,3,Old groups cluster; Young CD separate,-1.0184138049720723,-0.23084952860498786,623747.9223965066,424666.9978428643,382001.1704892222,293.11333333333334,233.12333333333333,648.106
Liver,Malonic acid,Insulin,negative,-0.568638789169633,0.042573668721648014,0.8342054032317431,13,0,,3,5,Old groups cluster; Young CD separate,1.1206923223847811,-0.7833395778180952,2193971.4800713398,2696859.567941808,3828223.719726,1614.1266666666666,1006.546,660.682
Muscle,2-Naphthalenesulfonic acid,Resistin,positive,0.5882096490869785,0.04424940357666559,0.8342054032317431,12,1,2M33,3,4,Old groups cluster; Young CD separate,1.1240548811851008,0.5277688918387164,168406.44415534608,254435.8501724855,510918.2070724466,19981.716666666667,25113.355,31818.62
Muscle,2-Isopropylmalic acid,GIP,positive,0.6142862548933166,0.04435006648464554,0.8342054032317431,11,1,2M33,3,3,Old groups cluster; Young CD separate,-1.2585086705371884,-0.23084952860498786,386236.4445277613,276330.9444514493,454962.0129596668,293.11333333333334,233.12333333333333,648.106
Liver,5-Ethyl-3-hydroxy-4-methyl-2(5H)-furanone,GIP,negative,-0.5860640606365027,0.04522289285498798,0.8392204792500317,12,0,,3,4,Old groups cluster; Young CD separate,1.357718308016957,-0.44889601269907653,411636.0948432027,622760.7299178675,316311.41944452457,293.11333333333334,183.1375,648.106
Liver,L-Phenylalanine,GIP,negative,-0.5846174123173266,0.04588773799187451,0.8423081545572892,12,0,,3,4,Old groups cluster; Young CD separate,1.0148188162821443,-0.44889601269907653,51485569.040914565,57869840.70576495,35150590.65073692,293.11333333333334,183.1375,648.106
Liver,"1-hexadecanoyl-2-(5Z,8Z,11Z,14Z-icosatetraenoyl)-sn-glycero-3-phosphoethanolamine",Glucagon,negative,-0.6726240412676658,0.047124993364458696,0.8447136436918836,9,4,2M22;4M1;4M2;4M3,3,4,Old groups cluster; Young CD separate,-0.9915132485929069,1.3277781571016114,75188.72876709883,38921.86191667655,253540.71516639699,224.83333333333334,339.1925,148.53
Liver,3-Ketosphingosine,GIP,positive,0.6077355097444407,0.047321429102628064,0.8447402562977896,11,1,4M2,3,4,Old groups cluster; Young CD separate,-1.318066983867219,-0.44889601269907653,836455.5400772503,738668.7355087145,874224.104769073,293.11333333333334,183.1375,663.5225
Liver,Glycerophosphocholine,GIP,negative,-0.5806434794046018,0.04774952267270747,0.8469873796240301,12,0,,3,4,Old groups cluster; Young CD separate,1.6462548463299682,-0.44889601269907653,131572.36454400027,189788.75436917675,107659.02844643503,293.11333333333334,183.1375,648.106
