"gene.id","age_baseMean","age_log2FoldChange","age_lfcSE","age_stat","age_pvalue","age_padj","id_baseMean","id_log2FoldChange","id_lfcSE","id_stat","id_pvalue","id_padj","age_direction","id_direction","same_direction","direction_class","rescue_fraction","rescue_interpretation","age_nominal","id_nominal","significance_class","limiting_pvalue","limiting_neg_log10_p","shared_effect_size","youth_shift_score"
"Kcnf1",67.1501514715996,1.90162715482149,0.350463477814512,5.42603516543302,5.76196117349312e-08,3.04888289621071e-06,55.2695684930223,1.38775902294491,0.358171052018427,3.87457058610509,0.00010681288059225,0.454097159691186,"Higher in young CD","Higher in old ID",TRUE,"Youth-like higher",0.729774508860115,"Partial/full youth-like shift",TRUE,TRUE,"Nominal in both",0.00010681288059225,3.97137637246818,1.38775902294491,5.51131339440295
"Ttr",171.263184979689,-8.31841116409449,1.66001623707192,-5.01104204785806,5.4136083045896e-07,1.97824503466971e-05,218.665665796948,-2.73256062519861,1.23689702257902,-2.20920624378335,0.0271602988052192,0.999946780809711,"Lower in young CD","Lower in old ID",TRUE,"Youth-like lower",0.328495498875243,"Partial/full youth-like shift",TRUE,TRUE,"Nominal in both",0.0271602988052192,1.56606545645545,2.73256062519861,4.27936880279386
"Serpina1c",268.038200464933,-9.95803331219405,2.09082312291117,-4.76273349145331,1.90988008042246e-06,5.56125436435439e-05,334.34526038372,-2.59966873915206,1.23754332715985,-2.10066886718082,0.0356700440657896,0.999946780809711,"Lower in young CD","Lower in old ID",TRUE,"Youth-like lower",0.26106246661865,"Partial/full youth-like shift",TRUE,TRUE,"Nominal in both",0.0356700440657896,1.44769635414588,2.59966873915206,3.76353095565745
"Ahsg",419.044418891239,-9.20523020090152,1.63440674825064,-5.63215381406996,1.77972842525777e-08,1.12282610008891e-06,521.825772672719,-2.4314565170443,1.15197814990461,-2.11067937117179,0.034799880277113,0.999946780809711,"Lower in young CD","Lower in old ID",TRUE,"Youth-like lower",0.264138589038889,"Partial/full youth-like shift",TRUE,TRUE,"Nominal in both",0.034799880277113,1.45842225016487,2.4314565170443,3.5460902847658
"Gc",397.31789079687,-10.0304870511502,1.97011457436361,-5.09132168335452,3.55576175886131e-07,1.40733809238792e-05,498.956874339814,-2.46509348453306,1.24282502719099,-1.98345980375421,0.047316092729704,0.999946780809711,"Lower in young CD","Lower in old ID",TRUE,"Youth-like lower",0.245760098384294,"Weak youth-like shift",TRUE,TRUE,"Nominal in both",0.047316092729704,1.32499112575143,2.46509348453306,3.26622699115397
"Cish",346.553413211971,3.93852333520026,0.480557228363469,8.19574257287285,2.49050829290171e-16,9.42753177643794e-14,90.8569490954497,1.58982504199954,0.608607378077241,2.61223425687385,0.00899525942180023,0.999946780809711,"Higher in young CD","Higher in old ID",TRUE,"Youth-like higher",0.403660180908565,"Partial/full youth-like shift",TRUE,TRUE,"Nominal in both",0.00899525942180023,2.04598630715649,1.58982504199954,3.25276026670554
"Lep",699.727086335286,-2.56157129246761,0.759902209590592,-3.37092228465514,0.000749169888239227,0.00586828299798296,895.289371815496,-1.40598864895238,0.518843460880903,-2.70985134237841,0.00673133703789259,0.999946780809711,"Lower in young CD","Lower in old ID",TRUE,"Youth-like lower",0.54887742265333,"Partial/full youth-like shift",TRUE,TRUE,"Nominal in both",0.00673133703789259,2.171898663784,1.40598864895238,3.05366486795515
"F10",36.5239006440882,-7.1669296297796,1.5888568248416,-4.51074603936961,6.46000244382725e-06,0.000147858939656158,46.225873759526,-2.00283945490212,0.952470395074247,-2.10278394505479,0.0354846600838884,0.999946780809711,"Lower in young CD","Lower in old ID",TRUE,"Youth-like lower",0.279455716514927,"Partial/full youth-like shift",TRUE,TRUE,"Nominal in both",0.0354846600838884,1.44995935062669,2.00283945490212,2.90403579543938
"Gm12940",55.7325907976061,1.40516699562021,0.234310502712611,5.99702949442129,2.00959572173517e-09,1.71489373641481e-07,46.13801573573,0.98119457287716,0.303482736453361,3.23311495192066,0.00122448280519718,0.999946780809711,"Higher in young CD","Higher in old ID",TRUE,"Youth-like higher",0.698276130833889,"Partial/full youth-like shift",TRUE,TRUE,"Nominal in both",0.00122448280519718,2.91204730907778,0.98119457287716,2.85728501562866
"Gm10032",12.8719707366135,2.21082948805693,0.819886145364188,2.69650792437149,0.00700707303643466,0.0312335203009918,8.51526159125313,1.75955117624158,0.796971924889137,2.20779568425367,0.0272585190594503,0.999946780809711,"Higher in young CD","Higher in old ID",TRUE,"Youth-like higher",0.795878282674811,"Partial/full youth-like shift",TRUE,TRUE,"Nominal in both",0.0272585190594503,1.56449774284397,1.75955117624158,2.7528138436484
"Mup3",65.8374766619486,-4.30124166587738,0.872757895503963,-4.92833314718245,8.29341164235111e-07,2.76378411006838e-05,87.4183082720126,-1.55381913213193,0.653861517976293,-2.37637342069161,0.0174837589516427,0.999946780809711,"Lower in young CD","Lower in old ID",TRUE,"Youth-like lower",0.361248972467344,"Partial/full youth-like shift",TRUE,TRUE,"Nominal in both",0.0174837589516427,1.75736518975348,1.55381913213193,2.73062765398162
"Col6a6",158.026353475037,1.01130689197626,0.22320496723185,4.53084402429889,5.8748502247899e-06,0.000137231667513565,165.718840288573,1.05198124397678,0.349623258573468,3.00889948874991,0.00262195842374582,0.999946780809711,"Higher in young CD","Higher in old ID",TRUE,"Youth-like higher",1.04021959340259,"Partial/full youth-like shift",TRUE,TRUE,"Nominal in both",0.00262195842374582,2.58137419917565,1.01130689197626,2.61056151839604
"Apoa1",319.696890660483,-7.83421683294869,1.71339066854686,-4.57234708742342,4.82291168068322e-06,0.000116542827696259,396.848326532995,-2.05542233738064,1.14631218704534,-1.79307378967903,0.0729611259916776,0.999946780809711,"Lower in young CD","Lower in old ID",TRUE,"Youth-like lower",0.262364749560679,"Partial/full youth-like shift",TRUE,FALSE,"Age contrast only",0.0729611259916776,1.13690847226463,2.05542233738064,2.33682706945003
"Cyp2c55",80.1488433708639,-5.65550341594387,1.74480812207167,-3.24133258230647,0.00118972293266694,0.00825958288307467,101.200538219379,-2.17113954684284,1.29232274814924,-1.68002888593594,0.092951695685008,0.999946780809711,"Lower in young CD","Lower in old ID",TRUE,"Youth-like lower",0.383898547514269,"Partial/full youth-like shift",TRUE,FALSE,"Age contrast only",0.092951695685008,1.03174268313872,2.17113954684284,2.24005734152822
"Clca6",86.6478843525926,-4.57230689197143,1.09791514649954,-4.1645357626673,3.11986723475063e-05,0.000506138461391468,103.113238347721,-1.72344354887836,0.906336387196674,-1.90154954962034,0.0572300688436547,0.999946780809711,"Lower in young CD","Lower in old ID",TRUE,"Youth-like lower",0.376930855604766,"Partial/full youth-like shift",TRUE,FALSE,"Age contrast only",0.0572300688436547,1.24237573166629,1.72344354887836,2.14116444002329
"Wfdc21",20.4536181314435,-3.59943022798796,0.917521140299212,-3.92299432666386,8.74552114882001e-05,0.0011221418612494,24.7416217363731,-1.51488025228978,0.74078717850643,-2.04496014002843,0.0408587879875062,0.999946780809711,"Lower in young CD","Lower in old ID",TRUE,"Youth-like lower",0.420866680651449,"Partial/full youth-like shift",TRUE,TRUE,"Nominal in both",0.0408587879875062,1.38871452018387,1.51488025228978,2.10373620269462
"Fat3",68.3206051397932,-2.00528577945494,0.240440227608593,-8.34005939604786,7.42532281275605e-17,3.32181941468841e-14,97.9536141939563,-0.61754307439234,0.178490360976178,-3.45981189692793,0.00054055285352166,0.984887299116464,"Lower in young CD","Lower in old ID",TRUE,"Youth-like lower",0.307957639115256,"Partial/full youth-like shift",TRUE,TRUE,"Nominal in both",0.00054055285352166,3.26716183571514,0.61754307439234,2.01761316456485
"Ugt2b34",56.3084699495874,-6.24866345081809,1.65146949865742,-3.78369897591086,0.000154514689398024,0.00176146745913747,76.3086868230621,-1.92678482718907,1.15094780825473,-1.67408531765728,0.0941138328890321,0.999946780809711,"Lower in young CD","Lower in old ID",TRUE,"Youth-like lower",0.30835151266417,"Partial/full youth-like shift",TRUE,FALSE,"Age contrast only",0.0941138328890321,1.02634653910348,1.92678482718907,1.97754893898259
"Gm12725",16.309377749327,-1.3332807475404,0.603914287256238,-2.20773175212975,0.0272629780405509,0.0854886288115648,17.1895884937808,-1.24571770808314,0.535764344701137,-2.3251224543097,0.0200654132997737,0.999946780809711,"Lower in young CD","Lower in old ID",TRUE,"Youth-like lower",0.934325130233228,"Partial/full youth-like shift",TRUE,TRUE,"Nominal in both",0.0272629780405509,1.56442670624394,1.24571770808314,1.94883405096625
"Cyp4f14",42.637255979636,-5.97583661674326,0.598945253419322,-9.9772668413812,1.91673797551927e-23,2.57243661205372e-20,64.6959177266698,-1.00368985569248,0.399813026480622,-2.51039808414328,0.0120595127240462,0.999946780809711,"Lower in young CD","Lower in old ID",TRUE,"Youth-like lower",0.167958048397828,"Weak youth-like shift",TRUE,TRUE,"Nominal in both",0.0120595127240462,1.91867023991836,1.00368985569248,1.92574985622511
"Ikzf4",14.3402671208451,2.64125083802536,0.532825826780138,4.95706233683607,7.15670199934002e-07,2.4344329865497e-05,7.24338584206711,1.25238695190674,0.574059469802487,2.18163277114415,0.0291366462499977,0.999946780809711,"Higher in young CD","Higher in old ID",TRUE,"Youth-like higher",0.474164336789399,"Partial/full youth-like shift",TRUE,TRUE,"Nominal in both",0.0291366462499977,1.53556043880288,1.25238695190674,1.92311585742092
"Folh1",16.8611877042621,-4.70134298986268,0.736540655460629,-6.3830054118635,1.73645767047215e-10,2.08417273082767e-08,25.2970230504143,-1.13155732260323,0.493174700968552,-2.29443505593646,0.0217655214695118,0.999946780809711,"Lower in young CD","Lower in old ID",TRUE,"Youth-like lower",0.240688102323775,"Weak youth-like shift",TRUE,TRUE,"Nominal in both",0.0217655214695118,1.66223092333229,1.13155732260323,1.88090957315418
"2200002D01Rik",20.8301116712982,-2.26495281161499,0.661072037834616,-3.42618153845078,0.000612131109169913,0.00501770769832062,22.9477765205333,-1.36145855390061,0.671003251313688,-2.0289895037545,0.0424593594129262,0.999946780809711,"Lower in young CD","Lower in old ID",TRUE,"Youth-like lower",0.601097977370152,"Partial/full youth-like shift",TRUE,TRUE,"Nominal in both",0.0424593594129262,1.37202656234925,1.36145855390061,1.86795729948923
"Gsta3",89.222883745693,-2.59920546203782,0.654570570675954,-3.97085597562644,7.16148645480123e-05,0.000965525338193887,110.588781257228,-1.22080692190839,0.565041718211867,-2.16056068527428,0.030729291114308,0.999946780809711,"Lower in young CD","Lower in old ID",TRUE,"Youth-like lower",0.469684655460541,"Partial/full youth-like shift",TRUE,TRUE,"Nominal in both",0.030729291114308,1.51244745824982,1.22080692190839,1.84640632605413
"Aldob",191.225234114155,-7.76891068043454,1.46223777267755,-5.31302830880143,1.07818280862927e-07,5.2017035306516e-06,253.664152330391,-1.91181097756049,1.21395298671065,-1.57486409975461,0.115287816819569,0.999946780809711,"Lower in young CD","Lower in old ID",TRUE,"Youth-like lower",0.246084818863377,"Weak youth-like shift",TRUE,FALSE,"Age contrast only",0.115287816819569,0.938216584878713,1.91181097756049,1.79369276630044
"Fam83h",19.7286068718018,-1.49641064943273,0.400039404827337,-3.74065812361311,0.000183539034156594,0.00199380924301236,22.1407437599656,-1.06914097723296,0.463727636823844,-2.30553646652527,0.0211365468630989,0.999946780809711,"Lower in young CD","Lower in old ID",TRUE,"Youth-like lower",0.714470307758273,"Partial/full youth-like shift",TRUE,TRUE,"Nominal in both",0.0211365468630989,1.67496596314014,1.06914097723296,1.79077474666359
"Fgg",463.426388954624,-10.4184687912064,1.81668179176776,-5.7348892020702,9.7576111953852e-09,6.73138383539587e-07,549.923683136023,-1.79301323634307,1.09839861946905,-1.63238846495436,0.102597677570286,0.999946780809711,"Lower in young CD","Lower in old ID",TRUE,"Youth-like lower",0.172099496795195,"Weak youth-like shift",TRUE,FALSE,"Age contrast only",0.102597677570286,0.988862469924251,1.79301323634307,1.77304349749708
"Serpina1b",335.749104729456,-9.31499822832111,1.94504081900219,-4.78910166682247,1.67529593213687e-06,5.04710985248279e-05,415.957408821347,-1.8233363282776,1.12996664436906,-1.61361960316598,0.106609962127212,0.999946780809711,"Lower in young CD","Lower in old ID",TRUE,"Youth-like lower",0.195741994103012,"Weak youth-like shift",TRUE,FALSE,"Age contrast only",0.106609962127212,0.972202210931154,1.8233363282776,1.77265160962258
"Galr2",33.1077935022852,2.64847506324488,0.433693042282561,6.10679629376978,1.0165084071295e-09,9.74461923016416e-08,15.1695108166533,1.09179744734132,0.487095179216843,2.24144580756624,0.0249972121373473,0.999946780809711,"Higher in young CD","Higher in old ID",TRUE,"Youth-like higher",0.412236257193097,"Partial/full youth-like shift",TRUE,TRUE,"Nominal in both",0.0249972121373473,1.60210842416315,1.09179744734132,1.74917788786535
"Alb",4890.31074612559,-9.22361036259086,1.15543098924696,-7.98283103744888,1.43014610156351e-15,4.79846520395049e-13,6309.57139135186,-1.49476567358178,0.835701166008474,-1.78863657773887,0.0736733630693972,0.999946780809711,"Lower in young CD","Lower in old ID",TRUE,"Youth-like lower",0.162058631579263,"Weak youth-like shift",TRUE,FALSE,"Age contrast only",0.0736733630693972,1.1326895048547,1.49476567358178,1.69310539068315
"Casp12",329.046619789811,0.824617318087481,0.208525728900825,3.95451114082746,7.66912984325045e-05,0.00101815974708549,287.619173186005,0.466935264624147,0.129193775508387,3.61422415891727,0.000301248348209306,0.640353572176916,"Higher in young CD","Higher in old ID",TRUE,"Youth-like higher",0.566244795473252,"Partial/full youth-like shift",TRUE,TRUE,"Nominal in both",0.000301248348209306,3.52107532571351,0.466935264624147,1.64411423897359
"Npr3",602.464868141183,-2.46537129104287,0.464989064371879,-5.30199843381945,1.14541824428224e-07,5.47243027195426e-06,786.153722249243,-1.12304914215689,0.531376566022177,-2.11347133834656,0.0345604456733797,0.999946780809711,"Lower in young CD","Lower in old ID",TRUE,"Youth-like lower",0.455529415077204,"Partial/full youth-like shift",TRUE,TRUE,"Nominal in both",0.0345604456733797,1.46142066572319,1.12304914215689,1.64124722497078
"Slc6a2",37.4172264728718,0.832077606775856,0.229269734020565,3.62925185188735,0.000284243822172768,0.00278268670207996,39.8824101179616,0.882116268580842,0.350942710126231,2.51356202345264,0.0119518759760078,0.999946780809711,"Higher in young CD","Higher in old ID",TRUE,"Youth-like higher",1.06013701293907,"Partial/full youth-like shift",TRUE,TRUE,"Nominal in both",0.0119518759760078,1.92256392215643,0.832077606775856,1.59972238722152
"Arg1",67.9683362900597,-8.78578669533551,1.36109480261679,-6.45494103602795,1.08261046196902e-10,1.35445578390243e-08,107.727364835137,-1.78716557361369,1.17532245195438,-1.52057469049613,0.128366602167322,0.999946780809711,"Lower in young CD","Lower in old ID",TRUE,"Youth-like lower",0.203415543261768,"Weak youth-like shift",TRUE,FALSE,"Age contrast only",0.128366602167322,0.891547954313367,1.78716557361369,1.59334381117456
"Cela1",13.9164907700031,-3.27587497156619,0.62401213457035,-5.24969754606091,1.52349143168111e-07,7.02853250184634e-06,20.8620753981545,-1.01417925479448,0.459868141701668,-2.2053696762765,0.0274281641261331,0.999946780809711,"Lower in young CD","Lower in old ID",TRUE,"Youth-like lower",0.309590342609933,"Partial/full youth-like shift",TRUE,TRUE,"Nominal in both",0.0274281641261331,1.56180326044406,1.01417925479448,1.58394846681275
"Fga",613.62518060771,-11.574947469745,2.27037705882287,-5.09824895594492,3.4280977807083e-07,1.37151781941996e-05,722.450159170279,-1.76773771388592,1.22747040642426,-1.44014691078012,0.149825839477263,0.999946780809711,"Lower in young CD","Lower in old ID",TRUE,"Youth-like lower",0.152721013940365,"Weak youth-like shift",TRUE,FALSE,"Age contrast only",0.149825839477263,0.824413280263738,1.76773771388592,1.45734644735061
"Lipc",15.3994160950626,-7.4716253518545,2.3318643770449,-3.2041423272322,0.00135465491476792,0.00909862170460365,18.9451629741039,-2.11816004155514,1.71058093138919,-1.2382694105183,0.215616182153415,0.999946780809711,"Lower in young CD","Lower in old ID",TRUE,"Youth-like lower",0.283493877410408,"Partial/full youth-like shift",TRUE,FALSE,"Age contrast only",0.215616182153415,0.666318648141118,2.11816004155514,1.41136953543556
"Rian",1252.13069980889,1.98048870410265,0.244045670916041,8.1152380071679,4.84833630827461e-16,1.70419021235853e-13,600.533194081245,0.493281488148047,0.154946100688553,3.18356825990452,0.00145471809502643,0.999946780809711,"Higher in young CD","Higher in old ID",TRUE,"Youth-like higher",0.249070589055215,"Weak youth-like shift",TRUE,TRUE,"Nominal in both",0.00145471809502643,2.83722115900543,0.493281488148047,1.39954867551933
"Pdgfrl",25.9012028868975,0.810131366054509,0.352136977218419,2.30061430200786,0.0214134419079229,0.0711356082103209,27.0702692435687,0.957205683357611,0.388964949862329,2.46090472598214,0.0138587162756092,0.999946780809711,"Higher in young CD","Higher in old ID",TRUE,"Youth-like higher",1.18154378840975,"Partial/full youth-like shift",TRUE,TRUE,"Nominal in both",0.0214134419079229,1.66931352039928,0.810131366054509,1.35236324265433
"Krt8",253.610543789023,-6.85253917246666,1.30429122574797,-5.25384134861212,1.4895920759604e-07,6.91536094886899e-06,342.648322745317,-1.31645277680836,0.818515678578098,-1.608341551985,0.107760394931868,0.999946780809711,"Lower in young CD","Lower in old ID",TRUE,"Youth-like lower",0.192111674763982,"Weak youth-like shift",TRUE,FALSE,"Age contrast only",0.107760394931868,0.967540825633097,1.31645277680836,1.27372180658014
"Tnfsf10",286.133615180931,1.02348888033461,0.222526171887878,4.59940901176471,4.23691196019695e-06,0.000104249218780646,242.990476380341,0.618780588771304,0.236746885931402,2.61367994910226,0.00895729003287635,0.999946780809711,"Higher in young CD","Higher in old ID",TRUE,"Youth-like higher",0.604579688808153,"Partial/full youth-like shift",TRUE,TRUE,"Nominal in both",0.00895729003287635,2.04782336330496,0.618780588771304,1.26715334644548
"Mat1a",235.43343149298,-11.405864266023,2.2829702913983,-4.99606337804642,5.85124376396834e-07,2.0715086735603e-05,292.59559226142,-1.56972234047302,1.12965261775995,-1.38956199082308,0.164661924416536,0.999946780809711,"Lower in young CD","Lower in old ID",TRUE,"Youth-like lower",0.137624147005596,"Weak youth-like shift",TRUE,FALSE,"Age contrast only",0.164661924416536,0.783406813261929,1.56972234047302,1.22973117645603
"Tmem132b",85.7504390676932,-3.72315087232325,0.377294743353409,-9.86801681685718,5.7285980668667e-23,6.50548409701178e-20,149.693160322557,-0.599929666898688,0.230023028930433,-2.60812871514759,0.00910387143449985,0.999946780809711,"Lower in young CD","Lower in old ID",TRUE,"Youth-like lower",0.161134933144498,"Weak youth-like shift",TRUE,TRUE,"Nominal in both",0.00910387143449985,2.04077388404232,0.599929666898688,1.22432079646905
"Socs2",553.307910682398,1.72216182379017,0.249414498099471,6.90481843242063,5.02676790739869e-12,9.05002129474719e-10,324.78438424535,0.574152723620923,0.21429472659838,2.67926669374823,0.00737836012015393,0.999946780809711,"Higher in young CD","Higher in old ID",TRUE,"Youth-like higher",0.333390692842857,"Partial/full youth-like shift",TRUE,TRUE,"Nominal in both",0.00737836012015393,2.13204015171441,0.574152723620923,1.22411665997599
"Pifo",13.640181427577,-2.25205736593173,0.61199329981095,-3.67987258459759,0.000233350518858467,0.00240737505933441,16.8440863311814,-1.08091829574914,0.610116597538737,-1.77165856511634,0.076451251663096,0.999946780809711,"Lower in young CD","Lower in old ID",TRUE,"Youth-like lower",0.479969254824882,"Partial/full youth-like shift",TRUE,FALSE,"Age contrast only",0.076451251663096,1.116615399906,1.08091829574914,1.20697001507364
"A630072M18Rik",57.5654026754717,1.19122495452112,0.394724664303702,3.01786298715954,0.00254563969786677,0.0145607434558726,47.214605854731,1.07024199287812,0.600866733829051,1.78116366345986,0.0748857178491595,0.999946780809711,"Higher in young CD","Higher in old ID",TRUE,"Youth-like higher",0.898438190718028,"Partial/full youth-like shift",TRUE,FALSE,"Age contrast only",0.0748857178491595,1.12560100273772,1.07024199287812,1.20466546035563
"Actc1",16295.7885496569,1.77600801157424,0.417357919154748,4.25535956085628,2.08713336323527e-05,0.000370340743286566,10317.2336161917,0.868455632283305,0.425790524669785,2.03963118474001,0.0413870736184295,0.999946780809711,"Higher in young CD","Higher in old ID",TRUE,"Youth-like higher",0.488993082589483,"Partial/full youth-like shift",TRUE,TRUE,"Nominal in both",0.0413870736184295,1.38313528044385,0.868455632283305,1.20119162451121
"Hp",758.302233887984,-1.90671422796995,0.791631316758195,-2.40858867961177,0.0160143351737883,0.0573973367736431,898.616521037816,-1.04124405446208,0.581934695642767,-1.78927990074898,0.0735697493403225,0.999946780809711,"Lower in young CD","Lower in old ID",TRUE,"Youth-like lower",0.546093399413438,"Partial/full youth-like shift",TRUE,FALSE,"Age contrast only",0.0735697493403225,1.1333007236408,1.04124405446208,1.18004264040855
"Syt9",55.362395913277,-2.79072342698719,0.329004159197626,-8.48233479416551,2.20719373163832e-17,1.08616003533922e-14,82.4145029313405,-0.683291583360021,0.300338152434025,-2.27507420493345,0.0229014787717588,0.999946780809711,"Lower in young CD","Lower in old ID",TRUE,"Youth-like lower",0.244843891283662,"Weak youth-like shift",TRUE,TRUE,"Nominal in both",0.0229014787717588,1.64013647391863,0.683291583360021,1.12069144819038
"Dera",164.061794333695,-0.494035422134832,0.166777421150595,-2.96224404194817,0.00305405615000179,0.0166250114094677,172.9481627763,-0.443562030655798,0.13547825123915,-3.27404603025773,0.00106019339696447,0.999946780809711,"Lower in young CD","Lower in old ID",TRUE,"Youth-like lower",0.897834468506473,"Partial/full youth-like shift",TRUE,TRUE,"Nominal in both",0.00305405615000179,2.51512298253442,0.443562030655798,1.11561305748204
"Meg3",739.203810913268,2.11451714082345,0.213459165511842,9.90595618488984,3.92200216682208e-23,4.82504316573286e-20,324.119114061653,0.502539145937103,0.183692201494311,2.73576745147053,0.00622349896437945,0.999946780809711,"Higher in young CD","Higher in old ID",TRUE,"Youth-like higher",0.237661419827224,"Weak youth-like shift",TRUE,TRUE,"Nominal in both",0.00622349896437945,2.20596537838406,0.502539145937103,1.10858395721994
"Ddc",15.9126273987467,-2.63223960899087,0.498672429559609,-5.27849436415699,1.3024967153865e-07,6.15460109429e-06,22.698738781043,-0.741710195651308,0.346098444332377,-2.14306133933097,0.0321081732935776,0.999946780809711,"Lower in young CD","Lower in old ID",TRUE,"Youth-like lower",0.281779133296934,"Partial/full youth-like shift",TRUE,TRUE,"Nominal in both",0.0321081732935776,1.49338440172363,0.741710195651308,1.10765843678504
"Gbp4",359.710481621476,0.78947847987453,0.222469385271739,3.54870616876209,0.000387128806141754,0.00351920108686621,379.014835164983,0.811103258359729,0.39435147861258,2.05680288359354,0.0397051906058399,0.999946780809711,"Higher in young CD","Higher in old ID",TRUE,"Youth-like higher",1.02739121969308,"Partial/full youth-like shift",TRUE,TRUE,"Nominal in both",0.0397051906058399,1.40115271479558,0.78947847987453,1.10617991534888
"Fetub",38.4434747381515,-4.71314387926123,1.00007837505538,-4.71277451529761,2.44366551320296e-06,6.80676112668213e-05,49.3428498885624,-1.06093560575293,0.632647375494768,-1.6769778028767,0.0935468225025982,0.999946780809711,"Lower in young CD","Lower in old ID",TRUE,"Youth-like lower",0.225101467922772,"Weak youth-like shift",TRUE,FALSE,"Age contrast only",0.0935468225025982,1.02897095955921,1.06093560575293,1.09167192828212
"Tgtp1",131.207235177226,0.830815267989293,0.327575283983481,2.53625749136552,0.0112044315970428,0.0441802947828907,154.297843169407,0.968868854848529,0.493718703634582,1.96239042133924,0.0497170470986866,0.999946780809711,"Higher in young CD","Higher in old ID",TRUE,"Youth-like higher",1.16616640567204,"Partial/full youth-like shift",TRUE,TRUE,"Nominal in both",0.0497170470986866,1.30349467381216,0.830815267989293,1.08296327674587
"Frem2",38.4298625908434,0.844534682883407,0.431501649227732,1.95719920050106,0.0503240527881843,0.133645258375961,39.1932367945319,0.827586065824025,0.324051409764917,2.55387275254997,0.010653218134881,0.999946780809711,"Higher in young CD","Higher in old ID",TRUE,"Youth-like higher",0.979931413827179,"Partial/full youth-like shift",FALSE,TRUE,"ID contrast only",0.0503240527881843,1.29822439076094,0.827586065824025,1.07439241610664
"Gnb3",24.8124777165691,-0.959269047718613,0.510527744961606,-1.87897534891224,0.0602478592464456,0.151213727653056,27.8862410047132,-0.843194014686906,0.39572068937361,-2.13078071814139,0.0331072115798732,0.999946780809711,"Lower in young CD","Lower in old ID",TRUE,"Youth-like lower",0.878996374054012,"Partial/full youth-like shift",FALSE,TRUE,"ID contrast only",0.0602478592464456,1.22005838002236,0.843194014686906,1.02874592360346
"Itga2",36.3771441115664,0.746617394728338,0.371570373053775,2.00935663570864,0.0444993255834695,0.121904535830165,36.2088901134476,0.886935610701525,0.386517006503797,2.29468715678054,0.0217510593540194,0.999946780809711,"Higher in young CD","Higher in old ID",TRUE,"Youth-like higher",1.18793858402434,"Partial/full youth-like shift",TRUE,TRUE,"Nominal in both",0.0444993255834695,1.35164657098754,0.746617394728338,1.00916284142421
"B430119L08Rik",13.2110847228723,-1.36010949720656,0.895568728507722,-1.51871035009552,0.12883542021689,0.262825908614967,14.4246833877013,-1.10553640465793,0.607750500321116,-1.81906292808282,0.0689018300752902,0.999946780809711,"Lower in young CD","Lower in old ID",TRUE,"Youth-like lower",0.812828972173578,"Partial/full youth-like shift",FALSE,FALSE,"Neither nominal",0.12883542021689,0.889964721681313,1.10553640465793,0.983888398679954
"Pcx",3483.0057355972,0.881356766721,0.255314369308712,3.45204529266158,0.000556354327761794,0.00464299544417601,2950.58958050329,0.505353098401126,0.200201997664083,2.52421606326353,0.0115956635186261,0.999946780809711,"Higher in young CD","Higher in old ID",TRUE,"Youth-like higher",0.573380857199567,"Partial/full youth-like shift",TRUE,TRUE,"Nominal in both",0.0115956635186261,1.93570439543192,0.505353098401126,0.978214213820199
"Rgs6",20.6379498657145,0.992840939384158,0.405824729495426,2.44647717899938,0.0144259929737463,0.0532826955895465,18.4947983804344,0.78720683850385,0.416367806360937,1.890652510779,0.0586707456615615,0.999946780809711,"Higher in young CD","Higher in old ID",TRUE,"Youth-like higher",0.7928831369425,"Partial/full youth-like shift",TRUE,FALSE,"Age contrast only",0.0586707456615615,1.23157839218858,0.78720683850385,0.969506932484429
"Aldh3a1",11.5268612697285,-2.96744914160176,0.722540103189675,-4.1069680817741,4.00886601102832e-05,0.000621661345933234,16.7703163614741,-0.921078212427763,0.544904545908652,-1.69034782209758,0.0909614311032888,0.999946780809711,"Lower in young CD","Lower in old ID",TRUE,"Youth-like lower",0.310393933804906,"Partial/full youth-like shift",TRUE,FALSE,"Age contrast only",0.0909614311032888,1.04114271547762,0.921078212427763,0.958973871254314
"Gm10602",24.8933063966749,0.981347736582604,0.322609340962615,3.04190738449922,0.00235084213983279,0.0136851271728515,22.9573611565717,0.734719639960602,0.376706354358658,1.9503776123221,0.0511311282200546,0.999946780809711,"Higher in young CD","Higher in old ID",TRUE,"Youth-like higher",0.748684296678721,"Partial/full youth-like shift",TRUE,FALSE,"Age contrast only",0.0511311282200546,1.29131462436053,0.734719639960602,0.948754215886028
"Scx",63.2786663703006,-0.997375741996075,0.193010947808363,-5.16745683766264,2.37300743974645e-07,1.01250603563517e-05,76.8882257960498,-0.513362808932777,0.20938495186301,-2.45176553694577,0.0142157256212444,0.999946780809711,"Lower in young CD","Lower in old ID",TRUE,"Youth-like lower",0.51471355008632,"Partial/full youth-like shift",TRUE,TRUE,"Nominal in both",0.0142157256212444,1.84723096747129,0.513362808932777,0.948299678208672
"Piwil2",60.951333985751,1.02199900894104,0.249894363361129,4.08972413461011,4.31886548388603e-05,0.000657991859015578,49.6185531545634,0.514736075611045,0.210807758374115,2.44173212400255,0.0146169880866973,0.999946780809711,"Higher in young CD","Higher in old ID",TRUE,"Youth-like higher",0.503656139690778,"Partial/full youth-like shift",TRUE,TRUE,"Nominal in both",0.0146169880866973,1.83514210700089,0.514736075611045,0.944613846346224
"Fosb",65.5040245310255,-2.08373308100809,0.781313823195014,-2.66696046984951,0.00765406740387337,0.0333422829989326,118.353138800873,-1.0769312751621,0.718935390788871,-1.4979527909739,0.134145516407253,0.999946780809711,"Lower in young CD","Lower in old ID",TRUE,"Youth-like lower",0.516827843727994,"Partial/full youth-like shift",TRUE,FALSE,"Age contrast only",0.134145516407253,0.872423838326591,1.0769312751621,0.93954051669087
"Ces2c",57.4776874442709,-3.70722291949927,0.79114058715804,-4.68592179402206,2.78702679214265e-06,7.60533762151608e-05,88.4867201570587,-0.758795943574677,0.403574867567115,-1.88018631623162,0.060082689864311,0.999946780809711,"Lower in young CD","Lower in old ID",TRUE,"Youth-like lower",0.204680419832203,"Weak youth-like shift",TRUE,FALSE,"Age contrast only",0.060082689864311,1.2212506324773,0.758795943574677,0.926680026011785
"Hbegf",232.126202016871,0.791409154327109,0.142481935354076,5.55445258629041,2.78483087943848e-08,1.65110274189358e-06,207.584707177572,0.523055894879567,0.219507471801461,2.38286146064612,0.0171786579126138,0.999946780809711,"Higher in young CD","Higher in old ID",TRUE,"Youth-like higher",0.660917165311655,"Partial/full youth-like shift",TRUE,TRUE,"Nominal in both",0.0171786579126138,1.76501076855562,0.523055894879567,0.923199287018934
"Lsr",17.6830982922361,-2.64912800747542,0.591705850462064,-4.47710294803865,7.56627690059181e-06,0.000167719137963119,22.9207115131998,-0.802136046268344,0.444392814047033,-1.80501578988955,0.071072211209007,0.999946780809711,"Lower in young CD","Lower in old ID",TRUE,"Youth-like lower",0.302792482660273,"Partial/full youth-like shift",TRUE,FALSE,"Age contrast only",0.071072211209007,1.14830017251408,0.802136046268344,0.9210929603097
"Ccdc149",29.0675586106173,0.705955072403375,0.332975894556381,2.12013867653665,0.0339943521148961,0.100653554005658,27.5009927061132,0.621184542017717,0.259270185916737,2.39589654252497,0.0165797693226871,0.999946780809711,"Higher in young CD","Higher in old ID",TRUE,"Youth-like higher",0.879920785756149,"Partial/full youth-like shift",TRUE,TRUE,"Nominal in both",0.0339943521148961,1.46859323146021,0.621184542017717,0.912267413894931
"2310007L24Rik",22.9930859072142,0.7245727291519,0.379418953935879,1.90969038746112,0.0561730893724973,0.144222165787299,26.1030996734823,0.904785627108946,0.368025060726043,2.45848917278616,0.0139522983582375,0.999946780809711,"Higher in young CD","Higher in old ID",TRUE,"Youth-like higher",1.24871609254185,"Partial/full youth-like shift",FALSE,TRUE,"ID contrast only",0.0561730893724973,1.25047169041026,0.7245727291519,0.906057685447755
"Gm14296",245.90867211849,0.614684359153677,0.289275432364955,2.12491034626881,0.0335940944935343,0.0996749620331208,254.389150335274,0.711162465998071,0.282643417893931,2.51611189567823,0.0118657504228127,0.999946780809711,"Higher in young CD","Higher in old ID",TRUE,"Youth-like higher",1.15695552588523,"Partial/full youth-like shift",TRUE,TRUE,"Nominal in both",0.0335940944935343,1.47373706053529,0.614684359153677,0.905883120616159
"Apoh",109.424410233151,-5.04254817103007,0.950249593284795,-5.30655125418064,1.11718757854951e-07,5.37232580525289e-06,137.691130516208,-1.11000429975764,0.781480477214993,-1.42038647428971,0.155495198336081,0.999946780809711,"Lower in young CD","Lower in old ID",TRUE,"Youth-like lower",0.220127654136201,"Weak youth-like shift",TRUE,FALSE,"Age contrast only",0.155495198336081,0.808283017366025,1.11000429975764,0.897197624697367
"Lypd8",217.601081087917,-6.33314754134335,1.94840013235472,-3.25043477270221,0.0011522869813594,0.00811216628793938,285.344025420785,-1.46594377865964,1.28081820649623,-1.14453696178307,0.252401018309353,0.999946780809711,"Lower in young CD","Lower in old ID",TRUE,"Youth-like lower",0.231471597509742,"Weak youth-like shift",TRUE,FALSE,"Age contrast only",0.252401018309353,0.597908897267678,1.46594377865964,0.876500828154799
"Sncg",317.083344664475,-1.97924925966404,0.346614480369058,-5.7102324679472,1.12821959238063e-08,7.57086629196148e-07,466.023202411356,-0.574463562879974,0.26515500043207,-2.16651981649935,0.0302714872415585,0.999946780809711,"Lower in young CD","Lower in old ID",TRUE,"Youth-like lower",0.290243161681154,"Partial/full youth-like shift",TRUE,TRUE,"Nominal in both",0.0302714872415585,1.51896624158273,0.574463562879974,0.872590759034019
"Mettl7b",37.0198755011824,-5.23436526412399,1.23324171925372,-4.2443952247184,2.1918374846444e-05,0.000385674574324259,50.1086877131705,-1.19157589572764,0.90596426653043,-1.31525705786501,0.188423524879827,0.999946780809711,"Lower in young CD","Lower in old ID",TRUE,"Youth-like lower",0.227644773645169,"Weak youth-like shift",TRUE,FALSE,"Age contrast only",0.188423524879827,0.724864876024643,1.19157589572764,0.863731513930568
"Fgb",571.020171300949,-11.4358000904341,2.02277983743117,-5.65350705935302,1.5720665179647e-08,1.01791307038214e-06,674.701548138029,-1.43654387254264,1.25520645400316,-1.14446820119603,0.252429518087018,0.999946780809711,"Lower in young CD","Lower in old ID",TRUE,"Youth-like lower",0.125618134383469,"Weak youth-like shift",TRUE,FALSE,"Age contrast only",0.252429518087018,0.597859861817973,1.43654387254264,0.858851921133799
"Serpina3n",182.533539449714,-3.00193040586027,0.36436221248894,-8.2388631503641,1.7385465721178e-16,6.75425343267765e-14,289.988522773444,-0.644319444428726,0.32582605210365,-1.97749517041,0.0479856858907403,0.999946780809711,"Lower in young CD","Lower in old ID",TRUE,"Youth-like lower",0.214635037231678,"Weak youth-like shift",TRUE,TRUE,"Nominal in both",0.0479856858907403,1.31888829316125,0.644319444428726,0.849785372313206
"Hpx",456.022673071942,-10.5822476858122,2.04421089519317,-5.17669077622845,2.2585609106466e-07,9.74945459762449e-06,535.69914062535,-1.49171378391359,1.35933112477313,-1.0973880879558,0.272471778439485,0.999946780809711,"Lower in young CD","Lower in old ID",TRUE,"Youth-like lower",0.14096379410147,"Weak youth-like shift",TRUE,FALSE,"Age contrast only",0.272471778439485,0.564678473580803,1.49171378391359,0.84233866251977
"RP23-334M9.3",21.3690557082451,1.56244375433939,0.397008779590315,3.93553955142182,8.30099914653374e-05,0.00108162092144994,15.3345546249056,0.840404718357969,0.512058484505816,1.64122799208969,0.100750097136601,0.999946780809711,"Higher in young CD","Higher in old ID",TRUE,"Youth-like higher",0.537878381877047,"Partial/full youth-like shift",TRUE,FALSE,"Age contrast only",0.100750097136601,0.996754526468546,0.840404718357969,0.837677207088829
"Acsm3",123.34664060137,1.22044543358067,0.954299117168914,1.27889192353161,0.200935117125376,0.356068315222894,103.869514047257,1.1970815141044,0.600145072923476,1.99465357313204,0.0460806762486165,0.999946780809711,"Higher in young CD","Higher in old ID",TRUE,"Youth-like higher",0.980856235900918,"Partial/full youth-like shift",FALSE,TRUE,"ID contrast only",0.200935117125376,0.696944155631138,1.1970815141044,0.834298965069135
"Maml3",57.6906987914729,0.633162495102745,0.232366118742934,2.72484860756835,0.00643309774112472,0.0293303959086548,58.2099885645475,0.551496592119062,0.256857172126856,2.14709438538352,0.0317857682081892,0.999946780809711,"Higher in young CD","Higher in old ID",TRUE,"Youth-like higher",0.871019045481475,"Partial/full youth-like shift",TRUE,TRUE,"Nominal in both",0.0317857682081892,1.49776728794452,0.551496592119062,0.826013555088815
"Pon1",71.189626708724,-2.3100912340758,0.863033141319167,-2.67671207915002,0.00743484954205537,0.0325239776908223,81.1381983948977,-1.04265402775575,0.746342008068722,-1.39701908305253,0.162407832656293,0.999946780809711,"Lower in young CD","Lower in old ID",TRUE,"Youth-like lower",0.451347553886929,"Partial/full youth-like shift",TRUE,FALSE,"Age contrast only",0.162407832656293,0.789393029298189,1.04265402775575,0.823063821480069
"Adamts8",36.3774805478268,1.94662133050128,0.675140042717211,2.88328525540684,0.00393550878852417,0.0202090276291107,21.0906429101531,0.858475880748824,0.540809424702574,1.58739075455454,0.112424171954269,0.999946780809711,"Higher in young CD","Higher in old ID",TRUE,"Youth-like higher",0.441008154640818,"Partial/full youth-like shift",TRUE,FALSE,"Age contrast only",0.112424171954269,0.949140302488204,0.858475880748824,0.814814057132767
"Slc2a4rg-ps",59.008129147075,1.24820301912979,0.199222262305045,6.2653792035479,3.71919219181976e-10,4.12830333291994e-08,43.3022377458413,0.557840505533818,0.264420913960878,2.10966862332362,0.0348869089314464,0.999946780809711,"Higher in young CD","Higher in old ID",TRUE,"Youth-like higher",0.446914882422515,"Partial/full youth-like shift",TRUE,TRUE,"Nominal in both",0.0348869089314464,1.45733750843913,0.557840505533818,0.812961892441078
"Slc5a3",262.146804052285,-0.853133891614959,0.302988869288606,-2.81572684045473,0.00486670263548545,0.0236718047825111,293.701358656697,-0.583551983912975,0.285139390677149,-2.04654987347471,0.0407023008456032,0.999946780809711,"Lower in young CD","Lower in old ID",TRUE,"Youth-like lower",0.68400984845219,"Partial/full youth-like shift",TRUE,TRUE,"Nominal in both",0.0407023008456032,1.3903810400056,0.583551983912975,0.811359614290252
"Aass",19.0982912028775,-2.70189754779435,0.712512509003156,-3.79207033371871,0.000149396586117134,0.00172039142031767,23.9149234546999,-0.925893237470781,0.617325538142479,-1.49984599739187,0.13365429924059,0.999946780809711,"Lower in young CD","Lower in old ID",TRUE,"Youth-like lower",0.34268258551351,"Partial/full youth-like shift",TRUE,FALSE,"Age contrast only",0.13365429924059,0.87401706678822,0.925893237470781,0.809246491573261
"Abi3bp",575.612637129234,0.471165271240801,0.133118322067791,3.53944719195648,0.000400965983875514,0.00362046533330533,579.215028743561,0.455243401459173,0.190479005464574,2.38999253670421,0.0168487151782549,0.999946780809711,"Higher in young CD","Higher in old ID",TRUE,"Youth-like higher",0.966207463169562,"Partial/full youth-like shift",TRUE,TRUE,"Nominal in both",0.0168487151782549,1.77343321124776,0.455243401459173,0.807343767349095
"Gm17081",26.1953662601189,0.993041255410894,0.413124147519589,2.40373568423232,0.016228502267464,0.0580240685334393,21.2875063873732,0.683988577279106,0.37321404125916,1.83269786680975,0.0668475147131507,0.999946780809711,"Higher in young CD","Higher in old ID",TRUE,"Youth-like higher",0.688781632739004,"Partial/full youth-like shift",TRUE,FALSE,"Age contrast only",0.0668475147131507,1.17491473449666,0.683988577279106,0.803628257672632
"Cntfr",218.002257295122,0.497363979990476,0.204178947906956,2.43592194537668,0.0148538893747658,0.0544394823766392,218.529330442825,0.470724855179366,0.205282622404111,2.29305749150415,0.021844695259926,0.999946780809711,"Higher in young CD","Higher in old ID",TRUE,"Youth-like higher",0.946439376627917,"Partial/full youth-like shift",TRUE,TRUE,"Nominal in both",0.021844695259926,1.6606540094509,0.470724855179366,0.781711118101807
"Baiap2l1",31.1510520310534,-1.51343163869395,0.582978996271183,-2.59603115785315,0.00943075128501638,0.0390426756087204,35.0583629305521,-0.843716300761274,0.546254324470706,-1.54454850600733,0.122455509887102,0.999946780809711,"Lower in young CD","Lower in old ID",TRUE,"Youth-like lower",0.557485570665999,"Partial/full youth-like shift",TRUE,FALSE,"Age contrast only",0.122455509887102,0.912021669014327,0.843716300761274,0.769487548794891
"Serpina1d",213.48626046833,-10.8520379146934,1.79758621417395,-6.03700552948457,1.57000345385359e-09,1.39626271019521e-07,265.931572316988,-1.26893622461465,1.10021771003192,-1.15335011702169,0.24876670721274,0.999946780809711,"Lower in young CD","Lower in old ID",TRUE,"Youth-like lower",0.116930684779173,"Weak youth-like shift",TRUE,FALSE,"Age contrast only",0.24876670721274,0.604207742314324,1.26893622461465,0.766701091415279
"Orm1",181.482866537013,-1.57136749453025,0.784830225142871,-2.00217504906134,0.0452659081840105,0.123477568832326,207.990362532096,-0.886412665371972,0.595937552647785,-1.48742542139456,0.136902486893562,0.999946780809711,"Lower in young CD","Lower in old ID",TRUE,"Youth-like lower",0.564102712101067,"Partial/full youth-like shift",TRUE,FALSE,"Age contrast only",0.136902486893562,0.86358866264511,0.886412665371972,0.765495928240268
"Lrfn4",92.5707950083002,1.80717738322837,0.396696205398626,4.55557012805909,5.22436816370715e-06,0.000125003804215249,46.8503724627193,0.523822994494071,0.248086897104946,2.11144965980401,0.0347336804845011,0.999946780809711,"Higher in young CD","Higher in old ID",TRUE,"Youth-like higher",0.289856988780097,"Partial/full youth-like shift",TRUE,TRUE,"Nominal in both",0.0347336804845011,1.45924919511077,0.523822994494071,0.764388283095986
"Clec11a",21.0088512978735,0.613986913884289,0.323145478543715,1.90003250749872,0.0574288537517155,0.146494182597738,25.5516395682593,1.11601502441322,0.298889973719119,3.73386571160795,0.000188563060340289,0.480986654316009,"Higher in young CD","Higher in old ID",TRUE,"Youth-like higher",1.81765278571319,"Overshoot past young CD",FALSE,TRUE,"ID contrast only",0.0574288537517155,1.24086985191094,0.613986913884289,0.761877850906854
"Gm15751",24.6283197126125,1.23226938516551,0.326727617300563,3.77154951071039,0.000162236958403219,0.00182832382969979,18.1380886127988,0.607837091125372,0.31918221063606,1.90435767054212,0.056863618100238,0.999946780809711,"Higher in young CD","Higher in old ID",TRUE,"Youth-like higher",0.493266406227995,"Partial/full youth-like shift",TRUE,FALSE,"Age contrast only",0.056863618100238,1.24516551061502,0.607837091125372,0.756857781941871
"Gm5601",108.6161549689,0.807435539063194,0.391656394840177,2.06159161372224,0.0392466331321374,0.111230187162554,103.184270164038,0.657122301488761,0.363906494048857,1.80574491589187,0.0709581932298486,0.999946780809711,"Higher in young CD","Higher in old ID",TRUE,"Youth-like higher",0.813838714916079,"Partial/full youth-like shift",TRUE,FALSE,"Age contrast only",0.0709581932298486,1.14899745124139,0.657122301488761,0.755031849564462
"Trim67",15.4532739323118,-1.16947324007565,0.974379845355745,-1.20022314259659,0.230052689684877,0.39150061761589,15.8356358230375,-1.50439979895988,0.719951932386707,-2.08958366702712,0.0366552149794453,0.999946780809711,"Lower in young CD","Lower in old ID",TRUE,"Youth-like lower",1.28639095569435,"Partial/full youth-like shift",FALSE,TRUE,"ID contrast only",0.230052689684877,0.638172684770532,1.16947324007565,0.746325877386371
"Cd5l",18.8235582896028,-5.02089140976711,1.46108449055214,-3.43641414458498,0.000589469148166826,0.00486435608406196,27.1150375265118,-1.29414913010463,1.16389477076368,-1.11191248780634,0.26617577890274,0.999946780809711,"Lower in young CD","Lower in old ID",TRUE,"Youth-like lower",0.25775286188965,"Partial/full youth-like shift",TRUE,FALSE,"Age contrast only",0.26617577890274,0.574831466395047,1.29414913010463,0.743917642191919
"Sec14l2",25.374847582713,-3.42767634110116,0.82811710272415,-4.13912033675621,3.48640051308094e-05,0.000552250330199721,31.5078404775553,-0.906377348217628,0.631678608689888,-1.43487104953177,0.151323846818879,0.999946780809711,"Lower in young CD","Lower in old ID",TRUE,"Youth-like lower",0.264429093654289,"Partial/full youth-like shift",TRUE,FALSE,"Age contrast only",0.151323846818879,0.82009262699483,0.906377348217628,0.743313380548403
