"ontology","ID","Description","age_direction","age_NES","age_p.adjust","age_setSize","diet_direction","diet_NES","diet_p.adjust","diet_setSize","NES_delta","abs_NES_delta","direction_switch","NES_change_class","best_p.adjust","worst_p.adjust"
"BP","GO:0009791","post-embryonic development","Up",1.57358437865146,0.0212924323436089,104,"Down",-1.55352994209054,0.0671475025355263,104,-3.127114320742,3.127114320742,TRUE,"Switched: young-up, ID-down",0.0212924323436089,0.0671475025355263
"BP","GO:0070936","protein K48-linked ubiquitination","Up",1.50973234790857,0.0338936903725637,101,"Down",-1.61647308870029,0.036978864507366,100,-3.12620543660886,3.12620543660886,TRUE,"Switched: young-up, ID-down",0.0338936903725637,0.036978864507366
"BP","GO:0043161","proteasome-mediated ubiquitin-dependent protein catabolic process","Up",1.22530740093649,0.0883306626798286,433,"Down",-1.5955072300728,0.000756542394806595,438,-2.82081463100929,2.82081463100929,TRUE,"Switched: young-up, ID-down",0.000756542394806595,0.0883306626798286
"BP","GO:0006959","humoral immune response","Down",-2.90515862502776,4.54970272019929e-18,129,"Up",1.8064203755368,0.0044145526348085,137,4.71157900056456,4.71157900056456,TRUE,"Switched: young-down, ID-up",4.54970272019929e-18,0.0044145526348085
"BP","GO:0048002","antigen processing and presentation of peptide antigen","Down",-2.37214085807149,3.92980078702708e-06,52,"Up",2.17752507343256,0.00025168839412488,58,4.54966593150405,4.54966593150405,TRUE,"Switched: young-down, ID-up",3.92980078702708e-06,0.00025168839412488
"BP","GO:0002250","adaptive immune response","Down",-2.58344776376375,3.55943680427756e-21,346,"Up",1.92432970765755,2.42787256208187e-07,389,4.5077774714213,4.5077774714213,TRUE,"Switched: young-down, ID-up",3.55943680427756e-21,2.42787256208187e-07
"BP","GO:0002478","antigen processing and presentation of exogenous peptide antigen","Down",-2.22691103332926,0.000206213908631294,28,"Up",2.27829852261751,0.000756542394806595,31,4.50520955594676,4.50520955594676,TRUE,"Switched: young-down, ID-up",0.000206213908631294,0.000756542394806595
"BP","GO:0001906","cell killing","Down",-2.55260565005113,7.8667499840919e-13,168,"Up",1.85139498716053,0.000680490631912978,178,4.40400063721166,4.40400063721166,TRUE,"Switched: young-down, ID-up",7.8667499840919e-13,0.000680490631912978
"BP","GO:0002443","leukocyte mediated immunity","Down",-2.52236531046161,4.54970272019929e-18,306,"Up",1.87749721555918,8.91868880502954e-06,333,4.3998625260208,4.3998625260208,TRUE,"Switched: young-down, ID-up",4.54970272019929e-18,8.91868880502954e-06
"BP","GO:0002274","myeloid leukocyte activation","Down",-2.33031251531412,4.00074349087082e-11,206,"Up",2.06535387324109,3.4181987506128e-06,219,4.39566638855521,4.39566638855521,TRUE,"Switched: young-down, ID-up",4.00074349087082e-11,3.4181987506128e-06
"BP","GO:0097530","granulocyte migration","Down",-2.30194918937072,1.29204131269634e-07,117,"Up",2.08331400442812,4.11486386251851e-05,123,4.38526319379884,4.38526319379884,TRUE,"Switched: young-down, ID-up",1.29204131269634e-07,4.11486386251851e-05
"BP","GO:0019884","antigen processing and presentation of exogenous antigen","Down",-2.22920488610013,7.92983116605591e-05,34,"Up",2.14075295687636,0.0022239586325898,37,4.36995784297649,4.36995784297649,TRUE,"Switched: young-down, ID-up",7.92983116605591e-05,0.0022239586325898
"BP","GO:0042119","neutrophil activation","Down",-2.25951100405092,6.04761334875744e-05,33,"Up",2.10899233796085,0.00492511478103802,36,4.36850334201177,4.36850334201177,TRUE,"Switched: young-down, ID-up",6.04761334875744e-05,0.00492511478103802
"BP","GO:0097529","myeloid leukocyte migration","Down",-2.12309831338264,2.51637642949329e-07,185,"Up",2.21733945302936,1.02169969777167e-07,195,4.340437766412,4.340437766412,TRUE,"Switched: young-down, ID-up",1.02169969777167e-07,2.51637642949329e-07
"BP","GO:1990266","neutrophil migration","Down",-2.31660786030786,4.22820015292239e-07,90,"Up",2.00621768561788,0.00083400194038968,96,4.32282554592574,4.32282554592574,TRUE,"Switched: young-down, ID-up",4.22820015292239e-07,0.00083400194038968
"BP","GO:0002444","myeloid leukocyte mediated immunity","Down",-2.22301603602307,4.16782749422829e-06,90,"Up",2.04528154628549,0.000306102720500776,95,4.26829758230856,4.26829758230856,TRUE,"Switched: young-down, ID-up",4.16782749422829e-06,0.000306102720500776
"BP","GO:0019882","antigen processing and presentation","Down",-2.26844005954336,1.83968237544973e-06,89,"Up",1.99839620039518,0.000756542394806595,97,4.26683625993854,4.26683625993854,TRUE,"Switched: young-down, ID-up",1.83968237544973e-06,0.000756542394806595
"BP","GO:0002460","adaptive immune response based on somatic recombination of immune receptors built from immunoglobulin superfamily domains","Down",-2.40153477565742,2.25405727126979e-13,254,"Up",1.85938726400258,6.84899349196582e-05,281,4.26092203966,4.26092203966,TRUE,"Switched: young-down, ID-up",2.25405727126979e-13,6.84899349196582e-05
"BP","GO:0002275","myeloid cell activation involved in immune response","Down",-2.22665200401156,8.34876019444722e-06,79,"Up",2.0326267443374,0.00106634849925059,83,4.25927874834895,4.25927874834895,TRUE,"Switched: young-down, ID-up",8.34876019444722e-06,0.00106634849925059
"BP","GO:0036230","granulocyte activation","Down",-2.20526679581146,0.000174319589696769,39,"Up",2.01868234880442,0.00550932649774003,42,4.22394914461588,4.22394914461588,TRUE,"Switched: young-down, ID-up",0.000174319589696769,0.00550932649774003
"BP","GO:0071621","granulocyte chemotaxis","Down",-2.2061509057346,3.91180244406334e-06,96,"Up",2.00310456254509,0.000368705102804725,100,4.20925546827969,4.20925546827969,TRUE,"Switched: young-down, ID-up",3.91180244406334e-06,0.000368705102804725
"BP","GO:0019724","B cell mediated immunity","Down",-2.55588614881995,2.08983041109812e-10,105,"Up",1.63206073549116,0.0270318254161364,119,4.18794688431112,4.18794688431112,TRUE,"Switched: young-down, ID-up",2.08983041109812e-10,0.0270318254161364
"BP","GO:0050830","defense response to Gram-positive bacterium","Down",-2.23727770822528,1.08246810915579e-05,73,"Up",1.94992238584593,0.00264028110286229,74,4.18720009407121,4.18720009407121,TRUE,"Switched: young-down, ID-up",1.08246810915579e-05,0.00264028110286229
"BP","GO:0002449","lymphocyte mediated immunity","Down",-2.52888804118053,6.2418307491048e-15,227,"Up",1.64615664289226,0.00419305638947267,250,4.1750446840728,4.1750446840728,TRUE,"Switched: young-down, ID-up",6.2418307491048e-15,0.00419305638947267
"BP","GO:0006956","complement activation","Down",-2.53281446652109,1.38017355694705e-07,44,"Up",1.64010812231768,0.093593547894958,48,4.17292258883877,4.17292258883877,TRUE,"Switched: young-down, ID-up",1.38017355694705e-07,0.093593547894958
"BP","GO:0050900","leukocyte migration","Down",-2.02941075591743,5.04990930113443e-09,310,"Up",2.14343699694507,1.67394998014005e-09,322,4.1728477528625,4.1728477528625,TRUE,"Switched: young-down, ID-up",1.67394998014005e-09,5.04990930113443e-09
"BP","GO:0030595","leukocyte chemotaxis","Down",-2.10257164627145,3.95926207990826e-07,181,"Up",2.06982859967411,3.73031478064703e-06,191,4.17240024594556,4.17240024594556,TRUE,"Switched: young-down, ID-up",3.95926207990826e-07,3.73031478064703e-06
"BP","GO:0016064","immunoglobulin mediated immune response","Down",-2.53242719253748,2.30396741038594e-10,103,"Up",1.61673600615102,0.0310871756054257,117,4.1491631986885,4.1491631986885,TRUE,"Switched: young-down, ID-up",2.30396741038594e-10,0.0310871756054257
"BP","GO:0002687","positive regulation of leukocyte migration","Down",-2.03072327786354,2.05373696911901e-05,134,"Up",2.10221075074214,4.20544399471879e-05,138,4.13293402860568,4.13293402860568,TRUE,"Switched: young-down, ID-up",2.05373696911901e-05,4.20544399471879e-05
"BP","GO:0002474","antigen processing and presentation of peptide antigen via MHC class I","Down",-2.08184800291055,0.00117676840241436,35,"Up",2.04504878503171,0.00492511478103802,38,4.12689678794226,4.12689678794226,TRUE,"Switched: young-down, ID-up",0.00117676840241436,0.00492511478103802
"BP","GO:0030593","neutrophil chemotaxis","Down",-2.23565927866906,1.33110370013233e-05,71,"Up",1.88372814280607,0.00736942159077623,75,4.11938742147513,4.11938742147513,TRUE,"Switched: young-down, ID-up",1.33110370013233e-05,0.00736942159077623
"BP","GO:0002495","antigen processing and presentation of peptide antigen via MHC class II","Down",-2.2027026202408,0.00026207923862268,19,"Up",1.90296171287231,0.0315904371209974,22,4.10566433311311,4.10566433311311,TRUE,"Switched: young-down, ID-up",0.00026207923862268,0.0315904371209974
"BP","GO:1990868","response to chemokine","Down",-2.09969706582131,9.58767959877356e-05,65,"Up",2.00579513161582,0.00198251216600288,67,4.10549219743713,4.10549219743713,TRUE,"Switched: young-down, ID-up",9.58767959877356e-05,0.00198251216600288
"BP","GO:1990869","cellular response to chemokine","Down",-2.09969706582131,9.58767959877356e-05,65,"Up",2.00579513161582,0.00198251216600288,67,4.10549219743713,4.10549219743713,TRUE,"Switched: young-down, ID-up",9.58767959877356e-05,0.00198251216600288
"BP","GO:0070098","chemokine-mediated signaling pathway","Down",-2.09146015667536,0.000279873242390824,58,"Up",1.99484570810846,0.0024829037423073,60,4.08630586478383,4.08630586478383,TRUE,"Switched: young-down, ID-up",0.000279873242390824,0.0024829037423073
"BP","GO:0061844","antimicrobial humoral immune response mediated by antimicrobial peptide","Down",-2.47573783144006,1.02795541633254e-07,49,"Up",1.60769031709768,0.089328718257069,52,4.08342814853773,4.08342814853773,TRUE,"Switched: young-down, ID-up",1.02795541633254e-07,0.089328718257069
"BP","GO:0045576","mast cell activation","Down",-2.19197743090957,2.72862804885633e-05,60,"Up",1.88902766518927,0.00934942956326666,64,4.08100509609884,4.08100509609884,TRUE,"Switched: young-down, ID-up",2.72862804885633e-05,0.00934942956326666
"BP","GO:0042742","defense response to bacterium","Down",-2.33675043467995,4.76163398886348e-11,203,"Up",1.68228716647123,0.00606367265921452,213,4.01903760115119,4.01903760115119,TRUE,"Switched: young-down, ID-up",4.76163398886348e-11,0.00606367265921452
"BP","GO:0002685","regulation of leukocyte migration","Down",-1.87056297032758,4.88551676541575e-05,195,"Up",2.13561007602203,6.93630807019966e-07,204,4.0061730463496,4.0061730463496,TRUE,"Switched: young-down, ID-up",6.93630807019966e-07,4.88551676541575e-05
"BP","GO:0071674","mononuclear cell migration","Down",-2.04545046689999,4.16782749422829e-06,170,"Up",1.96033935399731,4.68438087579155e-05,177,4.0057898208973,4.0057898208973,TRUE,"Switched: young-down, ID-up",4.16782749422829e-06,4.68438087579155e-05
"BP","GO:0002703","regulation of leukocyte mediated immunity","Down",-2.31725964570281,1.79871235301363e-10,198,"Up",1.67995341931919,0.00392438890786286,208,3.99721306502201,3.99721306502201,TRUE,"Switched: young-down, ID-up",1.79871235301363e-10,0.00392438890786286
"BP","GO:0031640","killing of cells of another organism","Down",-2.37248383002453,2.34894864506254e-06,63,"Up",1.61649179664186,0.0553365593999653,68,3.98897562666639,3.98897562666639,TRUE,"Switched: young-down, ID-up",2.34894864506254e-06,0.0553365593999653
"BP","GO:0141061","disruption of cell in another organism","Down",-2.37248383002453,2.34894864506254e-06,63,"Up",1.61649179664186,0.0553365593999653,68,3.98897562666639,3.98897562666639,TRUE,"Switched: young-down, ID-up",2.34894864506254e-06,0.0553365593999653
"BP","GO:0019886","antigen processing and presentation of exogenous peptide antigen via MHC class II","Down",-2.12757547115083,0.00125727408202451,17,"Up",1.861370963604,0.0622218524614437,20,3.98894643475483,3.98894643475483,TRUE,"Switched: young-down, ID-up",0.00125727408202451,0.0622218524614437
"BP","GO:0043299","leukocyte degranulation","Down",-2.21714406624129,4.97347288282223e-05,63,"Up",1.76217082754762,0.020655314601592,68,3.97931489378892,3.97931489378892,TRUE,"Switched: young-down, ID-up",4.97347288282223e-05,0.020655314601592
"BP","GO:0002504","antigen processing and presentation of peptide or polysaccharide antigen via MHC class II","Down",-2.25690520774813,0.00021274928696975,21,"Up",1.71971848040053,0.0841370037630523,24,3.97662368814866,3.97662368814866,TRUE,"Switched: young-down, ID-up",0.00021274928696975,0.0841370037630523
"BP","GO:0050766","positive regulation of phagocytosis","Down",-2.06914139173249,0.000130499143819528,77,"Up",1.8968504584167,0.00419305638947267,81,3.96599185014919,3.96599185014919,TRUE,"Switched: young-down, ID-up",0.000130499143819528,0.00419305638947267
"BP","GO:0002548","monocyte chemotaxis","Down",-2.10659684720172,0.00108212053000609,29,"Up",1.85527864006842,0.0354237926081142,31,3.96187548727014,3.96187548727014,TRUE,"Switched: young-down, ID-up",0.00108212053000609,0.0354237926081142
"BP","GO:0002886","regulation of myeloid leukocyte mediated immunity","Down",-2.07909738440565,0.000321173383170883,54,"Up",1.87662615883387,0.00846087062256973,56,3.95572354323952,3.95572354323952,TRUE,"Switched: young-down, ID-up",0.000321173383170883,0.00846087062256973
"BP","GO:0001909","leukocyte mediated cytotoxicity","Down",-2.30435523194708,1.29204131269634e-07,104,"Up",1.62314258019051,0.0302660270423852,110,3.92749781213759,3.92749781213759,TRUE,"Switched: young-down, ID-up",1.29204131269634e-07,0.0302660270423852
"BP","GO:0060326","cell chemotaxis","Down",-1.89116727850355,9.00947041603731e-06,250,"Up",2.01705073242762,4.52049168206507e-07,260,3.90821801093117,3.90821801093117,TRUE,"Switched: young-down, ID-up",4.52049168206507e-07,9.00947041603731e-06
"BP","GO:0002920","regulation of humoral immune response","Down",-2.14649885959377,0.00046157338653246,32,"Up",1.75297299173492,0.0632730015580926,35,3.89947185132869,3.89947185132869,TRUE,"Switched: young-down, ID-up",0.00046157338653246,0.0632730015580926
"BP","GO:0031341","regulation of cell killing","Down",-2.15515881120864,2.05373696911901e-05,82,"Up",1.73646219556885,0.0238145778428679,87,3.89162100677749,3.89162100677749,TRUE,"Switched: young-down, ID-up",2.05373696911901e-05,0.0238145778428679
"BP","GO:0141060","disruption of anatomical structure in another organism","Down",-2.2928470466231,1.74533503629438e-06,66,"Up",1.59725931923841,0.0479699606750928,71,3.89010636586151,3.89010636586151,TRUE,"Switched: young-down, ID-up",1.74533503629438e-06,0.0479699606750928
"BP","GO:0071706","tumor necrosis factor superfamily cytokine production","Down",-1.9548042047078,3.69067878454726e-05,159,"Up",1.92634157518049,0.000194794669602139,164,3.88114577988829,3.88114577988829,TRUE,"Switched: young-down, ID-up",3.69067878454726e-05,0.000194794669602139
"BP","GO:1903555","regulation of tumor necrosis factor superfamily cytokine production","Down",-1.9548042047078,3.69067878454726e-05,159,"Up",1.92634157518049,0.000194794669602139,164,3.88114577988829,3.88114577988829,TRUE,"Switched: young-down, ID-up",3.69067878454726e-05,0.000194794669602139
"BP","GO:0002366","leukocyte activation involved in immune response","Down",-2.01689422974773,2.94093964767751e-07,240,"Up",1.86290424995913,8.22545532821132e-05,253,3.87979847970685,3.87979847970685,TRUE,"Switched: young-down, ID-up",2.94093964767751e-07,8.22545532821132e-05
"BP","GO:0002697","regulation of immune effector process","Down",-2.1564746387628,3.99897955129846e-11,327,"Up",1.7207260708652,0.000192968731211072,344,3.87720070962801,3.87720070962801,TRUE,"Switched: young-down, ID-up",3.99897955129846e-11,0.000192968731211072
"BP","GO:0071677","positive regulation of mononuclear cell migration","Down",-2.07178348073813,0.000145877203089042,80,"Up",1.80540583935349,0.0150778227858092,82,3.87718932009162,3.87718932009162,TRUE,"Switched: young-down, ID-up",0.000145877203089042,0.0150778227858092
"BP","GO:0032613","interleukin-10 production","Down",-1.8867826710633,0.0043013355594793,44,"Up",1.97225734346366,0.0138309256125966,45,3.85904001452695,3.85904001452695,TRUE,"Switched: young-down, ID-up",0.0043013355594793,0.0138309256125966
"BP","GO:0032653","regulation of interleukin-10 production","Down",-1.8867826710633,0.0043013355594793,44,"Up",1.97225734346366,0.0138309256125966,45,3.85904001452695,3.85904001452695,TRUE,"Switched: young-down, ID-up",0.0043013355594793,0.0138309256125966
"BP","GO:0002468","dendritic cell antigen processing and presentation","Down",-1.85629957761421,0.0210319077839239,13,"Up",2.00200398539313,0.021198787114942,14,3.85830356300734,3.85830356300734,TRUE,"Switched: young-down, ID-up",0.0210319077839239,0.021198787114942
"BP","GO:0002263","cell activation involved in immune response","Down",-1.98393606349222,5.43855102257044e-07,243,"Up",1.87306130569443,4.34914897886328e-05,256,3.85699736918665,3.85699736918665,TRUE,"Switched: young-down, ID-up",5.43855102257044e-07,4.34914897886328e-05
"BP","GO:0032640","tumor necrosis factor production","Down",-1.96268229534932,1.98539004536475e-05,157,"Up",1.88292603924338,0.00089155170544882,162,3.8456083345927,3.8456083345927,TRUE,"Switched: young-down, ID-up",1.98539004536475e-05,0.00089155170544882
"BP","GO:0032680","regulation of tumor necrosis factor production","Down",-1.96268229534932,1.98539004536475e-05,157,"Up",1.88292603924338,0.00089155170544882,162,3.8456083345927,3.8456083345927,TRUE,"Switched: young-down, ID-up",1.98539004536475e-05,0.00089155170544882
"BP","GO:0002438","acute inflammatory response to antigenic stimulus","Down",-1.83770157234906,0.0212732120360899,22,"Up",2.00143348211342,0.0238145778428679,25,3.83913505446249,3.83913505446249,TRUE,"Switched: young-down, ID-up",0.0212732120360899,0.0238145778428679
"BP","GO:0070486","leukocyte aggregation","Down",-2.11546765430811,0.00151699187441781,17,"Up",1.70760062765994,0.0980575094295094,17,3.82306828196805,3.82306828196805,TRUE,"Switched: young-down, ID-up",0.00151699187441781,0.0980575094295094
"BP","GO:0042590","antigen processing and presentation of exogenous peptide antigen via MHC class I","Down",-1.91157765744609,0.00706745999983047,12,"Up",1.91134346060126,0.0294139221005698,12,3.82292111804735,3.82292111804735,TRUE,"Switched: young-down, ID-up",0.00706745999983047,0.0294139221005698
"BP","GO:0071675","regulation of mononuclear cell migration","Down",-2.03012441420354,4.37880514491287e-05,117,"Up",1.78578613840156,0.00603630492143216,122,3.8159105526051,3.8159105526051,TRUE,"Switched: young-down, ID-up",4.37880514491287e-05,0.00603630492143216
"BP","GO:0001774","microglial cell activation","Down",-1.92824301945975,0.0061626011835382,41,"Up",1.87815768471092,0.0214022034302938,43,3.80640070417067,3.80640070417067,TRUE,"Switched: young-down, ID-up",0.0061626011835382,0.0214022034302938
"BP","GO:1902624","positive regulation of neutrophil migration","Down",-1.87256572597814,0.0110913772900934,35,"Up",1.92919001906512,0.0222829623837575,37,3.80175574504326,3.80175574504326,TRUE,"Switched: young-down, ID-up",0.0110913772900934,0.0222829623837575
"BP","GO:0002283","neutrophil activation involved in immune response","Down",-2.00124855421542,0.00605044075816987,17,"Up",1.79918294625331,0.0544338574135988,18,3.80043150046873,3.80043150046873,TRUE,"Switched: young-down, ID-up",0.00605044075816987,0.0544338574135988
"BP","GO:0050729","positive regulation of inflammatory response","Down",-2.11752702437046,4.16782749422829e-06,130,"Up",1.67618622656341,0.0150778227858092,135,3.79371325093387,3.79371325093387,TRUE,"Switched: young-down, ID-up",4.16782749422829e-06,0.0150778227858092
"BP","GO:0001910","regulation of leukocyte mediated cytotoxicity","Down",-2.19066735256194,2.53877138839958e-05,71,"Up",1.59625609948018,0.0790832638440903,76,3.78692345204212,3.78692345204212,TRUE,"Switched: young-down, ID-up",2.53877138839958e-05,0.0790832638440903
"BP","GO:0002269","leukocyte activation involved in inflammatory response","Down",-1.90131577658925,0.00367350423681264,44,"Up",1.88370002074856,0.0200256636871057,46,3.7850157973378,3.7850157973378,TRUE,"Switched: young-down, ID-up",0.00367350423681264,0.0200256636871057
"BP","GO:0061900","glial cell activation","Down",-1.98023129653943,0.00186140640276798,51,"Up",1.79611955902904,0.0294139221005698,53,3.77635085556847,3.77635085556847,TRUE,"Switched: young-down, ID-up",0.00186140640276798,0.0294139221005698
"BP","GO:0050764","regulation of phagocytosis","Down",-2.06475060908511,2.68199229400835e-05,105,"Up",1.71138664729504,0.0131635049132776,109,3.77613725638015,3.77613725638015,TRUE,"Switched: young-down, ID-up",2.68199229400835e-05,0.0131635049132776
"BP","GO:0032722","positive regulation of chemokine production","Down",-2.00180069297526,0.00054418067495736,65,"Up",1.76766170206219,0.0251444657186459,66,3.76946239503746,3.76946239503746,TRUE,"Switched: young-down, ID-up",0.00054418067495736,0.0251444657186459
"BP","GO:0002446","neutrophil mediated immunity","Down",-2.07066096358179,0.00176749966685214,31,"Up",1.69845215355746,0.0872408588576686,33,3.76911311713924,3.76911311713924,TRUE,"Switched: young-down, ID-up",0.00176749966685214,0.0872408588576686
"BP","GO:0002705","positive regulation of leukocyte mediated immunity","Down",-2.25527781889395,2.76221642736204e-07,116,"Up",1.51048381497895,0.0502029666263681,123,3.7657616338729,3.7657616338729,TRUE,"Switched: young-down, ID-up",2.76221642736204e-07,0.0502029666263681
"BP","GO:0002699","positive regulation of immune effector process","Down",-2.10742004660733,1.24604075697222e-07,212,"Up",1.65089471209073,0.00639121634737101,222,3.75831475869805,3.75831475869805,TRUE,"Switched: young-down, ID-up",1.24604075697222e-07,0.00639121634737101
"BP","GO:0006909","phagocytosis","Down",-1.9663594903988,5.48061702843223e-06,200,"Up",1.77990822484054,0.00140470747665298,206,3.74626771523935,3.74626771523935,TRUE,"Switched: young-down, ID-up",5.48061702843223e-06,0.00140470747665298
"BP","GO:1902622","regulation of neutrophil migration","Down",-1.69545122530068,0.029654426331905,44,"Up",2.04298748469432,0.00291967502279299,48,3.738438709995,3.738438709995,TRUE,"Switched: young-down, ID-up",0.00291967502279299,0.029654426331905
"BP","GO:0097028","dendritic cell differentiation","Down",-2.03983211381926,0.00151699187441781,33,"Up",1.69498753633023,0.0730984837109159,36,3.73481965014948,3.73481965014948,TRUE,"Switched: young-down, ID-up",0.00151699187441781,0.0730984837109159
"BP","GO:0002437","inflammatory response to antigenic stimulus","Down",-1.77840110990833,0.00895194186488552,49,"Up",1.94223390685291,0.0115840058658066,54,3.72063501676124,3.72063501676124,TRUE,"Switched: young-down, ID-up",0.00895194186488552,0.0115840058658066
"BP","GO:0002279","mast cell activation involved in immune response","Down",-1.91649001223574,0.00402118091044893,42,"Up",1.79353409099193,0.0549398279822415,45,3.71002410322768,3.71002410322768,TRUE,"Switched: young-down, ID-up",0.00402118091044893,0.0549398279822415
"BP","GO:0032602","chemokine production","Down",-1.99571435003517,0.000316981185860187,86,"Up",1.70711380548306,0.0295151040603467,87,3.70282815551823,3.70282815551823,TRUE,"Switched: young-down, ID-up",0.000316981185860187,0.0295151040603467
"BP","GO:0032642","regulation of chemokine production","Down",-1.99571435003517,0.000316981185860187,86,"Up",1.70711380548306,0.0295151040603467,87,3.70282815551823,3.70282815551823,TRUE,"Switched: young-down, ID-up",0.000316981185860187,0.0295151040603467
"BP","GO:0061760","antifungal innate immune response","Down",-1.84837148133812,0.0217655234320964,13,"Up",1.84849411822777,0.0502029666263681,17,3.69686559956588,3.69686559956588,TRUE,"Switched: young-down, ID-up",0.0217655234320964,0.0502029666263681
"BP","GO:0090025","regulation of monocyte chemotaxis","Down",-1.87596128366836,0.0194495246871742,21,"Up",1.81777197992818,0.0595976379960787,23,3.69373326359655,3.69373326359655,TRUE,"Switched: young-down, ID-up",0.0194495246871742,0.0595976379960787
"BP","GO:0009620","response to fungus","Down",-1.93303541653515,0.004437805387916,43,"Up",1.7522471910914,0.0402183975612957,48,3.68528260762655,3.68528260762655,TRUE,"Switched: young-down, ID-up",0.004437805387916,0.0402183975612957
"BP","GO:0006935","chemotaxis","Down",-1.76423790642288,1.38365089097124e-05,353,"Up",1.92040814805167,4.52049168206507e-07,363,3.68464605447455,3.68464605447455,TRUE,"Switched: young-down, ID-up",4.52049168206507e-07,1.38365089097124e-05
"BP","GO:0042330","taxis","Down",-1.76423790642288,1.38365089097124e-05,353,"Up",1.92040814805167,4.52049168206507e-07,363,3.68464605447455,3.68464605447455,TRUE,"Switched: young-down, ID-up",4.52049168206507e-07,1.38365089097124e-05
"BP","GO:0031343","positive regulation of cell killing","Down",-2.06985920844581,0.000648279417336949,50,"Up",1.59893082936413,0.0767070238160535,55,3.66879003780993,3.66879003780993,TRUE,"Switched: young-down, ID-up",0.000648279417336949,0.0767070238160535
"BP","GO:0050727","regulation of inflammatory response","Down",-1.96100292758695,1.08148921656639e-07,313,"Up",1.70629405204681,0.000362151131566601,322,3.66729697963376,3.66729697963376,TRUE,"Switched: young-down, ID-up",1.08148921656639e-07,0.000362151131566601
"BP","GO:0072678","T cell migration","Down",-1.86423958516455,0.00650524446953588,56,"Up",1.80125413813657,0.0269448379027347,59,3.66549372330112,3.66549372330112,TRUE,"Switched: young-down, ID-up",0.00650524446953588,0.0269448379027347
"BP","GO:1903557","positive regulation of tumor necrosis factor superfamily cytokine production","Down",-1.83630568410536,0.00176749966685214,97,"Up",1.82738564879666,0.00763386776519556,99,3.66369133290202,3.66369133290202,TRUE,"Switched: young-down, ID-up",0.00176749966685214,0.00763386776519556
"BP","GO:0002714","positive regulation of B cell mediated immunity","Down",-1.80740193688536,0.0166312517867759,33,"Up",1.85215811717995,0.0297575594957333,33,3.6595600540653,3.6595600540653,TRUE,"Switched: young-down, ID-up",0.0166312517867759,0.0297575594957333
"BP","GO:0002891","positive regulation of immunoglobulin mediated immune response","Down",-1.80740193688536,0.0166312517867759,33,"Up",1.85215811717995,0.0297575594957333,33,3.6595600540653,3.6595600540653,TRUE,"Switched: young-down, ID-up",0.0166312517867759,0.0297575594957333
"BP","GO:0009595","detection of biotic stimulus","Down",-1.88743591450185,0.00988023748946017,35,"Up",1.75734576527865,0.0552583404894178,36,3.6447816797805,3.6447816797805,TRUE,"Switched: young-down, ID-up",0.00988023748946017,0.0552583404894178
"BP","GO:0032635","interleukin-6 production","Down",-1.98693333751535,4.37880514491287e-05,130,"Up",1.65479246417036,0.0152862098225298,133,3.64172580168572,3.64172580168572,TRUE,"Switched: young-down, ID-up",4.37880514491287e-05,0.0152862098225298
"BP","GO:0032675","regulation of interleukin-6 production","Down",-1.98693333751535,4.37880514491287e-05,130,"Up",1.65479246417036,0.0152862098225298,133,3.64172580168572,3.64172580168572,TRUE,"Switched: young-down, ID-up",4.37880514491287e-05,0.0152862098225298
"BP","GO:0002688","regulation of leukocyte chemotaxis","Down",-1.93495891102174,0.000239814576531239,102,"Up",1.70327213597228,0.0170033590234502,110,3.63823104699402,3.63823104699402,TRUE,"Switched: young-down, ID-up",0.000239814576531239,0.0170033590234502
"BP","GO:0032760","positive regulation of tumor necrosis factor production","Down",-1.84059575228324,0.00171986689895227,96,"Up",1.78179916123237,0.00752740654658801,98,3.62239491351561,3.62239491351561,TRUE,"Switched: young-down, ID-up",0.00171986689895227,0.00752740654658801
"BP","GO:0001913","T cell mediated cytotoxicity","Down",-1.76354812088294,0.0278656343961513,39,"Up",1.8514699968578,0.0188036543512878,42,3.61501811774074,3.61501811774074,TRUE,"Switched: young-down, ID-up",0.0188036543512878,0.0278656343961513
"BP","GO:0043303","mast cell degranulation","Down",-1.84992315230934,0.0129351331425898,39,"Up",1.76074646478977,0.0376892665445301,42,3.61066961709912,3.61066961709912,TRUE,"Switched: young-down, ID-up",0.0129351331425898,0.0376892665445301
"BP","GO:0150076","neuroinflammatory response","Down",-1.90358727663255,0.00190399737420945,78,"Up",1.70307934917749,0.0303883975632502,80,3.60666662581004,3.60666662581004,TRUE,"Switched: young-down, ID-up",0.00190399737420945,0.0303883975632502
"BP","GO:0002577","regulation of antigen processing and presentation","Down",-1.67607235305536,0.0704938006116305,17,"Up",1.9295857348363,0.0392002113228997,20,3.60565808789166,3.60565808789166,TRUE,"Switched: young-down, ID-up",0.0392002113228997,0.0704938006116305
"BP","GO:0042116","macrophage activation","Down",-1.92953465391056,0.000424281587648754,95,"Up",1.67217123761432,0.0345201166333501,97,3.60170589152488,3.60170589152488,TRUE,"Switched: young-down, ID-up",0.000424281587648754,0.0345201166333501
"BP","GO:0001819","positive regulation of cytokine production","Down",-1.89320671145264,3.23517477493353e-08,409,"Up",1.7025075064141,4.93255205474078e-05,423,3.59571421786674,3.59571421786674,TRUE,"Switched: young-down, ID-up",3.23517477493353e-08,4.93255205474078e-05
"BP","GO:0032944","regulation of mononuclear cell proliferation","Down",-2.21398731702849,3.30000483312462e-09,201,"Up",1.37729619475625,0.0874413692850175,205,3.59128351178474,3.59128351178474,TRUE,"Switched: young-down, ID-up",3.30000483312462e-09,0.0874413692850175
"BP","GO:0006911","phagocytosis, engulfment","Down",-1.77487913837724,0.0167290499175774,51,"Up",1.8128922527095,0.0248674371711482,52,3.58777139108674,3.58777139108674,TRUE,"Switched: young-down, ID-up",0.0167290499175774,0.0248674371711482
"BP","GO:0002456","T cell mediated immunity","Down",-1.9999508478563,4.97347288282223e-05,98,"Up",1.58587959736474,0.0386839543377117,105,3.58583044522104,3.58583044522104,TRUE,"Switched: young-down, ID-up",4.97347288282223e-05,0.0386839543377117
"BP","GO:0050670","regulation of lymphocyte proliferation","Down",-2.18873227679951,8.32740694822608e-09,196,"Up",1.39030978654562,0.0971168634946097,200,3.57904206334513,3.57904206334513,TRUE,"Switched: young-down, ID-up",8.32740694822608e-09,0.0971168634946097
"BP","GO:0033627","cell adhesion mediated by integrin","Down",-1.66250758609857,0.0229120933682359,68,"Up",1.91302320222619,0.00597046803388498,69,3.57553078832476,3.57553078832476,TRUE,"Switched: young-down, ID-up",0.00597046803388498,0.0229120933682359
"BP","GO:1905517","macrophage migration","Down",-1.80645214827273,0.0082595415244103,58,"Up",1.76289880975563,0.0281111089564531,61,3.56935095802836,3.56935095802836,TRUE,"Switched: young-down, ID-up",0.0082595415244103,0.0281111089564531
"BP","GO:0002694","regulation of leukocyte activation","Down",-1.94890061776415,1.24899058701771e-09,473,"Up",1.61532338461365,0.00025168839412488,492,3.5642240023778,3.5642240023778,TRUE,"Switched: young-down, ID-up",1.24899058701771e-09,0.00025168839412488
"BP","GO:0072676","lymphocyte migration","Down",-1.86511143568809,0.00171330454510197,82,"Up",1.69869795420858,0.0289095034828497,85,3.56380938989667,3.56380938989667,TRUE,"Switched: young-down, ID-up",0.00171330454510197,0.0289095034828497
"BP","GO:0002821","positive regulation of adaptive immune response","Down",-2.04407179958375,4.01856533824003e-05,110,"Up",1.51873618101913,0.0709971286447912,117,3.56280798060287,3.56280798060287,TRUE,"Switched: young-down, ID-up",4.01856533824003e-05,0.0709971286447912
"BP","GO:0046651","lymphocyte proliferation","Down",-2.16813019801284,1.24899058701771e-09,253,"Up",1.39032608430205,0.089328718257069,262,3.55845628231489,3.55845628231489,TRUE,"Switched: young-down, ID-up",1.24899058701771e-09,0.089328718257069
"BP","GO:0002524","hypersensitivity","Down",-1.83373185868183,0.0245682370340632,14,"Up",1.72415236593759,0.0925275695652378,15,3.55788422461942,3.55788422461942,TRUE,"Switched: young-down, ID-up",0.0245682370340632,0.0925275695652378
"BP","GO:0002690","positive regulation of leukocyte chemotaxis","Down",-1.91376374037338,0.000809603791339194,81,"Up",1.64346008163287,0.0468518617681792,85,3.55722382200624,3.55722382200624,TRUE,"Switched: young-down, ID-up",0.000809603791339194,0.0468518617681792
"BP","GO:0032943","mononuclear cell proliferation","Down",-2.17934491660901,9.54112408694259e-10,260,"Up",1.37267458267711,0.0939564369700696,269,3.55201949928612,3.55201949928612,TRUE,"Switched: young-down, ID-up",9.54112408694259e-10,0.0939564369700696
"BP","GO:0002824","positive regulation of adaptive immune response based on somatic recombination of immune receptors built from immunoglobulin superfamily domains","Down",-2.02669620981918,5.05007375508423e-05,102,"Up",1.52385042789462,0.0605561825329927,109,3.5505466377138,3.5505466377138,TRUE,"Switched: young-down, ID-up",5.05007375508423e-05,0.0605561825329927
"BP","GO:0071353","cellular response to interleukin-4","Down",-1.68571600892624,0.0426371187736951,30,"Up",1.83774255931853,0.0482480770227366,30,3.52345856824477,3.52345856824477,TRUE,"Switched: young-down, ID-up",0.0426371187736951,0.0482480770227366
"BP","GO:0045123","cellular extravasation","Down",-1.77091539075145,0.0152893284695712,63,"Up",1.73685514432714,0.0301290597832231,64,3.5077705350786,3.5077705350786,TRUE,"Switched: young-down, ID-up",0.0152893284695712,0.0301290597832231
"BP","GO:0019221","cytokine-mediated signaling pathway","Down",-1.72960812999764,1.51872380916534e-05,401,"Up",1.76958927300284,1.88291205896811e-05,414,3.49919740300048,3.49919740300048,TRUE,"Switched: young-down, ID-up",1.51872380916534e-05,1.88291205896811e-05
"BP","GO:0071622","regulation of granulocyte chemotaxis","Down",-1.68248547203801,0.0361858506514527,47,"Up",1.81327604877331,0.0274602194401186,51,3.49576152081132,3.49576152081132,TRUE,"Switched: young-down, ID-up",0.0274602194401186,0.0361858506514527
"BP","GO:0032731","positive regulation of interleukin-1 beta production","Down",-1.73526765469722,0.0305524485118422,41,"Up",1.759783837839,0.0503343516742454,44,3.49505149253622,3.49505149253622,TRUE,"Switched: young-down, ID-up",0.0305524485118422,0.0503343516742454
"BP","GO:0002822","regulation of adaptive immune response based on somatic recombination of immune receptors built from immunoglobulin superfamily domains","Down",-2.02544716541315,8.71680029801441e-06,159,"Up",1.46943288202909,0.0549398279822415,170,3.49488004744224,3.49488004744224,TRUE,"Switched: young-down, ID-up",8.71680029801441e-06,0.0549398279822415
"BP","GO:0032755","positive regulation of interleukin-6 production","Down",-1.95231757204012,0.000887660287183183,83,"Up",1.53877601357812,0.0972632114219934,85,3.49109358561825,3.49109358561825,TRUE,"Switched: young-down, ID-up",0.000887660287183183,0.0972632114219934
"BP","GO:0002768","immune response-regulating cell surface receptor signaling pathway","Down",-1.9824442318078,7.66232273096676e-07,244,"Up",1.50729659036277,0.0247046801737841,261,3.48974082217057,3.48974082217057,TRUE,"Switched: young-down, ID-up",7.66232273096676e-07,0.0247046801737841
"BP","GO:0099024","plasma membrane invagination","Down",-1.75299202035227,0.014769470970097,59,"Up",1.7279223995019,0.0303883975632502,60,3.48091441985417,3.48091441985417,TRUE,"Switched: young-down, ID-up",0.014769470970097,0.0303883975632502
"BP","GO:1905523","positive regulation of macrophage migration","Down",-1.7051105992219,0.0419420787876348,26,"Up",1.76703583648232,0.0599598316621041,27,3.47214643570422,3.47214643570422,TRUE,"Switched: young-down, ID-up",0.0419420787876348,0.0599598316621041
"BP","GO:0002819","regulation of adaptive immune response","Down",-1.96886209402083,1.96992058353905e-05,172,"Up",1.49522988370046,0.0468518617681792,183,3.46409197772129,3.46409197772129,TRUE,"Switched: young-down, ID-up",1.96992058353905e-05,0.0468518617681792
"BP","GO:0002448","mast cell mediated immunity","Down",-1.76653916180232,0.0257906903012045,41,"Up",1.69322158494223,0.0734920706844184,44,3.45976074674456,3.45976074674456,TRUE,"Switched: young-down, ID-up",0.0257906903012045,0.0734920706844184
"BP","GO:0014002","astrocyte development","Down",-1.69192383713536,0.0326984290282831,34,"Up",1.76036487461376,0.060096927295239,35,3.45228871174912,3.45228871174912,TRUE,"Switched: young-down, ID-up",0.0326984290282831,0.060096927295239
"BP","GO:0001914","regulation of T cell mediated cytotoxicity","Down",-1.63375158161494,0.0572201826877738,30,"Up",1.81210428034433,0.0378756241737058,33,3.44585586195927,3.44585586195927,TRUE,"Switched: young-down, ID-up",0.0378756241737058,0.0572201826877738
"BP","GO:0042113","B cell activation","Down",-2.02494970203056,2.51637642949329e-07,233,"Up",1.41718271328636,0.0560582132107746,240,3.44213241531691,3.44213241531691,TRUE,"Switched: young-down, ID-up",2.51637642949329e-07,0.0560582132107746
"BP","GO:0051249","regulation of lymphocyte activation","Down",-1.87247614238934,1.34436369061731e-07,413,"Up",1.56822377441051,0.001876053715401,428,3.44069991679985,3.44069991679985,TRUE,"Switched: young-down, ID-up",1.34436369061731e-07,0.001876053715401
"BP","GO:0050866","negative regulation of cell activation","Down",-1.93539252696259,2.23021543167652e-05,182,"Up",1.48487147648781,0.0331493496252956,188,3.4202640034504,3.4202640034504,TRUE,"Switched: young-down, ID-up",2.23021543167652e-05,0.0331493496252956
"BP","GO:0070670","response to interleukin-4","Down",-1.62734866026278,0.0544305993771058,32,"Up",1.78292428698766,0.0460407101802049,33,3.41027294725044,3.41027294725044,TRUE,"Switched: young-down, ID-up",0.0460407101802049,0.0544305993771058
"BP","GO:0002683","negative regulation of immune system process","Down",-1.90103364301734,3.1847510497922e-08,440,"Up",1.50447620935066,0.0056504369828463,459,3.405509852368,3.405509852368,TRUE,"Switched: young-down, ID-up",3.1847510497922e-08,0.0056504369828463
"BP","GO:0071216","cellular response to biotic stimulus","Down",-1.82741107845075,5.39146932603176e-05,214,"Up",1.56646042841409,0.0211749103720512,219,3.39387150686484,3.39387150686484,TRUE,"Switched: young-down, ID-up",5.39146932603176e-05,0.0211749103720512
"BP","GO:0002532","production of molecular mediator involved in inflammatory response","Down",-1.50676767637869,0.0507296100090055,86,"Up",1.88675775114302,0.00404325237595246,91,3.3935254275217,3.3935254275217,TRUE,"Switched: young-down, ID-up",0.00404325237595246,0.0507296100090055
"BP","GO:0050867","positive regulation of cell activation","Down",-1.72839802500124,5.58076586876744e-05,312,"Up",1.66351638371209,0.001876053715401,325,3.39191440871333,3.39191440871333,TRUE,"Switched: young-down, ID-up",5.58076586876744e-05,0.001876053715401
"BP","GO:0050921","positive regulation of chemotaxis","Down",-1.67868011876918,0.0100841514562029,129,"Up",1.70349272416086,0.0135444439043707,134,3.38217284293004,3.38217284293004,TRUE,"Switched: young-down, ID-up",0.0100841514562029,0.0135444439043707
"BP","GO:0002285","lymphocyte activation involved in immune response","Down",-1.79409382026593,0.00054182558777107,172,"Up",1.5857108797316,0.018398942021782,181,3.37980469999753,3.37980469999753,TRUE,"Switched: young-down, ID-up",0.00054182558777107,0.018398942021782
"BP","GO:0007159","leukocyte cell-cell adhesion","Down",-1.93891689901638,9.9494247609539e-08,336,"Up",1.42247886574498,0.0372777435791983,350,3.36139576476136,3.36139576476136,TRUE,"Switched: young-down, ID-up",9.9494247609539e-08,0.0372777435791983
"BP","GO:0071624","positive regulation of granulocyte chemotaxis","Down",-1.66910064484151,0.0608867512425422,24,"Up",1.68963402498578,0.0924375307572024,27,3.35873466982729,3.35873466982729,TRUE,"Switched: young-down, ID-up",0.0608867512425422,0.0924375307572024
"BP","GO:0071219","cellular response to molecule of bacterial origin","Down",-1.77521730691028,0.000623946487490982,192,"Up",1.57838912568108,0.0215400646180056,197,3.35360643259136,3.35360643259136,TRUE,"Switched: young-down, ID-up",0.000623946487490982,0.0215400646180056
"BP","GO:0010324","membrane invagination","Down",-1.68368332170978,0.0247499928245873,67,"Up",1.66345904171523,0.0410871688591154,68,3.347142363425,3.347142363425,TRUE,"Switched: young-down, ID-up",0.0247499928245873,0.0410871688591154
"BP","GO:0050853","B cell receptor signaling pathway","Down",-1.60741544415971,0.0532445636638467,53,"Up",1.73905713463011,0.0355413446258641,55,3.34647257878982,3.34647257878982,TRUE,"Switched: young-down, ID-up",0.0355413446258641,0.0532445636638467
"BP","GO:0002429","immune response-activating cell surface receptor signaling pathway","Down",-1.86738798413205,2.26034258758685e-05,231,"Up",1.45855167895487,0.0392125693644486,247,3.32593966308692,3.32593966308692,TRUE,"Switched: young-down, ID-up",2.26034258758685e-05,0.0392125693644486
"BP","GO:0022409","positive regulation of cell-cell adhesion","Down",-1.81191139728918,4.88551676541575e-05,266,"Up",1.50325779929787,0.0237823758533747,277,3.31516919658705,3.31516919658705,TRUE,"Switched: young-down, ID-up",4.88551676541575e-05,0.0237823758533747
"BP","GO:0050728","negative regulation of inflammatory response","Down",-1.73164173192208,0.00244804999763543,134,"Up",1.58141443831126,0.0289011852390857,139,3.31305617023334,3.31305617023334,TRUE,"Switched: young-down, ID-up",0.00244804999763543,0.0289011852390857
"BP","GO:0002286","T cell activation involved in immune response","Down",-1.54094181030085,0.0360277911534321,102,"Up",1.7712321871505,0.00913875575581698,110,3.31217399745135,3.31217399745135,TRUE,"Switched: young-down, ID-up",0.00913875575581698,0.0360277911534321
"BP","GO:2000107","negative regulation of leukocyte apoptotic process","Down",-1.70301679798698,0.031366289669435,50,"Up",1.58727935363072,0.0815654492342079,55,3.2902961516177,3.2902961516177,TRUE,"Switched: young-down, ID-up",0.031366289669435,0.0815654492342079
"BP","GO:0002696","positive regulation of leukocyte activation","Down",-1.75660454615666,0.000102211942018204,294,"Up",1.52839483584732,0.0138309256125966,307,3.28499938200398,3.28499938200398,TRUE,"Switched: young-down, ID-up",0.000102211942018204,0.0138309256125966
"BP","GO:0002237","response to molecule of bacterial origin","Down",-1.79386540004655,1.75909654995503e-05,298,"Up",1.48478296604505,0.0227885956863363,305,3.27864836609159,3.27864836609159,TRUE,"Switched: young-down, ID-up",1.75909654995503e-05,0.0227885956863363
"BP","GO:2000404","regulation of T cell migration","Down",-1.62865003297302,0.04594869495701,42,"Up",1.64613870289212,0.0953877955619742,44,3.27478873586513,3.27478873586513,TRUE,"Switched: young-down, ID-up",0.04594869495701,0.0953877955619742
"BP","GO:0031589","cell-substrate adhesion","Down",-1.31569822433048,0.0727459532351414,328,"Up",1.95239132173749,1.45157981228846e-06,330,3.26808954606796,3.26808954606796,TRUE,"Switched: young-down, ID-up",1.45157981228846e-06,0.0727459532351414
"BP","GO:0032611","interleukin-1 beta production","Down",-1.6933212069533,0.0161553317371335,70,"Up",1.56742072321193,0.0790832638440903,72,3.26074193016523,3.26074193016523,TRUE,"Switched: young-down, ID-up",0.0161553317371335,0.0790832638440903
"BP","GO:0032651","regulation of interleukin-1 beta production","Down",-1.6933212069533,0.0161553317371335,70,"Up",1.56742072321193,0.0790832638440903,72,3.26074193016523,3.26074193016523,TRUE,"Switched: young-down, ID-up",0.0161553317371335,0.0790832638440903
"BP","GO:0045785","positive regulation of cell adhesion","Down",-1.54773055125115,0.00118354740690103,434,"Up",1.70787325066177,4.11486386251851e-05,446,3.25560380191293,3.25560380191293,TRUE,"Switched: young-down, ID-up",4.11486386251851e-05,0.00118354740690103
"BP","GO:0050920","regulation of chemotaxis","Down",-1.66029491291687,0.0049289080985797,177,"Up",1.58811069334668,0.0185606176259575,186,3.24840560626355,3.24840560626355,TRUE,"Switched: young-down, ID-up",0.0049289080985797,0.0185606176259575
"BP","GO:0071222","cellular response to lipopolysaccharide","Down",-1.71713883241199,0.00194496393808279,184,"Up",1.52300723911297,0.0242990774761243,188,3.24014607152496,3.24014607152496,TRUE,"Switched: young-down, ID-up",0.00194496393808279,0.0242990774761243
"BP","GO:1903039","positive regulation of leukocyte cell-cell adhesion","Down",-1.69569633910682,0.000966603013760513,220,"Up",1.52554470251213,0.0222803267796767,231,3.22124104161895,3.22124104161895,TRUE,"Switched: young-down, ID-up",0.000966603013760513,0.0222803267796767
"BP","GO:0051251","positive regulation of lymphocyte activation","Down",-1.6779649211525,0.000409201202220536,268,"Up",1.54267701597981,0.00550932649774003,279,3.22064193713231,3.22064193713231,TRUE,"Switched: young-down, ID-up",0.000409201202220536,0.00550932649774003
"BP","GO:0046631","alpha-beta T cell activation","Down",-1.64340242210586,0.0084333207980222,160,"Up",1.57095570748096,0.0270982531326077,171,3.21435812958682,3.21435812958682,TRUE,"Switched: young-down, ID-up",0.0084333207980222,0.0270982531326077
"BP","GO:0030168","platelet activation","Down",-1.60811406274858,0.031366289669435,89,"Up",1.58116331880533,0.0790832638440903,87,3.18927738155391,3.18927738155391,TRUE,"Switched: young-down, ID-up",0.031366289669435,0.0790832638440903
"BP","GO:0002764","immune response-regulating signaling pathway","Down",-1.72996497264692,1.05764121626616e-05,437,"Up",1.44469103635582,0.018663081262335,457,3.17465600900274,3.17465600900274,TRUE,"Switched: young-down, ID-up",1.05764121626616e-05,0.018663081262335
"BP","GO:0032496","response to lipopolysaccharide","Down",-1.74689579581696,8.84140476265819e-05,285,"Up",1.37971697259256,0.0722995633273931,290,3.12661276840952,3.12661276840952,TRUE,"Switched: young-down, ID-up",8.84140476265819e-05,0.0722995633273931
"BP","GO:1904018","positive regulation of vasculature development","Down",-1.58271116540937,0.0187897340195034,154,"Up",1.54369207040786,0.0355618916486388,155,3.12640323581723,3.12640323581723,TRUE,"Switched: young-down, ID-up",0.0187897340195034,0.0355618916486388
"BP","GO:0007162","negative regulation of cell adhesion","Down",-1.62319405334798,0.00182592850050824,266,"Up",1.48788182697638,0.0244133641690805,268,3.11107588032435,3.11107588032435,TRUE,"Switched: young-down, ID-up",0.00182592850050824,0.0244133641690805
"BP","GO:0022407","regulation of cell-cell adhesion","Down",-1.69423387537718,1.99529904276956e-05,413,"Up",1.41494826248294,0.016911658175754,425,3.10918213786013,3.10918213786013,TRUE,"Switched: young-down, ID-up",1.99529904276956e-05,0.016911658175754
"BP","GO:0031348","negative regulation of defense response","Down",-1.5869459204614,0.00608214262334344,216,"Up",1.52174014867179,0.0242990774761243,221,3.10868606913319,3.10868606913319,TRUE,"Switched: young-down, ID-up",0.00608214262334344,0.0242990774761243
"BP","GO:0045766","positive regulation of angiogenesis","Down",-1.51357867810798,0.0375487949637235,151,"Up",1.59495865229967,0.0372777435791983,152,3.10853733040765,3.10853733040765,TRUE,"Switched: young-down, ID-up",0.0372777435791983,0.0375487949637235
"BP","GO:1903037","regulation of leukocyte cell-cell adhesion","Down",-1.75435195342368,3.88585151475567e-05,305,"Up",1.35119963974185,0.0733132482273546,318,3.10555159316553,3.10555159316553,TRUE,"Switched: young-down, ID-up",3.88585151475567e-05,0.0733132482273546
"BP","GO:0001818","negative regulation of cytokine production","Down",-1.58869223962842,0.00383889771358272,256,"Up",1.50859273249917,0.0242990774761243,261,3.09728497212758,3.09728497212758,TRUE,"Switched: young-down, ID-up",0.00383889771358272,0.0242990774761243
"BP","GO:0007160","cell-matrix adhesion","Down",-1.34985026484074,0.0992929572119685,210,"Up",1.7447977214766,0.00166941567356985,210,3.09464798631734,3.09464798631734,TRUE,"Switched: young-down, ID-up",0.00166941567356985,0.0992929572119685
"BP","GO:0010810","regulation of cell-substrate adhesion","Down",-1.30813849217092,0.0912802213974288,209,"Up",1.75730214337088,0.00140470747665298,210,3.0654406355418,3.0654406355418,TRUE,"Switched: young-down, ID-up",0.00140470747665298,0.0912802213974288
"BP","GO:0031349","positive regulation of defense response","Down",-1.5876427146701,0.000323641002671633,453,"Up",1.46657599471964,0.00905244225803392,462,3.05421870938974,3.05421870938974,TRUE,"Switched: young-down, ID-up",0.000323641002671633,0.00905244225803392
"BP","GO:1903131","mononuclear cell differentiation","Down",-1.49942975312811,0.00230240893612263,456,"Up",1.54565580832119,0.00228964964354112,475,3.04508556144931,3.04508556144931,TRUE,"Switched: young-down, ID-up",0.00228964964354112,0.00230240893612263
"BP","GO:1902105","regulation of leukocyte differentiation","Down",-1.32807429897345,0.0815370085062742,280,"Up",1.71190037144995,0.0004127991760704,289,3.0399746704234,3.0399746704234,TRUE,"Switched: young-down, ID-up",0.0004127991760704,0.0815370085062742
"BP","GO:0034341","response to type II interferon","Down",-1.51954214165677,0.0381613893353196,124,"Up",1.5186683549384,0.0677374598281607,126,3.03821049659518,3.03821049659518,TRUE,"Switched: young-down, ID-up",0.0381613893353196,0.0677374598281607
"BP","GO:0035710","CD4-positive, alpha-beta T cell activation","Down",-1.50898277225914,0.0458747556140673,108,"Up",1.50840369291282,0.0855597460819577,116,3.01738646517196,3.01738646517196,TRUE,"Switched: young-down, ID-up",0.0458747556140673,0.0855597460819577
"BP","GO:0070374","positive regulation of ERK1 and ERK2 cascade","Down",-1.41388181941835,0.0782139135418467,154,"Up",1.58615510808169,0.0244689839158982,159,3.00003692750004,3.00003692750004,TRUE,"Switched: young-down, ID-up",0.0244689839158982,0.0782139135418467
"BP","GO:0007204","positive regulation of cytosolic calcium ion concentration","Down",-1.45489149266334,0.0577747728576465,132,"Up",1.53911967861985,0.0549398279822415,136,2.99401117128319,2.99401117128319,TRUE,"Switched: young-down, ID-up",0.0549398279822415,0.0577747728576465
"BP","GO:0045088","regulation of innate immune response","Down",-1.49637757459849,0.0036001431764993,412,"Up",1.4886796831274,0.00748412270718769,420,2.98505725772589,2.98505725772589,TRUE,"Switched: young-down, ID-up",0.0036001431764993,0.00748412270718769
"BP","GO:0002757","immune response-activating signaling pathway","Down",-1.59644947056813,0.000264151125930613,417,"Up",1.35161408283234,0.0521910295804268,435,2.94806355340047,2.94806355340047,TRUE,"Switched: young-down, ID-up",0.000264151125930613,0.0521910295804268
"BP","GO:0002831","regulation of response to biotic stimulus","Down",-1.55401764689022,0.000381760563894769,482,"Up",1.39156978228546,0.0234394515977678,492,2.94558742917568,2.94558742917568,TRUE,"Switched: young-down, ID-up",0.000381760563894769,0.0234394515977678
"BP","GO:0030098","lymphocyte differentiation","Down",-1.39594211403889,0.0200262316074383,376,"Up",1.53206483478053,0.00986012576686112,395,2.92800694881942,2.92800694881942,TRUE,"Switched: young-down, ID-up",0.00986012576686112,0.0200262316074383
"BP","GO:2000146","negative regulation of cell motility","Down",-1.3310093203084,0.0671810772413806,277,"Up",1.59489867288929,0.00691045752681202,280,2.92590799319768,2.92590799319768,TRUE,"Switched: young-down, ID-up",0.00691045752681202,0.0671810772413806
"BP","GO:0040013","negative regulation of locomotion","Down",-1.36216356653079,0.0508774751754798,292,"Up",1.56225654209851,0.00909217725242779,294,2.92442010862929,2.92442010862929,TRUE,"Switched: young-down, ID-up",0.00909217725242779,0.0508774751754798
"BP","GO:0045089","positive regulation of innate immune response","Down",-1.40314026589893,0.0310709595214074,349,"Up",1.43200407346306,0.0425716381590589,355,2.83514433936199,2.83514433936199,TRUE,"Switched: young-down, ID-up",0.0310709595214074,0.0425716381590589
"BP","GO:0070372","regulation of ERK1 and ERK2 cascade","Down",-1.46565883293466,0.0148510275831103,239,"Up",1.36113870926417,0.0960633890279898,243,2.82679754219883,2.82679754219883,TRUE,"Switched: young-down, ID-up",0.0148510275831103,0.0960633890279898
"BP","GO:0002833","positive regulation of response to biotic stimulus","Down",-1.47999530900408,0.00790361602912638,371,"Up",1.33890708637297,0.0962130439093035,377,2.81890239537704,2.81890239537704,TRUE,"Switched: young-down, ID-up",0.00790361602912638,0.0962130439093035
"BP","GO:0048771","tissue remodeling","Down",-1.39190543062647,0.0740725282963562,188,"Up",1.42626301108418,0.0724830328640964,189,2.81816844171066,2.81816844171066,TRUE,"Switched: young-down, ID-up",0.0724830328640964,0.0740725282963562
"BP","GO:0070371","ERK1 and ERK2 cascade","Down",-1.42933276076183,0.0329934624089997,265,"Up",1.37228413570298,0.086676100194737,268,2.8016168964648,2.8016168964648,TRUE,"Switched: young-down, ID-up",0.0329934624089997,0.086676100194737
"BP","GO:1901342","regulation of vasculature development","Down",-1.34099781656003,0.0713498112604807,263,"Up",1.44876198838273,0.0423344414761946,264,2.78975980494276,2.78975980494276,TRUE,"Switched: young-down, ID-up",0.0423344414761946,0.0713498112604807
"BP","GO:0007015","actin filament organization","Down",-1.3503111093046,0.0291729974074198,396,"Up",1.39939246884732,0.036264475857974,396,2.74970357815192,2.74970357815192,TRUE,"Switched: young-down, ID-up",0.0291729974074198,0.036264475857974
"CC","GO:0033017","sarcoplasmic reticulum membrane","Up",1.55984856353383,0.0468959709396646,36,"Down",-1.54910813152273,0.0947874488282431,37,-3.10895669505656,3.10895669505656,TRUE,"Switched: young-up, ID-down",0.0468959709396646,0.0947874488282431
"CC","GO:0009897","external side of plasma membrane","Down",-2.57318373964128,1.04908183120991e-20,303,"Up",2.23831172310475,9.3113968415431e-13,332,4.81149546274603,4.81149546274603,TRUE,"Switched: young-down, ID-up",1.04908183120991e-20,9.3113968415431e-13
"CC","GO:0044217","other organism part","Down",-2.26571445739327,0.000164549191716735,23,"Up",1.89500368633011,0.0204799987954155,26,4.16071814372337,4.16071814372337,TRUE,"Switched: young-down, ID-up",0.000164549191716735,0.0204799987954155
"CC","GO:0106139","symbiont cell surface","Down",-1.92831705649722,0.00890360741445097,15,"Up",2.14379612795597,0.00174305678843319,17,4.07211318445319,4.07211318445319,TRUE,"Switched: young-down, ID-up",0.00174305678843319,0.00890360741445097
"CC","GO:0042611","MHC protein complex","Down",-1.94643742665546,0.008383184307093,21,"Up",2.09441010694121,0.00388176008886493,26,4.04084753359667,4.04084753359667,TRUE,"Switched: young-down, ID-up",0.00388176008886493,0.008383184307093
"CC","GO:0098802","plasma membrane signaling receptor complex","Down",-1.83083465418856,0.000448170812138914,126,"Up",1.90918127863206,0.000223071593094385,135,3.74001593282062,3.74001593282062,TRUE,"Switched: young-down, ID-up",0.000223071593094385,0.000448170812138914
"CC","GO:0008305","integrin complex","Down",-1.56578079752589,0.0555257840856948,31,"Up",2.05234483119855,0.00554825424388661,31,3.61812562872443,3.61812562872443,TRUE,"Switched: young-down, ID-up",0.00554825424388661,0.0555257840856948
"CC","GO:0043235","receptor complex","Down",-1.50256864236465,0.00677579463172859,274,"Up",1.88531373048948,2.6162421286465e-06,291,3.38788237285413,3.38788237285413,TRUE,"Switched: young-down, ID-up",2.6162421286465e-06,0.00677579463172859
"CC","GO:0045335","phagocytic vesicle","Down",-1.71965920916845,0.00249532023589377,122,"Up",1.60225538209808,0.0198255970995475,125,3.32191459126653,3.32191459126653,TRUE,"Switched: young-down, ID-up",0.00249532023589377,0.0198255970995475
"CC","GO:0030670","phagocytic vesicle membrane","Down",-1.60112930020203,0.0391339661433607,56,"Up",1.69206551144748,0.0298825526140112,59,3.29319481164951,3.29319481164951,TRUE,"Switched: young-down, ID-up",0.0298825526140112,0.0391339661433607
"CC","GO:0030864","cortical actin cytoskeleton","Down",-1.71616608465863,0.00784511766906832,84,"Up",1.5677719475091,0.0541785312002548,84,3.28393803216772,3.28393803216772,TRUE,"Switched: young-down, ID-up",0.00784511766906832,0.0541785312002548
"CC","GO:0030863","cortical cytoskeleton","Down",-1.52764627056074,0.0246174381847795,111,"Up",1.41713533393871,0.0927818829844907,110,2.94478160449944,2.94478160449944,TRUE,"Switched: young-down, ID-up",0.0246174381847795,0.0927818829844907
"CC","GO:0098797","plasma membrane protein complex","Down",-1.3673429147918,0.0249404395519264,408,"Up",1.55514822005813,0.000959515331963827,433,2.92249113484993,2.92249113484993,TRUE,"Switched: young-down, ID-up",0.000959515331963827,0.0249404395519264
"CC","GO:0030139","endocytic vesicle","Down",-1.50612355262442,0.015126000559546,208,"Up",1.37032907425586,0.0539630217282016,210,2.87645262688027,2.87645262688027,TRUE,"Switched: young-down, ID-up",0.015126000559546,0.0539630217282016
"CC","GO:0015629","actin cytoskeleton","Down",-1.43656946005323,0.0102541585995786,463,"Up",1.32376284579379,0.0370745249706784,466,2.76033230584702,2.76033230584702,TRUE,"Switched: young-down, ID-up",0.0102541585995786,0.0370745249706784
"CC","GO:0005911","cell-cell junction","Down",-1.26997745755837,0.0703066212469872,424,"Up",1.32370468114074,0.0328352326347015,433,2.59368213869911,2.59368213869911,TRUE,"Switched: young-down, ID-up",0.0328352326347015,0.0703066212469872
"CC","GO:0005840","ribosome","Down",-2.78587870162867,8.24385978586948e-22,220,"Down",-1.40616213508244,0.0639278687108079,220,1.37971656654623,1.37971656654623,FALSE,"Same direction, weaker in old ID",8.24385978586948e-22,0.0639278687108079
"CC","GO:0044391","ribosomal subunit","Down",-2.84900450695923,8.24385978586948e-22,174,"Down",-1.52249453041303,0.0375569418339276,174,1.32650997654619,1.32650997654619,FALSE,"Same direction, weaker in old ID",8.24385978586948e-22,0.0375569418339276
