"direction","human_symbol","best_muscle_combined_p","best_muscle_combined_log10p","muscle_tissue_cell_type_hits","muscle_specific_cell_type_hits","muscle_general_cell_type_hits"
"Upregulated","ABCA9",5.68637445893527e-05,4.2451645445586,"AdultMuscle_Smooth muscle cell; Fetal_HCA_Muscle_Stromal cells; FetalMuscle_Fetal stromal cell; TS_Muscle_mesenchymal stem cell","Smooth muscle cell; Stromal cells; Fetal stromal cell; mesenchymal stem cell","Smooth muscle cell; Stromal cell; Mesenchymal stem cell"
"Upregulated","ABI3BP",5.68637445893527e-05,4.2451645445586,"AdultMuscle_Smooth muscle cell; FetalMuscle_Fetal stromal cell; TS_Muscle_mesenchymal stem cell; FetalMuscle_Fetal mesenchymal progenitor; Fetal_HCA_Muscle_Skeletal muscle cells","Smooth muscle cell; Fetal stromal cell; mesenchymal stem cell; Fetal mesenchymal progenitor; Skeletal muscle cells","Smooth muscle cell; Stromal cell; Mesenchymal stem cell; Cell of skeletal muscle"
"Upregulated","ADAMTSL3",5.68637445893527e-05,4.2451645445586,"AdultMuscle_Smooth muscle cell; Fetal_HCA_Muscle_Stromal cells; FetalMuscle_Fetal stromal cell; TS_Muscle_mesenchymal stem cell; TS_Muscle_tendon cell","Smooth muscle cell; Stromal cells; Fetal stromal cell; mesenchymal stem cell; tendon cell","Smooth muscle cell; Stromal cell; Mesenchymal stem cell; Cell of skeletal muscle"
"Upregulated","APOL1",5.68637445893527e-05,4.2451645445586,"AdultMuscle_Smooth muscle cell; FetalMuscle_Dendritic cell; TS_Muscle_endothelial cell of vascular tree; TS_Muscle_capillary endothelial cell","Smooth muscle cell; Dendritic cell; endothelial cell of vascular tree; capillary endothelial cell","Smooth muscle cell; Dendritic cell; Endothelial cell; Capillary endothelial cell"
"Upregulated","BGN",5.68637445893527e-05,4.2451645445586,"AdultMuscle_Smooth muscle cell; Fetal_HCA_Muscle_Stromal cells; TS_Muscle_mesenchymal stem cell; Fetal_HCA_Muscle_Smooth muscle cells; TS_Muscle_endothelial cell of artery; TS_Muscle_pericyte cell; TS_Muscle_tendon cell; TS_Muscle_smooth muscle cell; FetalMuscle_Fetal mesenchymal progenitor; FetalMuscle_Smooth muscle cell","Smooth muscle cell; Stromal cells; mesenchymal stem cell; Smooth muscle cells; endothelial cell of artery; pericyte cell; tendon cell; smooth muscle cell; Fetal mesenchymal progenitor","Smooth muscle cell; Stromal cell; Mesenchymal stem cell; Endothelial cell; Pericyte cell; Cell of skeletal muscle"
"Upregulated","CFH",5.68637445893527e-05,4.2451645445586,"AdultMuscle_Smooth muscle cell; TS_Muscle_mesenchymal stem cell; TS_Muscle_endothelial cell of lymphatic vessel; Fetal_HCA_Muscle_Satellite cells; TS_Muscle_endothelial cell of artery; TS_Muscle_tendon cell","Smooth muscle cell; mesenchymal stem cell; endothelial cell of lymphatic vessel; Satellite cells; endothelial cell of artery; tendon cell","Smooth muscle cell; Mesenchymal stem cell; Endothelial cell; Skeletal muscle satellite cell; Cell of skeletal muscle"
"Upregulated","COL14A1",5.68637445893527e-05,4.2451645445586,"AdultMuscle_Smooth muscle cell; Fetal_HCA_Muscle_Stromal cells; FetalMuscle_Fetal stromal cell; TS_Muscle_mesenchymal stem cell; Fetal_HCA_Muscle_Schwann cells; FetalMuscle_Fetal neuron; TS_Muscle_tendon cell; TS_Muscle_smooth muscle cell; FetalMuscle_Fetal mesenchymal progenitor","Smooth muscle cell; Stromal cells; Fetal stromal cell; mesenchymal stem cell; Schwann cells; Fetal neuron; tendon cell; smooth muscle cell; Fetal mesenchymal progenitor","Smooth muscle cell; Stromal cell; Mesenchymal stem cell; Schwann cell; Neuron; Cell of skeletal muscle"
"Upregulated","CRISPLD2",5.68637445893527e-05,4.2451645445586,"AdultMuscle_Smooth muscle cell; TS_Muscle_mesenchymal stem cell; Fetal_HCA_Muscle_Smooth muscle cells; TS_Muscle_pericyte cell; FetalMuscle_Smooth muscle cell","Smooth muscle cell; mesenchymal stem cell; Smooth muscle cells; pericyte cell","Smooth muscle cell; Mesenchymal stem cell; Pericyte cell"
"Upregulated","ECM2",5.68637445893527e-05,4.2451645445586,"AdultMuscle_Smooth muscle cell; Fetal_HCA_Muscle_Stromal cells; TS_Muscle_mesenchymal stem cell; Fetal_HCA_Muscle_Smooth muscle cells; TS_Muscle_pericyte cell; TS_Muscle_tendon cell; FetalMuscle_Smooth muscle cell","Smooth muscle cell; Stromal cells; mesenchymal stem cell; Smooth muscle cells; pericyte cell; tendon cell","Smooth muscle cell; Stromal cell; Mesenchymal stem cell; Pericyte cell; Cell of skeletal muscle"
"Upregulated","EFHD1",5.68637445893527e-05,4.2451645445586,"AdultMuscle_Smooth muscle cell; TS_Muscle_mesenchymal stem cell; Fetal_HCA_Muscle_Smooth muscle cells; TS_Muscle_pericyte cell; TS_Muscle_smooth muscle cell; FetalMuscle_Smooth muscle cell","Smooth muscle cell; mesenchymal stem cell; Smooth muscle cells; pericyte cell; smooth muscle cell","Smooth muscle cell; Mesenchymal stem cell; Pericyte cell"
"Upregulated","GALNT16",5.68637445893527e-05,4.2451645445586,"AdultMuscle_Smooth muscle cell; Fetal_HCA_Muscle_Stromal cells; FetalMuscle_Fetal stromal cell; TS_Muscle_mesenchymal stem cell; TS_Muscle_tendon cell","Smooth muscle cell; Stromal cells; Fetal stromal cell; mesenchymal stem cell; tendon cell","Smooth muscle cell; Stromal cell; Mesenchymal stem cell; Cell of skeletal muscle"
"Upregulated","GJA1",5.68637445893527e-05,4.2451645445586,"AdultMuscle_Smooth muscle cell; Fetal_HCA_Muscle_Stromal cells; FetalMuscle_Fetal stromal cell; FetalMuscle_Endothelial cell; Fetal_HCA_Muscle_Lymphatic endothelial cells; TS_Muscle_endothelial cell of vascular tree; TS_Muscle_capillary endothelial cell","Smooth muscle cell; Stromal cells; Fetal stromal cell; Endothelial cell; Lymphatic endothelial cells; endothelial cell of vascular tree; capillary endothelial cell","Smooth muscle cell; Stromal cell; Endothelial cell; Capillary endothelial cell"
"Upregulated","GPC3",5.68637445893527e-05,4.2451645445586,"AdultMuscle_Smooth muscle cell; Fetal_HCA_Muscle_Stromal cells; FetalMuscle_Fetal stromal cell; TS_Muscle_mesenchymal stem cell; Fetal_HCA_Muscle_Satellite cells","Smooth muscle cell; Stromal cells; Fetal stromal cell; mesenchymal stem cell; Satellite cells","Smooth muscle cell; Stromal cell; Mesenchymal stem cell; Skeletal muscle satellite cell"
"Upregulated","GULP1",5.68637445893527e-05,4.2451645445586,"AdultMuscle_Smooth muscle cell; Fetal_HCA_Muscle_Stromal cells; TS_Muscle_mesenchymal stem cell; Fetal_HCA_Muscle_Vascular endothelial cells; Fetal_HCA_Muscle_Schwann cells; FetalMuscle_Fetal neuron","Smooth muscle cell; Stromal cells; mesenchymal stem cell; Vascular endothelial cells; Schwann cells; Fetal neuron","Smooth muscle cell; Stromal cell; Mesenchymal stem cell; Endothelial cell; Schwann cell; Neuron"
"Upregulated","ITGA8",5.68637445893527e-05,4.2451645445586,"AdultMuscle_Smooth muscle cell; Fetal_HCA_Muscle_Schwann cells; Fetal_HCA_Muscle_Satellite cells; TS_Muscle_pericyte cell; TS_Muscle_smooth muscle cell","Smooth muscle cell; Schwann cells; Satellite cells; pericyte cell; smooth muscle cell","Smooth muscle cell; Schwann cell; Skeletal muscle satellite cell; Pericyte cell"
"Upregulated","KCNAB1",5.68637445893527e-05,4.2451645445586,"AdultMuscle_Smooth muscle cell; Fetal_HCA_Muscle_Myeloid cells; Fetal_HCA_Muscle_Smooth muscle cells; TS_Muscle_pericyte cell; TS_Muscle_smooth muscle cell; FetalMuscle_Fetal mesenchymal progenitor; FetalMuscle_Smooth muscle cell","Smooth muscle cell; Myeloid cells; Smooth muscle cells; pericyte cell; smooth muscle cell; Fetal mesenchymal progenitor","Smooth muscle cell; Myeloid cell; Pericyte cell; Mesenchymal stem cell"
"Upregulated","LTBP4",5.68637445893527e-05,4.2451645445586,"AdultMuscle_Smooth muscle cell; Fetal_HCA_Muscle_Stromal cells; FetalMuscle_Fetal stromal cell; TS_Muscle_mesenchymal stem cell; Fetal_HCA_Muscle_Satellite cells; TS_Muscle_endothelial cell of artery; TS_Muscle_tendon cell","Smooth muscle cell; Stromal cells; Fetal stromal cell; mesenchymal stem cell; Satellite cells; endothelial cell of artery; tendon cell","Smooth muscle cell; Stromal cell; Mesenchymal stem cell; Skeletal muscle satellite cell; Endothelial cell; Cell of skeletal muscle"
"Upregulated","MMP2",5.68637445893527e-05,4.2451645445586,"AdultMuscle_Smooth muscle cell; Fetal_HCA_Muscle_Stromal cells; FetalMuscle_Fetal stromal cell; TS_Muscle_mesenchymal stem cell; TS_Muscle_tendon cell","Smooth muscle cell; Stromal cells; Fetal stromal cell; mesenchymal stem cell; tendon cell","Smooth muscle cell; Stromal cell; Mesenchymal stem cell; Cell of skeletal muscle"
"Upregulated","NPNT",5.68637445893527e-05,4.2451645445586,"AdultMuscle_Smooth muscle cell; TS_Muscle_endothelial cell of artery; TS_Muscle_pericyte cell; TS_Muscle_smooth muscle cell; TS_Muscle_skeletal muscle satellite stem cell; FetalMuscle_Fetal skeletal muscle cell; Fetal_HCA_Muscle_Skeletal muscle cells","Smooth muscle cell; endothelial cell of artery; pericyte cell; smooth muscle cell; skeletal muscle satellite stem cell; Fetal skeletal muscle cell; Skeletal muscle cells","Smooth muscle cell; Endothelial cell; Pericyte cell; Skeletal muscle satellite cell; Cell of skeletal muscle"
"Upregulated","OGN",5.68637445893527e-05,4.2451645445586,"AdultMuscle_Smooth muscle cell; Fetal_HCA_Muscle_Stromal cells; FetalMuscle_Fetal stromal cell; TS_Muscle_mesenchymal stem cell; TS_Muscle_tendon cell; TS_Muscle_smooth muscle cell","Smooth muscle cell; Stromal cells; Fetal stromal cell; mesenchymal stem cell; tendon cell; smooth muscle cell","Smooth muscle cell; Stromal cell; Mesenchymal stem cell; Cell of skeletal muscle"
"Upregulated","PDGFRL",5.68637445893527e-05,4.2451645445586,"AdultMuscle_Smooth muscle cell; Fetal_HCA_Muscle_Stromal cells; FetalMuscle_Fetal stromal cell; TS_Muscle_mesenchymal stem cell; TS_Muscle_tendon cell; FetalMuscle_Fetal mesenchymal progenitor","Smooth muscle cell; Stromal cells; Fetal stromal cell; mesenchymal stem cell; tendon cell; Fetal mesenchymal progenitor","Smooth muscle cell; Stromal cell; Mesenchymal stem cell; Cell of skeletal muscle"
"Upregulated","PHLDB2",5.68637445893527e-05,4.2451645445586,"AdultMuscle_Smooth muscle cell; TS_Muscle_mesenchymal stem cell; Fetal_HCA_Muscle_Smooth muscle cells; Fetal_HCA_Muscle_Satellite cells; FetalMuscle_Fetal neuron; TS_Muscle_pericyte cell; TS_Muscle_smooth muscle cell","Smooth muscle cell; mesenchymal stem cell; Smooth muscle cells; Satellite cells; Fetal neuron; pericyte cell; smooth muscle cell","Smooth muscle cell; Mesenchymal stem cell; Skeletal muscle satellite cell; Neuron; Pericyte cell"
"Upregulated","PI16",5.68637445893527e-05,4.2451645445586,"AdultMuscle_Smooth muscle cell; Fetal_HCA_Muscle_Stromal cells; TS_Muscle_mesenchymal stem cell","Smooth muscle cell; Stromal cells; mesenchymal stem cell","Smooth muscle cell; Stromal cell; Mesenchymal stem cell"
"Upregulated","PPL",5.68637445893527e-05,4.2451645445586,"AdultMuscle_Smooth muscle cell; TS_Muscle_mesenchymal stem cell; Fetal_HCA_Muscle_Erythroblasts","Smooth muscle cell; mesenchymal stem cell; Erythroblasts","Smooth muscle cell; Mesenchymal stem cell; Erythroblast"
"Upregulated","SCARA3",5.68637445893527e-05,4.2451645445586,"AdultMuscle_Smooth muscle cell; Fetal_HCA_Muscle_Stromal cells; FetalMuscle_Fetal stromal cell; TS_Muscle_endothelial cell of lymphatic vessel; TS_Muscle_tendon cell; TS_Muscle_smooth muscle cell","Smooth muscle cell; Stromal cells; Fetal stromal cell; endothelial cell of lymphatic vessel; tendon cell; smooth muscle cell","Smooth muscle cell; Stromal cell; Endothelial cell; Cell of skeletal muscle"
"Upregulated","SYNE2",5.68637445893527e-05,4.2451645445586,"AdultMuscle_Smooth muscle cell; Fetal_HCA_Muscle_Vascular endothelial cells; Fetal_HCA_Muscle_Satellite cells; TS_Muscle_endothelial cell of artery; TS_Muscle_pericyte cell; TS_Muscle_endothelial cell of vascular tree; TS_Muscle_t cell; TS_Muscle_capillary endothelial cell; TS_Muscle_mature nk t cell; TS_Muscle_smooth muscle cell; TS_Muscle_cd4-positive, alpha-beta t cell","Smooth muscle cell; Vascular endothelial cells; Satellite cells; endothelial cell of artery; pericyte cell; endothelial cell of vascular tree; t cell; capillary endothelial cell; mature nk t cell; smooth muscle cell; cd4-positive, alpha-beta t cell","Smooth muscle cell; Endothelial cell; Skeletal muscle satellite cell; Pericyte cell; T cell; Capillary endothelial cell; Natural killer cell"
"Upregulated","SYTL2",5.68637445893527e-05,4.2451645445586,"AdultMuscle_Smooth muscle cell; Fetal_HCA_Muscle_Smooth muscle cells; Fetal_HCA_Muscle_Satellite cells; TS_Muscle_pericyte cell; TS_Muscle_t cell; TS_Muscle_mature nk t cell; TS_Muscle_smooth muscle cell; TS_Muscle_cd4-positive, alpha-beta t cell; FetalMuscle_Fetal skeletal muscle cell; FetalMuscle_Smooth muscle cell; TS_Muscle_cd8-positive, alpha-beta t cell","Smooth muscle cell; Smooth muscle cells; Satellite cells; pericyte cell; t cell; mature nk t cell; smooth muscle cell; cd4-positive, alpha-beta t cell; Fetal skeletal muscle cell; cd8-positive, alpha-beta t cell","Smooth muscle cell; Skeletal muscle satellite cell; Pericyte cell; T cell; Natural killer cell; Cell of skeletal muscle"
"Upregulated","TGFBR2",5.68637445893527e-05,4.2451645445586,"AdultMuscle_Smooth muscle cell; Fetal_HCA_Muscle_Stromal cells; FetalMuscle_Fetal stromal cell; TS_Muscle_mesenchymal stem cell; Fetal_HCA_Muscle_Vascular endothelial cells; Fetal_HCA_Muscle_Schwann cells; FetalMuscle_Endothelial cell; FetalMuscle_Fetal neuron; Fetal_HCA_Muscle_Lymphatic endothelial cells; TS_Muscle_endothelial cell of vascular tree","Smooth muscle cell; Stromal cells; Fetal stromal cell; mesenchymal stem cell; Vascular endothelial cells; Schwann cells; Endothelial cell; Fetal neuron; Lymphatic endothelial cells; endothelial cell of vascular tree","Smooth muscle cell; Stromal cell; Mesenchymal stem cell; Endothelial cell; Schwann cell; Neuron"
"Upregulated","TLN2",5.68637445893527e-05,4.2451645445586,"AdultMuscle_Smooth muscle cell; TS_Muscle_mesenchymal stem cell; Fetal_HCA_Muscle_Satellite cells; TS_Muscle_skeletal muscle satellite stem cell","Smooth muscle cell; mesenchymal stem cell; Satellite cells; skeletal muscle satellite stem cell","Smooth muscle cell; Mesenchymal stem cell; Skeletal muscle satellite cell"
"Upregulated","TMEM47",5.68637445893527e-05,4.2451645445586,"AdultMuscle_Smooth muscle cell; TS_Muscle_endothelial cell of artery; TS_Muscle_pericyte cell; TS_Muscle_capillary endothelial cell; TS_Muscle_smooth muscle cell; TS_Muscle_skeletal muscle satellite stem cell; FetalMuscle_Fetal skeletal muscle cell; Fetal_HCA_Muscle_Skeletal muscle cells","Smooth muscle cell; endothelial cell of artery; pericyte cell; capillary endothelial cell; smooth muscle cell; skeletal muscle satellite stem cell; Fetal skeletal muscle cell; Skeletal muscle cells","Smooth muscle cell; Endothelial cell; Pericyte cell; Capillary endothelial cell; Skeletal muscle satellite cell; Cell of skeletal muscle"
"Upregulated","VIT",5.68637445893527e-05,4.2451645445586,"AdultMuscle_Smooth muscle cell; Fetal_HCA_Muscle_Stromal cells; TS_Muscle_mesenchymal stem cell; FetalMuscle_Fetal epithelial progenitor","Smooth muscle cell; Stromal cells; mesenchymal stem cell; Fetal epithelial progenitor","Smooth muscle cell; Stromal cell; Mesenchymal stem cell; Epithelial fate stem cell"
"Upregulated","VWF",5.68637445893527e-05,4.2451645445586,"AdultMuscle_Smooth muscle cell; Fetal_HCA_Muscle_Vascular endothelial cells; TS_Muscle_endothelial cell of lymphatic vessel; FetalMuscle_Endothelial cell; Fetal_HCA_Muscle_Lymphatic endothelial cells; TS_Muscle_endothelial cell of artery; TS_Muscle_pericyte cell; TS_Muscle_endothelial cell of vascular tree; TS_Muscle_capillary endothelial cell","Smooth muscle cell; Vascular endothelial cells; endothelial cell of lymphatic vessel; Endothelial cell; Lymphatic endothelial cells; endothelial cell of artery; pericyte cell; endothelial cell of vascular tree; capillary endothelial cell","Smooth muscle cell; Endothelial cell; Pericyte cell; Capillary endothelial cell"
"Upregulated","ABCA6",0.00015657134123014,3.80528772813135,"Fetal_HCA_Muscle_Stromal cells; FetalMuscle_Fetal stromal cell; TS_Muscle_mesenchymal stem cell","Stromal cells; Fetal stromal cell; mesenchymal stem cell","Stromal cell; Mesenchymal stem cell"
"Upregulated","B4GALT1",0.00015657134123014,3.80528772813135,"Fetal_HCA_Muscle_Stromal cells; FetalMuscle_Fetal stromal cell; TS_Muscle_mesenchymal stem cell; TS_Muscle_macrophage; TS_Muscle_mature nk t cell","Stromal cells; Fetal stromal cell; mesenchymal stem cell; macrophage; mature nk t cell","Stromal cell; Mesenchymal stem cell; Macrophage; Natural killer cell"
"Upregulated","CDH11",0.00015657134123014,3.80528772813135,"Fetal_HCA_Muscle_Stromal cells; FetalMuscle_Fetal stromal cell; TS_Muscle_mesenchymal stem cell; Fetal_HCA_Muscle_Smooth muscle cells; TS_Muscle_tendon cell","Stromal cells; Fetal stromal cell; mesenchymal stem cell; Smooth muscle cells; tendon cell","Stromal cell; Mesenchymal stem cell; Smooth muscle cell; Cell of skeletal muscle"
"Upregulated","CLEC11A",0.00015657134123014,3.80528772813135,"Fetal_HCA_Muscle_Stromal cells; TS_Muscle_pericyte cell; FetalMuscle_Smooth muscle cell","Stromal cells; pericyte cell; Smooth muscle cell","Stromal cell; Pericyte cell; Smooth muscle cell"
"Upregulated","CLEC3B",0.00015657134123014,3.80528772813135,"Fetal_HCA_Muscle_Stromal cells; Fetal_HCA_Muscle_Vascular endothelial cells; TS_Muscle_endothelial cell of artery; TS_Muscle_capillary endothelial cell","Stromal cells; Vascular endothelial cells; endothelial cell of artery; capillary endothelial cell","Stromal cell; Endothelial cell; Capillary endothelial cell"
"Upregulated","CNTFR",0.00015657134123014,3.80528772813135,"Fetal_HCA_Muscle_Stromal cells; FetalMuscle_Fetal stromal cell; TS_Muscle_mesenchymal stem cell; TS_Muscle_fast muscle cell","Stromal cells; Fetal stromal cell; mesenchymal stem cell; fast muscle cell","Stromal cell; Mesenchymal stem cell; Cell of skeletal muscle"
"Upregulated","COL6A6",0.00015657134123014,3.80528772813135,"Fetal_HCA_Muscle_Stromal cells; FetalMuscle_Fetal stromal cell; TS_Muscle_mesenchymal stem cell","Stromal cells; Fetal stromal cell; mesenchymal stem cell","Stromal cell; Mesenchymal stem cell"
"Upregulated","FAM171B",0.00015657134123014,3.80528772813135,"Fetal_HCA_Muscle_Stromal cells; FetalMuscle_Fetal stromal cell; TS_Muscle_mesenchymal stem cell; TS_Muscle_endothelial cell of lymphatic vessel","Stromal cells; Fetal stromal cell; mesenchymal stem cell; endothelial cell of lymphatic vessel","Stromal cell; Mesenchymal stem cell; Endothelial cell"
"Upregulated","FNDC1",0.00015657134123014,3.80528772813135,"Fetal_HCA_Muscle_Stromal cells; FetalMuscle_Fetal stromal cell; TS_Muscle_mesenchymal stem cell; TS_Muscle_tendon cell","Stromal cells; Fetal stromal cell; mesenchymal stem cell; tendon cell","Stromal cell; Mesenchymal stem cell; Cell of skeletal muscle"
"Upregulated","GPX8",0.00015657134123014,3.80528772813135,"Fetal_HCA_Muscle_Stromal cells; FetalMuscle_Fetal stromal cell; TS_Muscle_mesenchymal stem cell; TS_Muscle_tendon cell; FetalMuscle_Fetal mesenchymal progenitor","Stromal cells; Fetal stromal cell; mesenchymal stem cell; tendon cell; Fetal mesenchymal progenitor","Stromal cell; Mesenchymal stem cell; Cell of skeletal muscle"
"Upregulated","INHBA",0.00015657134123014,3.80528772813135,"Fetal_HCA_Muscle_Stromal cells; FetalMuscle_Fetal stromal cell; Fetal_HCA_Muscle_Smooth muscle cells; TS_Muscle_macrophage; TS_Muscle_tendon cell; TS_Muscle_smooth muscle cell","Stromal cells; Fetal stromal cell; Smooth muscle cells; macrophage; tendon cell; smooth muscle cell","Stromal cell; Smooth muscle cell; Macrophage; Cell of skeletal muscle"
"Upregulated","LEPR",0.00015657134123014,3.80528772813135,"Fetal_HCA_Muscle_Stromal cells; TS_Muscle_endothelial cell of artery; TS_Muscle_tendon cell; TS_Muscle_skeletal muscle satellite stem cell","Stromal cells; endothelial cell of artery; tendon cell; skeletal muscle satellite stem cell","Stromal cell; Endothelial cell; Cell of skeletal muscle; Skeletal muscle satellite cell"
"Upregulated","MYOF",0.00015657134123014,3.80528772813135,"Fetal_HCA_Muscle_Stromal cells; FetalMuscle_Fetal stromal cell; Fetal_HCA_Muscle_Smooth muscle cells; TS_Muscle_endothelial cell of artery; TS_Muscle_endothelial cell of vascular tree","Stromal cells; Fetal stromal cell; Smooth muscle cells; endothelial cell of artery; endothelial cell of vascular tree","Stromal cell; Smooth muscle cell; Endothelial cell"
"Upregulated","PHACTR1",0.00015657134123014,3.80528772813135,"Fetal_HCA_Muscle_Stromal cells; AdultMuscle_Dendritic cell; FetalMuscle_Dendritic cell; FetalMuscle_Fetal neuron; TS_Muscle_macrophage; TS_Muscle_capillary endothelial cell; TS_Muscle_smooth muscle cell; TS_Muscle_mast cell","Stromal cells; Dendritic cell; Fetal neuron; macrophage; capillary endothelial cell; smooth muscle cell; mast cell","Stromal cell; Dendritic cell; Neuron; Macrophage; Capillary endothelial cell; Smooth muscle cell; Mast cell"
"Upregulated","PLP1",0.00015657134123014,3.80528772813135,"Fetal_HCA_Muscle_Stromal cells; FetalMuscle_Fetal stromal cell; Fetal_HCA_Muscle_Schwann cells; FetalMuscle_Fetal neuron; TS_Muscle_tendon cell","Stromal cells; Fetal stromal cell; Schwann cells; Fetal neuron; tendon cell","Stromal cell; Schwann cell; Neuron; Cell of skeletal muscle"
"Upregulated","RNF24",0.00015657134123014,3.80528772813135,"Fetal_HCA_Muscle_Stromal cells; FetalMuscle_Fetal stromal cell; TS_Muscle_mesenchymal stem cell; Fetal_HCA_Muscle_Smooth muscle cells; TS_Muscle_tendon cell","Stromal cells; Fetal stromal cell; mesenchymal stem cell; Smooth muscle cells; tendon cell","Stromal cell; Mesenchymal stem cell; Smooth muscle cell; Cell of skeletal muscle"
"Upregulated","SLC6A2",0.00015657134123014,3.80528772813135,"Fetal_HCA_Muscle_Stromal cells","Stromal cells","Stromal cell"
"Upregulated","TBC1D2B",0.00015657134123014,3.80528772813135,"Fetal_HCA_Muscle_Stromal cells; TS_Muscle_mesenchymal stem cell","Stromal cells; mesenchymal stem cell","Stromal cell; Mesenchymal stem cell"
"Upregulated","TGFBI",0.00015657134123014,3.80528772813135,"Fetal_HCA_Muscle_Stromal cells; FetalMuscle_Fetal stromal cell; AdultMuscle_Dendritic cell; AdultMuscle_Macrophage; Fetal_HCA_Muscle_Smooth muscle cells; TS_Muscle_macrophage; TS_Muscle_skeletal muscle satellite stem cell","Stromal cells; Fetal stromal cell; Dendritic cell; Macrophage; Smooth muscle cells; macrophage; skeletal muscle satellite stem cell","Stromal cell; Dendritic cell; Macrophage; Smooth muscle cell; Skeletal muscle satellite cell"
"Upregulated","TMEFF2",0.00015657134123014,3.80528772813135,"Fetal_HCA_Muscle_Stromal cells; FetalMuscle_Fetal stromal cell; Fetal_HCA_Muscle_Satellite cells; TS_Muscle_skeletal muscle satellite stem cell","Stromal cells; Fetal stromal cell; Satellite cells; skeletal muscle satellite stem cell","Stromal cell; Skeletal muscle satellite cell"
"Upregulated","AFF3",0.00340505174133032,2.46787628439627,"Fetal_HCA_Muscle_Myeloid cells; TS_Muscle_mesenchymal stem cell; Fetal_HCA_Muscle_Lymphoid cells; Fetal_HCA_Muscle_Smooth muscle cells; FetalMuscle_Dendritic cell; TS_Muscle_tendon cell; TS_Muscle_smooth muscle cell","Myeloid cells; mesenchymal stem cell; Lymphoid cells; Smooth muscle cells; Dendritic cell; tendon cell; smooth muscle cell","Myeloid cell; Mesenchymal stem cell; Innate lymphoid cell; Smooth muscle cell; Dendritic cell; Cell of skeletal muscle"
"Upregulated","AOAH",0.00340505174133032,2.46787628439627,"Fetal_HCA_Muscle_Myeloid cells; AdultMuscle_Dendritic cell; FetalMuscle_Macrophage; Fetal_HCA_Muscle_Lymphoid cells; FetalMuscle_Dendritic cell; Fetal_HCA_Muscle_Lymphatic endothelial cells; TS_Muscle_macrophage; TS_Muscle_t cell; TS_Muscle_mature nk t cell; TS_Muscle_cd4-positive, alpha-beta t cell; TS_Muscle_cd8-positive, alpha-beta t cell","Myeloid cells; Dendritic cell; Macrophage; Lymphoid cells; Lymphatic endothelial cells; macrophage; t cell; mature nk t cell; cd4-positive, alpha-beta t cell; cd8-positive, alpha-beta t cell","Myeloid cell; Dendritic cell; Macrophage; Innate lymphoid cell; Endothelial cell; T cell; Natural killer cell"
"Upregulated","APPL2",0.00340505174133032,2.46787628439627,"Fetal_HCA_Muscle_Myeloid cells; TS_Muscle_mesenchymal stem cell; FetalMuscle_Fetal epithelial progenitor","Myeloid cells; mesenchymal stem cell; Fetal epithelial progenitor","Myeloid cell; Mesenchymal stem cell; Epithelial fate stem cell"
"Upregulated","C1QA",0.00340505174133032,2.46787628439627,"Fetal_HCA_Muscle_Myeloid cells; AdultMuscle_Dendritic cell; FetalMuscle_Macrophage; AdultMuscle_Macrophage; TS_Muscle_macrophage","Myeloid cells; Dendritic cell; Macrophage; macrophage","Myeloid cell; Dendritic cell; Macrophage"
"Upregulated","C1QC",0.00340505174133032,2.46787628439627,"Fetal_HCA_Muscle_Myeloid cells; AdultMuscle_Dendritic cell; FetalMuscle_Macrophage; AdultMuscle_Macrophage; TS_Muscle_macrophage; Fetal_HCA_Muscle_Erythroblasts","Myeloid cells; Dendritic cell; Macrophage; macrophage; Erythroblasts","Myeloid cell; Dendritic cell; Macrophage; Erythroblast"
"Upregulated","CD14",0.00340505174133032,2.46787628439627,"Fetal_HCA_Muscle_Myeloid cells; AdultMuscle_Dendritic cell; FetalMuscle_Macrophage; AdultMuscle_Macrophage; FetalMuscle_Dendritic cell; TS_Muscle_macrophage; FetalMuscle_Fetal epithelial progenitor","Myeloid cells; Dendritic cell; Macrophage; macrophage; Fetal epithelial progenitor","Myeloid cell; Dendritic cell; Macrophage; Epithelial fate stem cell"
"Upregulated","CD163",0.00340505174133032,2.46787628439627,"Fetal_HCA_Muscle_Myeloid cells; AdultMuscle_Dendritic cell; FetalMuscle_Macrophage; AdultMuscle_Macrophage; TS_Muscle_macrophage","Myeloid cells; Dendritic cell; Macrophage; macrophage","Myeloid cell; Dendritic cell; Macrophage"
"Upregulated","CDC14A",0.00340505174133032,2.46787628439627,"Fetal_HCA_Muscle_Myeloid cells; Fetal_HCA_Muscle_Lymphoid cells; TS_Muscle_t cell; TS_Muscle_capillary endothelial cell; TS_Muscle_cd4-positive, alpha-beta t cell","Myeloid cells; Lymphoid cells; t cell; capillary endothelial cell; cd4-positive, alpha-beta t cell","Myeloid cell; Innate lymphoid cell; T cell; Capillary endothelial cell"
"Upregulated","CSF1R",0.00340505174133032,2.46787628439627,"Fetal_HCA_Muscle_Myeloid cells; AdultMuscle_Dendritic cell; FetalMuscle_Macrophage; AdultMuscle_Macrophage; FetalMuscle_Dendritic cell; TS_Muscle_macrophage","Myeloid cells; Dendritic cell; Macrophage; macrophage","Myeloid cell; Dendritic cell; Macrophage"
"Upregulated","CSF3R",0.00340505174133032,2.46787628439627,"Fetal_HCA_Muscle_Myeloid cells; AdultMuscle_Dendritic cell; FetalMuscle_Macrophage; AdultMuscle_Macrophage; FetalMuscle_Dendritic cell; TS_Muscle_macrophage","Myeloid cells; Dendritic cell; Macrophage; macrophage","Myeloid cell; Dendritic cell; Macrophage"
"Upregulated","CX3CR1",0.00340505174133032,2.46787628439627,"Fetal_HCA_Muscle_Myeloid cells; FetalMuscle_Macrophage; Fetal_HCA_Muscle_Lymphoid cells; FetalMuscle_Dendritic cell; TS_Muscle_pericyte cell; TS_Muscle_t cell; TS_Muscle_mature nk t cell; TS_Muscle_smooth muscle cell; FetalMuscle_Fetal epithelial progenitor; FetalMuscle_Erythroid cell","Myeloid cells; Macrophage; Lymphoid cells; Dendritic cell; pericyte cell; t cell; mature nk t cell; smooth muscle cell; Fetal epithelial progenitor; Erythroid cell","Myeloid cell; Macrophage; Innate lymphoid cell; Dendritic cell; Pericyte cell; T cell; Natural killer cell; Smooth muscle cell; Epithelial fate stem cell; Erythroid lineage cell"
"Upregulated","F13A1",0.00340505174133032,2.46787628439627,"Fetal_HCA_Muscle_Myeloid cells; AdultMuscle_Dendritic cell; FetalMuscle_Macrophage; AdultMuscle_Macrophage; TS_Muscle_macrophage","Myeloid cells; Dendritic cell; Macrophage; macrophage","Myeloid cell; Dendritic cell; Macrophage"
"Upregulated","FNBP1",0.00340505174133032,2.46787628439627,"Fetal_HCA_Muscle_Myeloid cells; Fetal_HCA_Muscle_Lymphoid cells; Fetal_HCA_Muscle_Smooth muscle cells; TS_Muscle_endothelial cell of artery; TS_Muscle_macrophage; TS_Muscle_t cell; TS_Muscle_mature nk t cell; TS_Muscle_cd4-positive, alpha-beta t cell; TS_Muscle_cd8-positive, alpha-beta t cell","Myeloid cells; Lymphoid cells; Smooth muscle cells; endothelial cell of artery; macrophage; t cell; mature nk t cell; cd4-positive, alpha-beta t cell; cd8-positive, alpha-beta t cell","Myeloid cell; Innate lymphoid cell; Smooth muscle cell; Endothelial cell; Macrophage; T cell; Natural killer cell"
"Upregulated","IFI16",0.00340505174133032,2.46787628439627,"Fetal_HCA_Muscle_Myeloid cells; TS_Muscle_mesenchymal stem cell; Fetal_HCA_Muscle_Vascular endothelial cells; FetalMuscle_Macrophage; Fetal_HCA_Muscle_Lymphoid cells; Fetal_HCA_Muscle_Smooth muscle cells; FetalMuscle_Endothelial cell; FetalMuscle_Dendritic cell; TS_Muscle_endothelial cell of vascular tree; FetalMuscle_Smooth muscle cell","Myeloid cells; mesenchymal stem cell; Vascular endothelial cells; Macrophage; Lymphoid cells; Smooth muscle cells; Endothelial cell; Dendritic cell; endothelial cell of vascular tree; Smooth muscle cell","Myeloid cell; Mesenchymal stem cell; Endothelial cell; Macrophage; Innate lymphoid cell; Smooth muscle cell; Dendritic cell"
"Upregulated","JAK3",0.00340505174133032,2.46787628439627,"Fetal_HCA_Muscle_Myeloid cells; FetalMuscle_Macrophage; Fetal_HCA_Muscle_Lymphoid cells; TS_Muscle_macrophage; TS_Muscle_endothelial cell of vascular tree; TS_Muscle_t cell; TS_Muscle_mature nk t cell; TS_Muscle_cd4-positive, alpha-beta t cell; AdultMuscle_T cell; TS_Muscle_cd8-positive, alpha-beta t cell","Myeloid cells; Macrophage; Lymphoid cells; macrophage; endothelial cell of vascular tree; t cell; mature nk t cell; cd4-positive, alpha-beta t cell; T cell; cd8-positive, alpha-beta t cell","Myeloid cell; Macrophage; Innate lymphoid cell; Endothelial cell; T cell; Natural killer cell"
"Upregulated","LAIR1",0.00340505174133032,2.46787628439627,"Fetal_HCA_Muscle_Myeloid cells; AdultMuscle_Dendritic cell; FetalMuscle_Macrophage; AdultMuscle_Macrophage; TS_Muscle_macrophage; TS_Muscle_mature nk t cell; TS_Muscle_mast cell; FetalMuscle_Erythroid cell","Myeloid cells; Dendritic cell; Macrophage; macrophage; mature nk t cell; mast cell; Erythroid cell","Myeloid cell; Dendritic cell; Macrophage; Natural killer cell; Mast cell; Erythroid lineage cell"
"Upregulated","LOXL3",0.00340505174133032,2.46787628439627,"Fetal_HCA_Muscle_Myeloid cells; Fetal_HCA_Muscle_Schwann cells; FetalMuscle_Fetal neuron; TS_Muscle_macrophage; TS_Muscle_smooth muscle cell; FetalMuscle_Smooth muscle cell","Myeloid cells; Schwann cells; Fetal neuron; macrophage; smooth muscle cell; Smooth muscle cell","Myeloid cell; Schwann cell; Neuron; Macrophage; Smooth muscle cell"
"Upregulated","MAML3",0.00340505174133032,2.46787628439627,"Fetal_HCA_Muscle_Myeloid cells; Fetal_HCA_Muscle_Vascular endothelial cells; Fetal_HCA_Muscle_Schwann cells; FetalMuscle_Fetal neuron; TS_Muscle_macrophage; TS_Muscle_pericyte cell; TS_Muscle_capillary endothelial cell; TS_Muscle_smooth muscle cell; TS_Muscle_mast cell; FetalMuscle_Fetal epithelial progenitor","Myeloid cells; Vascular endothelial cells; Schwann cells; Fetal neuron; macrophage; pericyte cell; capillary endothelial cell; smooth muscle cell; mast cell; Fetal epithelial progenitor","Myeloid cell; Endothelial cell; Schwann cell; Neuron; Macrophage; Pericyte cell; Capillary endothelial cell; Smooth muscle cell; Mast cell; Epithelial fate stem cell"
"Upregulated","P2RX7",0.00340505174133032,2.46787628439627,"Fetal_HCA_Muscle_Myeloid cells; FetalMuscle_Macrophage; Fetal_HCA_Muscle_Schwann cells; FetalMuscle_Dendritic cell; FetalMuscle_Fetal neuron; TS_Muscle_macrophage; TS_Muscle_tendon cell","Myeloid cells; Macrophage; Schwann cells; Dendritic cell; Fetal neuron; macrophage; tendon cell","Myeloid cell; Macrophage; Schwann cell; Dendritic cell; Neuron; Cell of skeletal muscle"
"Upregulated","RNF213",0.00340505174133032,2.46787628439627,"Fetal_HCA_Muscle_Myeloid cells; Fetal_HCA_Muscle_Lymphoid cells","Myeloid cells; Lymphoid cells","Myeloid cell; Innate lymphoid cell"
"Upregulated","SAMHD1",0.00340505174133032,2.46787628439627,"Fetal_HCA_Muscle_Myeloid cells; TS_Muscle_mesenchymal stem cell; AdultMuscle_Dendritic cell; FetalMuscle_Macrophage; AdultMuscle_Macrophage; Fetal_HCA_Muscle_Lymphoid cells; Fetal_HCA_Muscle_Schwann cells; FetalMuscle_Dendritic cell; FetalMuscle_Fetal neuron","Myeloid cells; mesenchymal stem cell; Dendritic cell; Macrophage; Lymphoid cells; Schwann cells; Fetal neuron","Myeloid cell; Mesenchymal stem cell; Dendritic cell; Macrophage; Innate lymphoid cell; Schwann cell; Neuron"
"Upregulated","SIGLEC1",0.00340505174133032,2.46787628439627,"Fetal_HCA_Muscle_Myeloid cells; AdultMuscle_Dendritic cell; FetalMuscle_Macrophage; AdultMuscle_Macrophage; TS_Muscle_macrophage; AdultMuscle_T cell","Myeloid cells; Dendritic cell; Macrophage; macrophage; T cell","Myeloid cell; Dendritic cell; Macrophage; T cell"
"Upregulated","STAB1",0.00340505174133032,2.46787628439627,"Fetal_HCA_Muscle_Myeloid cells; AdultMuscle_Dendritic cell; FetalMuscle_Macrophage; AdultMuscle_Macrophage; Fetal_HCA_Muscle_Lymphatic endothelial cells; TS_Muscle_macrophage; TS_Muscle_endothelial cell of vascular tree","Myeloid cells; Dendritic cell; Macrophage; Lymphatic endothelial cells; macrophage; endothelial cell of vascular tree","Myeloid cell; Dendritic cell; Macrophage; Endothelial cell"
"Upregulated","SUSD1",0.00340505174133032,2.46787628439627,"Fetal_HCA_Muscle_Myeloid cells; TS_Muscle_mesenchymal stem cell","Myeloid cells; mesenchymal stem cell","Myeloid cell; Mesenchymal stem cell"
"Upregulated","NUMBL",0.00531564199140089,2.27444427648679,"FetalMuscle_Fetal stromal cell; TS_Muscle_mesenchymal stem cell; TS_Muscle_tendon cell; TS_Muscle_skeletal muscle satellite stem cell","Fetal stromal cell; mesenchymal stem cell; tendon cell; skeletal muscle satellite stem cell","Stromal cell; Mesenchymal stem cell; Cell of skeletal muscle; Skeletal muscle satellite cell"
"Upregulated","PENK",0.00531564199140089,2.27444427648679,"FetalMuscle_Fetal stromal cell","Fetal stromal cell","Stromal cell"
"Upregulated","ACSM3",0.00745609324313457,2.12748866949452,"TS_Muscle_mesenchymal stem cell; FetalMuscle_Fetal mesenchymal progenitor","mesenchymal stem cell; Fetal mesenchymal progenitor","Mesenchymal stem cell"
"Upregulated","APOL3",0.00745609324313457,2.12748866949452,"TS_Muscle_mesenchymal stem cell; Fetal_HCA_Muscle_Vascular endothelial cells; Fetal_HCA_Muscle_Lymphoid cells; FetalMuscle_Endothelial cell; FetalMuscle_Dendritic cell; Fetal_HCA_Muscle_Lymphatic endothelial cells; TS_Muscle_endothelial cell of artery; TS_Muscle_capillary endothelial cell; Fetal_HCA_Muscle_Erythroblasts","mesenchymal stem cell; Vascular endothelial cells; Lymphoid cells; Endothelial cell; Dendritic cell; Lymphatic endothelial cells; endothelial cell of artery; capillary endothelial cell; Erythroblasts","Mesenchymal stem cell; Endothelial cell; Innate lymphoid cell; Dendritic cell; Capillary endothelial cell; Erythroblast"
"Upregulated","APOL4",0.00745609324313457,2.12748866949452,"TS_Muscle_mesenchymal stem cell; FetalMuscle_Fetal skeletal muscle cell","mesenchymal stem cell; Fetal skeletal muscle cell","Mesenchymal stem cell; Cell of skeletal muscle"
"Upregulated","ASAP2",0.00745609324313457,2.12748866949452,"TS_Muscle_mesenchymal stem cell; Fetal_HCA_Muscle_Vascular endothelial cells; Fetal_HCA_Muscle_Smooth muscle cells; TS_Muscle_endothelial cell of artery; TS_Muscle_pericyte cell","mesenchymal stem cell; Vascular endothelial cells; Smooth muscle cells; endothelial cell of artery; pericyte cell","Mesenchymal stem cell; Endothelial cell; Smooth muscle cell; Pericyte cell"
"Upregulated","FBXL20",0.00745609324313457,2.12748866949452,"TS_Muscle_mesenchymal stem cell","mesenchymal stem cell","Mesenchymal stem cell"
"Upregulated","GALNT15",0.00745609324313457,2.12748866949452,"TS_Muscle_mesenchymal stem cell; Fetal_HCA_Muscle_Vascular endothelial cells","mesenchymal stem cell; Vascular endothelial cells","Mesenchymal stem cell; Endothelial cell"
"Upregulated","IKZF4",0.00745609324313457,2.12748866949452,"TS_Muscle_mesenchymal stem cell","mesenchymal stem cell","Mesenchymal stem cell"
"Upregulated","KCNA2",0.00745609324313457,2.12748866949452,"TS_Muscle_mesenchymal stem cell","mesenchymal stem cell","Mesenchymal stem cell"
"Upregulated","PKD1",0.00745609324313457,2.12748866949452,"TS_Muscle_mesenchymal stem cell; TS_Muscle_tendon cell","mesenchymal stem cell; tendon cell","Mesenchymal stem cell; Cell of skeletal muscle"
"Upregulated","PTPN13",0.00745609324313457,2.12748866949452,"TS_Muscle_mesenchymal stem cell; Fetal_HCA_Muscle_Schwann cells; Fetal_HCA_Muscle_Smooth muscle cells; FetalMuscle_Fetal mesenchymal progenitor","mesenchymal stem cell; Schwann cells; Smooth muscle cells; Fetal mesenchymal progenitor","Mesenchymal stem cell; Schwann cell; Smooth muscle cell"
"Upregulated","RGS2",0.00745609324313457,2.12748866949452,"TS_Muscle_mesenchymal stem cell; AdultMuscle_Dendritic cell; FetalMuscle_Macrophage; FetalMuscle_Dendritic cell; TS_Muscle_macrophage; TS_Muscle_mature nk t cell; TS_Muscle_mast cell; FetalMuscle_Fetal skeletal muscle cell; AdultMuscle_T cell; Fetal_HCA_Muscle_Skeletal muscle cells","mesenchymal stem cell; Dendritic cell; Macrophage; macrophage; mature nk t cell; mast cell; Fetal skeletal muscle cell; T cell; Skeletal muscle cells","Mesenchymal stem cell; Dendritic cell; Macrophage; Natural killer cell; Mast cell; Cell of skeletal muscle; T cell"
"Upregulated","SDK1",0.00745609324313457,2.12748866949452,"TS_Muscle_mesenchymal stem cell; Fetal_HCA_Muscle_Schwann cells; Fetal_HCA_Muscle_Satellite cells","mesenchymal stem cell; Schwann cells; Satellite cells","Mesenchymal stem cell; Schwann cell; Skeletal muscle satellite cell"
"Upregulated","SLC43A3",0.00745609324313457,2.12748866949452,"TS_Muscle_mesenchymal stem cell; Fetal_HCA_Muscle_Smooth muscle cells; Fetal_HCA_Muscle_Lymphatic endothelial cells; TS_Muscle_macrophage; Fetal_HCA_Muscle_Erythroblasts","mesenchymal stem cell; Smooth muscle cells; Lymphatic endothelial cells; macrophage; Erythroblasts","Mesenchymal stem cell; Smooth muscle cell; Endothelial cell; Macrophage; Erythroblast"
"Upregulated","SYNE3",0.00745609324313457,2.12748866949452,"TS_Muscle_mesenchymal stem cell","mesenchymal stem cell","Mesenchymal stem cell"
"Upregulated","TBC1D4",0.00745609324313457,2.12748866949452,"TS_Muscle_mesenchymal stem cell","mesenchymal stem cell","Mesenchymal stem cell"
"Upregulated","TNFSF10",0.00745609324313457,2.12748866949452,"TS_Muscle_mesenchymal stem cell; Fetal_HCA_Muscle_Vascular endothelial cells; Fetal_HCA_Muscle_Lymphoid cells; FetalMuscle_Endothelial cell; Fetal_HCA_Muscle_Lymphatic endothelial cells; TS_Muscle_endothelial cell of artery; TS_Muscle_endothelial cell of vascular tree; TS_Muscle_capillary endothelial cell","mesenchymal stem cell; Vascular endothelial cells; Lymphoid cells; Endothelial cell; Lymphatic endothelial cells; endothelial cell of artery; endothelial cell of vascular tree; capillary endothelial cell","Mesenchymal stem cell; Endothelial cell; Innate lymphoid cell; Capillary endothelial cell"
"Upregulated","ZNF217",0.00745609324313457,2.12748866949452,"TS_Muscle_mesenchymal stem cell; FetalMuscle_Macrophage; Fetal_HCA_Muscle_Lymphoid cells","mesenchymal stem cell; Macrophage; Lymphoid cells","Mesenchymal stem cell; Macrophage; Innate lymphoid cell"
"Upregulated","ACE",0.010482729780557,1.97952560912146,"Fetal_HCA_Muscle_Vascular endothelial cells; FetalMuscle_Endothelial cell; TS_Muscle_endothelial cell of artery; TS_Muscle_capillary endothelial cell","Vascular endothelial cells; Endothelial cell; endothelial cell of artery; capillary endothelial cell","Endothelial cell; Capillary endothelial cell"
"Upregulated","HID1",0.010482729780557,1.97952560912146,"Fetal_HCA_Muscle_Vascular endothelial cells; TS_Muscle_endothelial cell of lymphatic vessel; FetalMuscle_Endothelial cell; Fetal_HCA_Muscle_Lymphatic endothelial cells; TS_Muscle_endothelial cell of artery; TS_Muscle_endothelial cell of vascular tree; TS_Muscle_capillary endothelial cell","Vascular endothelial cells; endothelial cell of lymphatic vessel; Endothelial cell; Lymphatic endothelial cells; endothelial cell of artery; endothelial cell of vascular tree; capillary endothelial cell","Endothelial cell; Capillary endothelial cell"
"Upregulated","HLA-A",0.010482729780557,1.97952560912146,"Fetal_HCA_Muscle_Vascular endothelial cells; AdultMuscle_Macrophage; Fetal_HCA_Muscle_Lymphoid cells; FetalMuscle_Endothelial cell; FetalMuscle_Dendritic cell; Fetal_HCA_Muscle_Lymphatic endothelial cells; TS_Muscle_endothelial cell of artery; TS_Muscle_endothelial cell of vascular tree; TS_Muscle_t cell; TS_Muscle_capillary endothelial cell; TS_Muscle_mature nk t cell; TS_Muscle_cd4-positive, alpha-beta t cell","Vascular endothelial cells; Macrophage; Lymphoid cells; Endothelial cell; Dendritic cell; Lymphatic endothelial cells; endothelial cell of artery; endothelial cell of vascular tree; t cell; capillary endothelial cell; mature nk t cell; cd4-positive, alpha-beta t cell","Endothelial cell; Macrophage; Innate lymphoid cell; Dendritic cell; T cell; Capillary endothelial cell; Natural killer cell"
"Upregulated","ITGA2",0.010482729780557,1.97952560912146,"Fetal_HCA_Muscle_Vascular endothelial cells; Fetal_HCA_Muscle_Schwann cells; FetalMuscle_Endothelial cell; FetalMuscle_Fetal neuron; TS_Muscle_tendon cell; TS_Muscle_endothelial cell of vascular tree; FetalMuscle_Fetal mesenchymal progenitor","Vascular endothelial cells; Schwann cells; Endothelial cell; Fetal neuron; tendon cell; endothelial cell of vascular tree; Fetal mesenchymal progenitor","Endothelial cell; Schwann cell; Neuron; Cell of skeletal muscle; Mesenchymal stem cell"
"Upregulated","ITGB4",0.010482729780557,1.97952560912146,"Fetal_HCA_Muscle_Vascular endothelial cells; TS_Muscle_endothelial cell of lymphatic vessel; Fetal_HCA_Muscle_Schwann cells; TS_Muscle_endothelial cell of artery; TS_Muscle_endothelial cell of vascular tree","Vascular endothelial cells; endothelial cell of lymphatic vessel; Schwann cells; endothelial cell of artery; endothelial cell of vascular tree","Endothelial cell; Schwann cell"
"Upregulated","MMRN1",0.010482729780557,1.97952560912146,"Fetal_HCA_Muscle_Vascular endothelial cells; TS_Muscle_endothelial cell of lymphatic vessel; FetalMuscle_Endothelial cell; Fetal_HCA_Muscle_Lymphatic endothelial cells; TS_Muscle_endothelial cell of artery; TS_Muscle_endothelial cell of vascular tree","Vascular endothelial cells; endothelial cell of lymphatic vessel; Endothelial cell; Lymphatic endothelial cells; endothelial cell of artery; endothelial cell of vascular tree","Endothelial cell"
"Upregulated","NOTCH1",0.010482729780557,1.97952560912146,"Fetal_HCA_Muscle_Vascular endothelial cells; TS_Muscle_endothelial cell of lymphatic vessel; Fetal_HCA_Muscle_Smooth muscle cells; FetalMuscle_Endothelial cell; Fetal_HCA_Muscle_Satellite cells; TS_Muscle_endothelial cell of artery; TS_Muscle_pericyte cell; TS_Muscle_endothelial cell of vascular tree; TS_Muscle_capillary endothelial cell","Vascular endothelial cells; endothelial cell of lymphatic vessel; Smooth muscle cells; Endothelial cell; Satellite cells; endothelial cell of artery; pericyte cell; endothelial cell of vascular tree; capillary endothelial cell","Endothelial cell; Smooth muscle cell; Skeletal muscle satellite cell; Pericyte cell; Capillary endothelial cell"
"Upregulated","PRKD2",0.010482729780557,1.97952560912146,"Fetal_HCA_Muscle_Vascular endothelial cells; Fetal_HCA_Muscle_Lymphoid cells; FetalMuscle_Endothelial cell; Fetal_HCA_Muscle_Lymphatic endothelial cells; TS_Muscle_endothelial cell of artery; TS_Muscle_endothelial cell of vascular tree; TS_Muscle_capillary endothelial cell","Vascular endothelial cells; Lymphoid cells; Endothelial cell; Lymphatic endothelial cells; endothelial cell of artery; endothelial cell of vascular tree; capillary endothelial cell","Endothelial cell; Innate lymphoid cell; Capillary endothelial cell"
"Upregulated","RASSF2",0.010482729780557,1.97952560912146,"Fetal_HCA_Muscle_Vascular endothelial cells; AdultMuscle_Dendritic cell; FetalMuscle_Endothelial cell; TS_Muscle_macrophage; TS_Muscle_tendon cell; TS_Muscle_t cell; TS_Muscle_mast cell","Vascular endothelial cells; Dendritic cell; Endothelial cell; macrophage; tendon cell; t cell; mast cell","Endothelial cell; Dendritic cell; Macrophage; Cell of skeletal muscle; T cell; Mast cell"
"Upregulated","SPNS2",0.010482729780557,1.97952560912146,"Fetal_HCA_Muscle_Vascular endothelial cells; FetalMuscle_Endothelial cell","Vascular endothelial cells; Endothelial cell","Endothelial cell"
"Upregulated","AMN1",0.0147386139970601,1.83154335512896,"TS_Muscle_endothelial cell of lymphatic vessel; TS_Muscle_pericyte cell; TS_Muscle_fast muscle cell; FetalMuscle_Primordial germ cell","endothelial cell of lymphatic vessel; pericyte cell; fast muscle cell; Primordial germ cell","Endothelial cell; Pericyte cell; Cell of skeletal muscle; Primordial germ cell"
"Upregulated","ANKS1A",0.0147386139970601,1.83154335512896,"TS_Muscle_endothelial cell of lymphatic vessel; TS_Muscle_pericyte cell; TS_Muscle_endothelial cell of vascular tree; TS_Muscle_capillary endothelial cell; Fetal_HCA_Muscle_Skeletal muscle cells","endothelial cell of lymphatic vessel; pericyte cell; endothelial cell of vascular tree; capillary endothelial cell; Skeletal muscle cells","Endothelial cell; Pericyte cell; Capillary endothelial cell; Cell of skeletal muscle"
"Upregulated","CASP12",0.0147386139970601,1.83154335512896,"TS_Muscle_endothelial cell of lymphatic vessel; FetalMuscle_Endothelial cell; TS_Muscle_endothelial cell of artery","endothelial cell of lymphatic vessel; Endothelial cell; endothelial cell of artery","Endothelial cell"
"Upregulated","CCDC149",0.0147386139970601,1.83154335512896,"TS_Muscle_endothelial cell of lymphatic vessel; TS_Muscle_endothelial cell of vascular tree; FetalMuscle_Erythroid cell","endothelial cell of lymphatic vessel; endothelial cell of vascular tree; Erythroid cell","Endothelial cell; Erythroid lineage cell"
"Upregulated","CLEC4M",0.0147386139970601,1.83154335512896,"TS_Muscle_endothelial cell of lymphatic vessel","endothelial cell of lymphatic vessel","Endothelial cell"
"Upregulated","GPM6A",0.0147386139970601,1.83154335512896,"TS_Muscle_endothelial cell of lymphatic vessel; Fetal_HCA_Muscle_Lymphatic endothelial cells; TS_Muscle_endothelial cell of vascular tree; FetalMuscle_Fetal mesenchymal progenitor","endothelial cell of lymphatic vessel; Lymphatic endothelial cells; endothelial cell of vascular tree; Fetal mesenchymal progenitor","Endothelial cell; Mesenchymal stem cell"
"Upregulated","GREM2",0.0147386139970601,1.83154335512896,"TS_Muscle_endothelial cell of lymphatic vessel; FetalMuscle_Fetal mesenchymal progenitor","endothelial cell of lymphatic vessel; Fetal mesenchymal progenitor","Endothelial cell; Mesenchymal stem cell"
"Upregulated","ITGB8",0.0147386139970601,1.83154335512896,"TS_Muscle_endothelial cell of lymphatic vessel; AdultMuscle_Macrophage; Fetal_HCA_Muscle_Schwann cells; FetalMuscle_Fetal neuron; TS_Muscle_tendon cell; TS_Muscle_skeletal muscle satellite stem cell","endothelial cell of lymphatic vessel; Macrophage; Schwann cells; Fetal neuron; tendon cell; skeletal muscle satellite stem cell","Endothelial cell; Macrophage; Schwann cell; Neuron; Cell of skeletal muscle; Skeletal muscle satellite cell"
"Upregulated","KMT2E",0.0147386139970601,1.83154335512896,"TS_Muscle_endothelial cell of lymphatic vessel; Fetal_HCA_Muscle_Schwann cells; Fetal_HCA_Muscle_Satellite cells; TS_Muscle_endothelial cell of artery; TS_Muscle_macrophage; TS_Muscle_pericyte cell; TS_Muscle_endothelial cell of vascular tree; TS_Muscle_t cell; TS_Muscle_capillary endothelial cell; TS_Muscle_mature nk t cell; TS_Muscle_cd4-positive, alpha-beta t cell","endothelial cell of lymphatic vessel; Schwann cells; Satellite cells; endothelial cell of artery; macrophage; pericyte cell; endothelial cell of vascular tree; t cell; capillary endothelial cell; mature nk t cell; cd4-positive, alpha-beta t cell","Endothelial cell; Schwann cell; Skeletal muscle satellite cell; Macrophage; Pericyte cell; T cell; Capillary endothelial cell; Natural killer cell"
"Upregulated","MRC1",0.0147386139970601,1.83154335512896,"TS_Muscle_endothelial cell of lymphatic vessel; AdultMuscle_Dendritic cell; FetalMuscle_Macrophage; AdultMuscle_Macrophage; FetalMuscle_Dendritic cell; TS_Muscle_macrophage","endothelial cell of lymphatic vessel; Dendritic cell; Macrophage; macrophage","Endothelial cell; Dendritic cell; Macrophage"
"Upregulated","ODF2L",0.0147386139970601,1.83154335512896,"TS_Muscle_endothelial cell of lymphatic vessel; TS_Muscle_tendon cell; TS_Muscle_endothelial cell of vascular tree; TS_Muscle_t cell; AdultMuscle_T cell","endothelial cell of lymphatic vessel; tendon cell; endothelial cell of vascular tree; t cell; T cell","Endothelial cell; Cell of skeletal muscle; T cell"
"Upregulated","RELN",0.0147386139970601,1.83154335512896,"TS_Muscle_endothelial cell of lymphatic vessel; Fetal_HCA_Muscle_Schwann cells; FetalMuscle_Fetal neuron; Fetal_HCA_Muscle_Lymphatic endothelial cells; TS_Muscle_endothelial cell of artery; Fetal_HCA_Muscle_Erythroblasts","endothelial cell of lymphatic vessel; Schwann cells; Fetal neuron; Lymphatic endothelial cells; endothelial cell of artery; Erythroblasts","Endothelial cell; Schwann cell; Neuron; Erythroblast"
"Upregulated","SOCS2",0.0147386139970601,1.83154335512896,"TS_Muscle_endothelial cell of lymphatic vessel; FetalMuscle_Endothelial cell; FetalMuscle_Fetal neuron; TS_Muscle_endothelial cell of artery; TS_Muscle_endothelial cell of vascular tree; TS_Muscle_capillary endothelial cell; FetalMuscle_Fetal epithelial progenitor","endothelial cell of lymphatic vessel; Endothelial cell; Fetal neuron; endothelial cell of artery; endothelial cell of vascular tree; capillary endothelial cell; Fetal epithelial progenitor","Endothelial cell; Neuron; Capillary endothelial cell; Epithelial fate stem cell"
"Upregulated","ZNF235",0.0147386139970601,1.83154335512896,"TS_Muscle_endothelial cell of lymphatic vessel; TS_Muscle_endothelial cell of artery; TS_Muscle_capillary endothelial cell","endothelial cell of lymphatic vessel; endothelial cell of artery; capillary endothelial cell","Endothelial cell; Capillary endothelial cell"
"Upregulated","CCR5",0.0248666757845053,1.60438226800465,"AdultMuscle_Dendritic cell; FetalMuscle_Dendritic cell; TS_Muscle_macrophage; TS_Muscle_t cell","Dendritic cell; macrophage; t cell","Dendritic cell; Macrophage; T cell"
"Upregulated","CLEC10A",0.0248666757845053,1.60438226800465,"AdultMuscle_Dendritic cell; FetalMuscle_Macrophage; FetalMuscle_Dendritic cell; TS_Muscle_macrophage","Dendritic cell; Macrophage; macrophage","Dendritic cell; Macrophage"
"Upregulated","FCGR2A",0.0248666757845053,1.60438226800465,"AdultMuscle_Dendritic cell; FetalMuscle_Macrophage; FetalMuscle_Dendritic cell; FetalMuscle_Fetal neuron; TS_Muscle_macrophage","Dendritic cell; Macrophage; Fetal neuron; macrophage","Dendritic cell; Macrophage; Neuron"
"Upregulated","FCN1",0.0248666757845053,1.60438226800465,"AdultMuscle_Dendritic cell; FetalMuscle_Dendritic cell; TS_Muscle_macrophage","Dendritic cell; macrophage","Dendritic cell; Macrophage"
"Upregulated","HBEGF",0.0248666757845053,1.60438226800465,"AdultMuscle_Dendritic cell; FetalMuscle_Macrophage; Fetal_HCA_Muscle_Schwann cells; FetalMuscle_Endothelial cell; FetalMuscle_Dendritic cell; FetalMuscle_Fetal neuron; TS_Muscle_endothelial cell of artery; TS_Muscle_macrophage; TS_Muscle_pericyte cell; TS_Muscle_endothelial cell of vascular tree; TS_Muscle_capillary endothelial cell","Dendritic cell; Macrophage; Schwann cells; Endothelial cell; Fetal neuron; endothelial cell of artery; macrophage; pericyte cell; endothelial cell of vascular tree; capillary endothelial cell","Dendritic cell; Macrophage; Schwann cell; Endothelial cell; Neuron; Pericyte cell; Capillary endothelial cell"
"Upregulated","MMP9",0.0248666757845053,1.60438226800465,"AdultMuscle_Dendritic cell; AdultMuscle_Macrophage; TS_Muscle_macrophage","Dendritic cell; Macrophage; macrophage","Dendritic cell; Macrophage"
"Upregulated","MNDA",0.0248666757845053,1.60438226800465,"AdultMuscle_Dendritic cell; FetalMuscle_Macrophage; FetalMuscle_Dendritic cell; TS_Muscle_macrophage","Dendritic cell; Macrophage; macrophage","Dendritic cell; Macrophage"
"Upregulated","S100A9",0.0248666757845053,1.60438226800465,"AdultMuscle_Dendritic cell; FetalMuscle_Macrophage; AdultMuscle_Macrophage; FetalMuscle_Dendritic cell; TS_Muscle_macrophage","Dendritic cell; Macrophage; macrophage","Dendritic cell; Macrophage"
"Upregulated","RASAL3",0.0257561691141653,1.58911873200717,"FetalMuscle_Macrophage; TS_Muscle_t cell; TS_Muscle_mature nk t cell; TS_Muscle_cd4-positive, alpha-beta t cell; TS_Muscle_cd8-positive, alpha-beta t cell","Macrophage; t cell; mature nk t cell; cd4-positive, alpha-beta t cell; cd8-positive, alpha-beta t cell","Macrophage; T cell; Natural killer cell"
"Upregulated","UVSSA",0.0257561691141653,1.58911873200717,"FetalMuscle_Macrophage; FetalMuscle_Erythroid cell","Macrophage; Erythroid cell","Macrophage; Erythroid lineage cell"
"Upregulated","BUB1B",0.026955245519626,1.56935670808194,"AdultMuscle_Macrophage; Fetal_HCA_Muscle_Lymphoid cells; Fetal_HCA_Muscle_Satellite cells; FetalMuscle_Fetal skeletal muscle cell; TS_Muscle_slow muscle cell","Macrophage; Lymphoid cells; Satellite cells; Fetal skeletal muscle cell; slow muscle cell","Macrophage; Innate lymphoid cell; Skeletal muscle satellite cell; Cell of skeletal muscle"
"Upregulated","DUS3L",0.026955245519626,1.56935670808194,"AdultMuscle_Macrophage","Macrophage","Macrophage"
"Upregulated","TLR8",0.026955245519626,1.56935670808194,"AdultMuscle_Macrophage; TS_Muscle_macrophage","Macrophage; macrophage","Macrophage"
"Upregulated","TMPO",0.026955245519626,1.56935670808194,"AdultMuscle_Macrophage; Fetal_HCA_Muscle_Lymphoid cells; Fetal_HCA_Muscle_Satellite cells; TS_Muscle_endothelial cell of artery; TS_Muscle_pericyte cell; TS_Muscle_endothelial cell of vascular tree; TS_Muscle_t cell; TS_Muscle_capillary endothelial cell; Fetal_HCA_Muscle_Erythroblasts; FetalMuscle_Fetal skeletal muscle cell","Macrophage; Lymphoid cells; Satellite cells; endothelial cell of artery; pericyte cell; endothelial cell of vascular tree; t cell; capillary endothelial cell; Erythroblasts; Fetal skeletal muscle cell","Macrophage; Innate lymphoid cell; Skeletal muscle satellite cell; Endothelial cell; Pericyte cell; T cell; Capillary endothelial cell; Erythroblast; Cell of skeletal muscle"
"Upregulated","CEP152",0.0279603447133179,1.55345747862847,"Fetal_HCA_Muscle_Lymphoid cells; Fetal_HCA_Muscle_Satellite cells; Fetal_HCA_Muscle_Erythroblasts","Lymphoid cells; Satellite cells; Erythroblasts","Innate lymphoid cell; Skeletal muscle satellite cell; Erythroblast"
"Upregulated","GLCCI1",0.0279603447133179,1.55345747862847,"Fetal_HCA_Muscle_Lymphoid cells; Fetal_HCA_Muscle_Satellite cells; TS_Muscle_t cell; TS_Muscle_mature nk t cell; TS_Muscle_cd4-positive, alpha-beta t cell; FetalMuscle_Fetal skeletal muscle cell","Lymphoid cells; Satellite cells; t cell; mature nk t cell; cd4-positive, alpha-beta t cell; Fetal skeletal muscle cell","Innate lymphoid cell; Skeletal muscle satellite cell; T cell; Natural killer cell; Cell of skeletal muscle"
"Upregulated","IL7R",0.0279603447133179,1.55345747862847,"Fetal_HCA_Muscle_Lymphoid cells; TS_Muscle_macrophage; TS_Muscle_t cell; TS_Muscle_mature nk t cell; TS_Muscle_cd4-positive, alpha-beta t cell; AdultMuscle_T cell; TS_Muscle_cd8-positive, alpha-beta t cell","Lymphoid cells; macrophage; t cell; mature nk t cell; cd4-positive, alpha-beta t cell; T cell; cd8-positive, alpha-beta t cell","Innate lymphoid cell; Macrophage; T cell; Natural killer cell"
"Upregulated","KDM4C",0.0279603447133179,1.55345747862847,"Fetal_HCA_Muscle_Lymphoid cells; TS_Muscle_t cell; Fetal_HCA_Muscle_Erythroblasts","Lymphoid cells; t cell; Erythroblasts","Innate lymphoid cell; T cell; Erythroblast"
"Upregulated","PSMB8",0.0279603447133179,1.55345747862847,"Fetal_HCA_Muscle_Lymphoid cells; FetalMuscle_Endothelial cell; FetalMuscle_Dendritic cell; TS_Muscle_endothelial cell of artery; TS_Muscle_endothelial cell of vascular tree; TS_Muscle_capillary endothelial cell","Lymphoid cells; Endothelial cell; Dendritic cell; endothelial cell of artery; endothelial cell of vascular tree; capillary endothelial cell","Innate lymphoid cell; Endothelial cell; Dendritic cell; Capillary endothelial cell"
"Upregulated","PCDH20",0.0285888346222193,1.54380354759601,"Fetal_HCA_Muscle_Schwann cells; TS_Muscle_smooth muscle cell; Fetal_HCA_Muscle_Erythroblasts","Schwann cells; smooth muscle cell; Erythroblasts","Schwann cell; Smooth muscle cell; Erythroblast"
"Upregulated","PLEKHA4",0.0285888346222193,1.54380354759601,"Fetal_HCA_Muscle_Schwann cells; FetalMuscle_Fetal neuron; TS_Muscle_pericyte cell; TS_Muscle_tendon cell; TS_Muscle_smooth muscle cell; TS_Muscle_skeletal muscle satellite stem cell","Schwann cells; Fetal neuron; pericyte cell; tendon cell; smooth muscle cell; skeletal muscle satellite stem cell","Schwann cell; Neuron; Pericyte cell; Cell of skeletal muscle; Smooth muscle cell; Skeletal muscle satellite cell"
"Upregulated","ACKR1",0.0397663322418453,1.40048446334099,"FetalMuscle_Endothelial cell; TS_Muscle_endothelial cell of vascular tree; FetalMuscle_Erythroid cell","Endothelial cell; endothelial cell of vascular tree; Erythroid cell","Endothelial cell; Erythroid lineage cell"
"Upregulated","CCL23",0.0397663322418453,1.40048446334099,"FetalMuscle_Endothelial cell; TS_Muscle_endothelial cell of vascular tree","Endothelial cell; endothelial cell of vascular tree","Endothelial cell"
"Upregulated","CCL8",0.0397663322418453,1.40048446334099,"FetalMuscle_Endothelial cell; TS_Muscle_endothelial cell of artery; TS_Muscle_pericyte cell; TS_Muscle_capillary endothelial cell","Endothelial cell; endothelial cell of artery; pericyte cell; capillary endothelial cell","Endothelial cell; Pericyte cell; Capillary endothelial cell"
