"direction","Developmental_stage","human_symbol","primary_tissue","primary_organ_system","primary_specific_cell_type","primary_general_cell_type","primary_tissue_cell_type_name","input_list_combined_p","input_list_combined_log10p","input_list_raw_p","input_list_permutated_p","input_list_rank_p","webcsea_job"
"Downregulated","Adult","ABCB7","Small intestine","Digestive system","intestinal crypt stem cell of small intestine","Intestinal crypt stem cell","TS_Small_Intestine_intestinal crypt stem cell of small intestine",0.00718719742181728,2.14344042554422,1.73147062672931e-12,0.242949411652639,0.003690036900369,"JOB2770_IDvCD_downregulated"
"Downregulated","Adult","ACOT8","Lymph node","Lymphatic system","plasma cell","Plasma cell","TS_Lymph_Node_plasma cell",0.00268725542424419,2.5706910518148,8.19415023343602e-15,0.199390611868113,0.0014760147601476,"JOB2770_IDvCD_downregulated"
"Downregulated","Fetal","AHSG","Placenta","Reproductive system","AFP_ALB positive cells","Hepatocyte","Fetal_HCA_Placenta_AFP_ALB positive cells",0.00298641741363326,2.52484949072748,0.0001779227832735,0.00337601283774215,0.0981549815498155,"JOB2770_IDvCD_downregulated"
"Downregulated","Adult","ALDH3A2","Spleen","Lymphatic system","plasma cell","Plasma cell","TS_Spleen_plasma cell",0.0010895601536518,2.96274878774184,3.78370741991721e-18,0.145621431793829,0.0007380073800738,"JOB2770_IDvCD_downregulated"
"Downregulated","Adult","ANKRD40","Thymus","Lymphatic system","fast muscle cell","Cell of skeletal muscle","TS_Thymus_fast muscle cell",0.0106853427211653,1.97121154373633,1.6446356866455e-06,0.0269669318136721,0.0523985239852399,"JOB2770_IDvCD_downregulated"
"Downregulated","Adult","ANP32E","Spleen","Lymphatic system","plasma cell","Plasma cell","TS_Spleen_plasma cell",0.0010895601536518,2.96274878774184,3.78370741991721e-18,0.145621431793829,0.0007380073800738,"JOB2770_IDvCD_downregulated"
"Downregulated","Adult","ARL2BP","Small intestine","Digestive system","plasma cell","Plasma cell","TS_Small_Intestine_plasma cell",0.0103275869782841,1.98600113873533,2.55146273964012e-10,0.131499817118883,0.0103321033210332,"JOB2770_IDvCD_downregulated"
"Downregulated","Fetal","ARL5B","Intestine","Digestive system","Hepatocyte/Endodermal cell","Hepatocyte","FetalIntestine_Hepatocyte/Endodermal cell",0.00291447789019061,2.53543923497642,9.16848343300666e-05,0.003334841949477,0.0966789667896679,"JOB2770_IDvCD_downregulated"
"Downregulated","Adult","ARMC6","Spleen","Lymphatic system","plasma cell","Plasma cell","TS_Spleen_plasma cell",0.0010895601536518,2.96274878774184,3.78370741991721e-18,0.145621431793829,0.0007380073800738,"JOB2770_IDvCD_downregulated"
"Downregulated","Adult","ATF5","Caecum","Digestive system","B cell (Plasmocyte)","B cell","AdultEpityphlon_B cell (Plasmocyte)",0.00092330389336936,3.03465533311124,0.0007168810884069,0.00065873421224237,0.135793357933579,"JOB2770_IDvCD_downregulated"
"Downregulated","Adult","ATG7","Blood","Lymphatic system","classical monocyte","Monocyte","TS_Blood_classical monocyte",0.0133169679139369,1.87559464664807,9.64764780497045e-12,0.308658149323816,0.00590405904059041,"JOB2770_IDvCD_downregulated"
"Downregulated","Adult","AUTS2","Lung","Respiratory system","type ii pneumocyte","Pneumocyte","TS_Lung_type ii pneumocyte",0.0170693899059429,1.76778200115928,2.14508591045674e-10,0.299559383017218,0.00811808118081181,"JOB2770_IDvCD_downregulated"
"Downregulated","Adult","BCL6","Small intestine","Digestive system","duodenum glandular cell","Duodenum glandular cell","TS_Small_Intestine_duodenum glandular cell",0.00986524399996991,2.0058921687463,2.55146273964012e-10,0.124747791443399,0.0103321033210332,"JOB2770_IDvCD_downregulated"
"Downregulated","Fetal","C19orf33","Intestine","Digestive system","Hepatocyte/Endodermal cell","Hepatocyte","FetalIntestine_Hepatocyte/Endodermal cell",0.00291447789019061,2.53543923497642,9.16848343300666e-05,0.003334841949477,0.0966789667896679,"JOB2770_IDvCD_downregulated"
"Downregulated","Adult","C3orf70","Spleen","Lymphatic system","Plasma_IgG","Plasma cell","Madissoon_2020_spleen_Plasma_IgG",3.5030534605851e-05,4.45555323480336,4.83836995131892e-06,4.11708882651482e-05,0.0612546125461255,"JOB2770_IDvCD_downregulated"
"Downregulated","Adult","CAB39","Blood","Lymphatic system","classical monocyte","Monocyte","TS_Blood_classical monocyte",0.0133169679139369,1.87559464664807,9.64764780497045e-12,0.308658149323816,0.00590405904059041,"JOB2770_IDvCD_downregulated"
"Downregulated","Adult","CANX","Spleen","Lymphatic system","Plasma_IgG","Plasma cell","Madissoon_2020_spleen_Plasma_IgG",3.5030534605851e-05,4.45555323480336,4.83836995131892e-06,4.11708882651482e-05,0.0612546125461255,"JOB2770_IDvCD_downregulated"
"Downregulated","Adult","CCDC34","Spleen","Lymphatic system","plasma cell","Plasma cell","TS_Spleen_plasma cell",0.0010895601536518,2.96274878774184,3.78370741991721e-18,0.145621431793829,0.0007380073800738,"JOB2770_IDvCD_downregulated"
"Downregulated","Adult","CDC5L","Bone marrow","Lymphatic system","myeloid progenitor","Myeloid cell","TS_Bone_Marrow_myeloid progenitor",0.0222055855085516,1.65353777102529,2.55853134078765e-10,0.280209065532599,0.0118081180811808,"JOB2770_IDvCD_downregulated"
"Downregulated","Adult","CELA1","Large intestine","Digestive system","plasma cell","Plasma cell","TS_Large_Intestine_plasma cell",0.0422199115839325,1.37448268051795,1.06774131326649e-07,0.206842542644104,0.0343173431734317,"JOB2770_IDvCD_downregulated"
"Downregulated","Adult","CLN5","Thyroid gland","Endocrine system","Thyroid follicular cell","Thyroid follicular cell","AdultThyroid_Thyroid follicular cell",0.00363195235933789,2.43985985679533,0.00013272784506475,0.00424060149131026,0.0974169741697417,"JOB2770_IDvCD_downregulated"
"Downregulated","Adult","COA3","Spleen","Lymphatic system","plasma cell","Plasma cell","TS_Spleen_plasma cell",0.0010895601536518,2.96274878774184,3.78370741991721e-18,0.145621431793829,0.0007380073800738,"JOB2770_IDvCD_downregulated"
"Downregulated","Adult","COPZ1","Spleen","Lymphatic system","Plasma_IgG","Plasma cell","Madissoon_2020_spleen_Plasma_IgG",3.5030534605851e-05,4.45555323480336,4.83836995131892e-06,4.11708882651482e-05,0.0612546125461255,"JOB2770_IDvCD_downregulated"
"Downregulated","Adult","COX10","Small intestine","Digestive system","immature enterocyte","Enterocyte","TS_Small_Intestine_immature enterocyte",0.00438121660226531,2.35840527527578,5.05216904721864e-14,0.23063931606136,0.0022140221402214,"JOB2770_IDvCD_downregulated"
"Downregulated","Adult","CSGALNACT2","Blood","Lymphatic system","classical monocyte","Monocyte","TS_Blood_classical monocyte",0.0133169679139369,1.87559464664807,9.64764780497045e-12,0.308658149323816,0.00590405904059041,"JOB2770_IDvCD_downregulated"
"Downregulated","Fetal","CSTB","Intestine","Digestive system","Hepatocyte/Endodermal cell","Hepatocyte","FetalIntestine_Hepatocyte/Endodermal cell",0.00291447789019061,2.53543923497642,9.16848343300666e-05,0.003334841949477,0.0966789667896679,"JOB2770_IDvCD_downregulated"
"Downregulated","Adult","CUTA","Spleen","Lymphatic system","Plasma_IgG","Plasma cell","Madissoon_2020_spleen_Plasma_IgG",3.5030534605851e-05,4.45555323480336,4.83836995131892e-06,4.11708882651482e-05,0.0612546125461255,"JOB2770_IDvCD_downregulated"
"Downregulated","Adult","CYB5R1","Caecum","Digestive system","B cell (Plasmocyte)","B cell","AdultEpityphlon_B cell (Plasmocyte)",0.00092330389336936,3.03465533311124,0.0007168810884069,0.00065873421224237,0.135793357933579,"JOB2770_IDvCD_downregulated"
"Downregulated","Adult","CYP4F2","Small intestine","Digestive system","immature enterocyte","Enterocyte","TS_Small_Intestine_immature enterocyte",0.00438121660226531,2.35840527527578,5.05216904721864e-14,0.23063931606136,0.0022140221402214,"JOB2770_IDvCD_downregulated"
"Downregulated","Adult","DCTN3","Spleen","Lymphatic system","plasma cell","Plasma cell","TS_Spleen_plasma cell",0.0010895601536518,2.96274878774184,3.78370741991721e-18,0.145621431793829,0.0007380073800738,"JOB2770_IDvCD_downregulated"
"Downregulated","Adult","DDAH1","Small intestine","Digestive system","immature enterocyte","Enterocyte","TS_Small_Intestine_immature enterocyte",0.00438121660226531,2.35840527527578,5.05216904721864e-14,0.23063931606136,0.0022140221402214,"JOB2770_IDvCD_downregulated"
"Downregulated","Fetal","DDC","Intestine","Digestive system","Hepatocyte/Endodermal cell","Hepatocyte","FetalIntestine_Hepatocyte/Endodermal cell",0.00291447789019061,2.53543923497642,9.16848343300666e-05,0.003334841949477,0.0966789667896679,"JOB2770_IDvCD_downregulated"
"Downregulated","Adult","DERA","Spleen","Lymphatic system","plasma cell","Plasma cell","TS_Spleen_plasma cell",0.0010895601536518,2.96274878774184,3.78370741991721e-18,0.145621431793829,0.0007380073800738,"JOB2770_IDvCD_downregulated"
"Downregulated","Adult","DFFA","Heart","Cardiovascular system","cardiac muscle cell","Muscle cell","TS_Heart_cardiac muscle cell",0.0106957097640864,1.97079039048484,4.10738099844094e-11,0.212977004995611,0.00664206642066421,"JOB2770_IDvCD_downregulated"
"Downregulated","Adult","DNM1L","Heart","Cardiovascular system","cardiac muscle cell","Muscle cell","TS_Heart_cardiac muscle cell",0.0106957097640864,1.97079039048484,4.10738099844094e-11,0.212977004995611,0.00664206642066421,"JOB2770_IDvCD_downregulated"
"Downregulated","Adult","EIF5B","Spleen","Lymphatic system","Plasma_IgG","Plasma cell","Madissoon_2020_spleen_Plasma_IgG",3.5030534605851e-05,4.45555323480336,4.83836995131892e-06,4.11708882651482e-05,0.0612546125461255,"JOB2770_IDvCD_downregulated"
"Downregulated","Adult","EPHA7","Heart","Cardiovascular system","cardiac muscle cell","Muscle cell","TS_Heart_cardiac muscle cell",0.0106957097640864,1.97079039048484,4.10738099844094e-11,0.212977004995611,0.00664206642066421,"JOB2770_IDvCD_downregulated"
"Downregulated","Fetal","F10","Intestine","Digestive system","Hepatocyte/Endodermal cell","Hepatocyte","FetalIntestine_Hepatocyte/Endodermal cell",0.00291447789019061,2.53543923497642,9.16848343300666e-05,0.003334841949477,0.0966789667896679,"JOB2770_IDvCD_downregulated"
"Downregulated","Fetal","FAM169A","Placenta","Reproductive system","AFP_ALB positive cells","Hepatocyte","Fetal_HCA_Placenta_AFP_ALB positive cells",0.00298641741363326,2.52484949072748,0.0001779227832735,0.00337601283774215,0.0981549815498155,"JOB2770_IDvCD_downregulated"
"Downregulated","Adult","FAM83H","Small intestine","Digestive system","immature enterocyte","Enterocyte","TS_Small_Intestine_immature enterocyte",0.00438121660226531,2.35840527527578,5.05216904721864e-14,0.23063931606136,0.0022140221402214,"JOB2770_IDvCD_downregulated"
"Downregulated","Adult","FASTKD3","Visual cortex","Nervous system","In2","Inhibitory neuron","Lake_2017_VisualCortex_In2",0.00988343700689387,2.00509200140868,8.54303798678548e-05,0.0134628804627035,0.0959409594095941,"JOB2770_IDvCD_downregulated"
"Downregulated","Adult","FAT3","Bladder organ","Urinary system","smooth muscle cell","Smooth muscle cell","TS_Bladder_smooth muscle cell",0.0412919375680919,1.38413473796841,2.53739706421417e-08,0.275433242493841,0.0250922509225092,"JOB2770_IDvCD_downregulated"
"Downregulated","Fetal","FOLH1","Intestine","Digestive system","Hepatocyte/Endodermal cell","Hepatocyte","FetalIntestine_Hepatocyte/Endodermal cell",0.00291447789019061,2.53543923497642,9.16848343300666e-05,0.003334841949477,0.0966789667896679,"JOB2770_IDvCD_downregulated"
"Downregulated","Adult","FUCA2","Spleen","Lymphatic system","Plasma_IgG","Plasma cell","Madissoon_2020_spleen_Plasma_IgG",3.5030534605851e-05,4.45555323480336,4.83836995131892e-06,4.11708882651482e-05,0.0612546125461255,"JOB2770_IDvCD_downregulated"
"Downregulated","Adult","G3BP2","Heart","Cardiovascular system","cardiac muscle cell","Muscle cell","TS_Heart_cardiac muscle cell",0.0106957097640864,1.97079039048484,4.10738099844094e-11,0.212977004995611,0.00664206642066421,"JOB2770_IDvCD_downregulated"
"Downregulated","Fetal","GC","Placenta","Reproductive system","AFP_ALB positive cells","Hepatocyte","Fetal_HCA_Placenta_AFP_ALB positive cells",0.00298641741363326,2.52484949072748,0.0001779227832735,0.00337601283774215,0.0981549815498155,"JOB2770_IDvCD_downregulated"
"Downregulated","Adult","GDPD1","Small intestine","Digestive system","paneth cell of epithelium of small intestine","Paneth cell","TS_Small_Intestine_paneth cell of epithelium of small intestine",0.00977743161004985,2.00977521311368,9.53816188965385e-12,0.246942987814359,0.00516605166051661,"JOB2770_IDvCD_downregulated"
"Downregulated","Adult","GINS2","Spleen","Lymphatic system","plasma cell","Plasma cell","TS_Spleen_plasma cell",0.0010895601536518,2.96274878774184,3.78370741991721e-18,0.145621431793829,0.0007380073800738,"JOB2770_IDvCD_downregulated"
"Downregulated","Adult","GLRX","Spleen","Lymphatic system","Plasma_IgG","Plasma cell","Madissoon_2020_spleen_Plasma_IgG",3.5030534605851e-05,4.45555323480336,4.83836995131892e-06,4.11708882651482e-05,0.0612546125461255,"JOB2770_IDvCD_downregulated"
"Downregulated","Adult","GNB3","Spleen","Lymphatic system","Plasma_IgM","Plasma cell","Madissoon_2020_spleen_Plasma_IgM",0.00011596115612277,3.93568746341673,1.76580381581566e-05,0.00012351266479544,0.0745387453874539,"JOB2770_IDvCD_downregulated"
"Downregulated","Adult","GSTA3","Fallopian tube","Reproductive system","Stratified epithelial cell","Epithelial cell","AdultFallopiantube_Stratified epithelial cell",0.00478339896333679,2.32026339492781,0.00041568726703343,0.00489933570355263,0.115129151291513,"JOB2770_IDvCD_downregulated"
"Downregulated","Adult","GTF2A1","Spleen","Lymphatic system","Plasma_IgG","Plasma cell","Madissoon_2020_spleen_Plasma_IgG",3.5030534605851e-05,4.45555323480336,4.83836995131892e-06,4.11708882651482e-05,0.0612546125461255,"JOB2770_IDvCD_downregulated"
"Downregulated","Adult","HAGHL","Heart","Cardiovascular system","cardiac muscle cell","Muscle cell","TS_Heart_cardiac muscle cell",0.0106957097640864,1.97079039048484,4.10738099844094e-11,0.212977004995611,0.00664206642066421,"JOB2770_IDvCD_downregulated"
"Downregulated","Fetal","HEBP1","Intestine","Digestive system","Hepatocyte/Endodermal cell","Hepatocyte","FetalIntestine_Hepatocyte/Endodermal cell",0.00291447789019061,2.53543923497642,9.16848343300666e-05,0.003334841949477,0.0966789667896679,"JOB2770_IDvCD_downregulated"
"Downregulated","Adult","HOXA10","Large intestine","Digestive system","immature enterocyte","Enterocyte","TS_Large_Intestine_immature enterocyte",0.00898738283654676,2.04636675822496,9.50276046720204e-12,0.261517482260221,0.0044280442804428,"JOB2770_IDvCD_downregulated"
"Downregulated","Adult","HSPA5","Spleen","Lymphatic system","Plasma_IgG","Plasma cell","Madissoon_2020_spleen_Plasma_IgG",3.5030534605851e-05,4.45555323480336,4.83836995131892e-06,4.11708882651482e-05,0.0612546125461255,"JOB2770_IDvCD_downregulated"
"Downregulated","Adult","INO80C","Spleen","Lymphatic system","plasma cell","Plasma cell","TS_Spleen_plasma cell",0.0010895601536518,2.96274878774184,3.78370741991721e-18,0.145621431793829,0.0007380073800738,"JOB2770_IDvCD_downregulated"
"Downregulated","Adult","ITGB6","Small intestine","Digestive system","intestinal crypt stem cell of small intestine","Intestinal crypt stem cell","TS_Small_Intestine_intestinal crypt stem cell of small intestine",0.00718719742181728,2.14344042554422,1.73147062672931e-12,0.242949411652639,0.003690036900369,"JOB2770_IDvCD_downregulated"
"Downregulated","Adult","KCNC1","Large intestine","Digestive system","intestinal enteroendocrine cell","Endocrine cell","TS_Large_Intestine_intestinal enteroendocrine cell",0.0430498374558058,1.36602848398222,1.06774131326649e-07,0.211741878347657,0.0343173431734317,"JOB2770_IDvCD_downregulated"
"Downregulated","Adult","KIF26B","Small intestine","Digestive system","duodenum glandular cell","Duodenum glandular cell","TS_Small_Intestine_duodenum glandular cell",0.00986524399996991,2.0058921687463,2.55146273964012e-10,0.124747791443399,0.0103321033210332,"JOB2770_IDvCD_downregulated"
"Downregulated","Adult","LARP7","Heart","Cardiovascular system","cardiac muscle cell","Muscle cell","TS_Heart_cardiac muscle cell",0.0106957097640864,1.97079039048484,4.10738099844094e-11,0.212977004995611,0.00664206642066421,"JOB2770_IDvCD_downregulated"
"Downregulated","Adult","LBP","Liver","Digestive system","Hepatocyte","Hepatocyte","MacParland_2018_liver_Hepatocyte",0.00700323976730266,2.1547010046196,0.00025978094638196,0.00765778521731756,0.113653136531365,"JOB2770_IDvCD_downregulated"
"Downregulated","Adult","LEP","Placenta","Reproductive system","Epithelial cell","Epithelial cell","Placenta_Epithelial cell",0.0374376325701239,1.42669162238691,0.00481043428029408,0.035283451243232,0.174169741697417,"JOB2770_IDvCD_downregulated"
"Downregulated","Fetal","LPGAT1","Intestine","Digestive system","Hepatocyte/Endodermal cell","Hepatocyte","FetalIntestine_Hepatocyte/Endodermal cell",0.00291447789019061,2.53543923497642,9.16848343300666e-05,0.003334841949477,0.0966789667896679,"JOB2770_IDvCD_downregulated"
"Downregulated","Adult","LYRM7","Large intestine","Digestive system","immature enterocyte","Enterocyte","TS_Large_Intestine_immature enterocyte",0.00898738283654676,2.04636675822496,9.50276046720204e-12,0.261517482260221,0.0044280442804428,"JOB2770_IDvCD_downregulated"
"Downregulated","Adult","MAP1LC3A","Lung","Respiratory system","type ii pneumocyte","Pneumocyte","TS_Lung_type ii pneumocyte",0.0170693899059429,1.76778200115928,2.14508591045674e-10,0.299559383017218,0.00811808118081181,"JOB2770_IDvCD_downregulated"
"Downregulated","Adult","MAP3K7","Spleen","Lymphatic system","endothelial cell","Endothelial cell","TS_Spleen_endothelial cell",0.036410372719262,1.43877487533438,5.75153300324007e-09,0.27773881223669,0.0214022140221402,"JOB2770_IDvCD_downregulated"
"Downregulated","Adult","MCFD2","Spleen","Lymphatic system","Plasma_IgG","Plasma cell","Madissoon_2020_spleen_Plasma_IgG",3.5030534605851e-05,4.45555323480336,4.83836995131892e-06,4.11708882651482e-05,0.0612546125461255,"JOB2770_IDvCD_downregulated"
"Downregulated","Adult","MEF2C","Spleen","Lymphatic system","plasma cell","Plasma cell","TS_Spleen_plasma cell",0.0010895601536518,2.96274878774184,3.78370741991721e-18,0.145621431793829,0.0007380073800738,"JOB2770_IDvCD_downregulated"
"Downregulated","Adult","METTL18","Blood","Lymphatic system","type i nk t cell","T cell","TS_Blood_type i nk t cell",0.104035574670261,0.982818129536154,1.65589683625578e-06,0.368685304414402,0.0583025830258303,"JOB2770_IDvCD_downregulated"
"Downregulated","Adult","MIB1","Caecum","Digestive system","B cell (Plasmocyte)","B cell","AdultEpityphlon_B cell (Plasmocyte)",0.00092330389336936,3.03465533311124,0.0007168810884069,0.00065873421224237,0.135793357933579,"JOB2770_IDvCD_downregulated"
"Downregulated","Adult","MMGT1","Blood","Lymphatic system","classical monocyte","Monocyte","TS_Blood_classical monocyte",0.0133169679139369,1.87559464664807,9.64764780497045e-12,0.308658149323816,0.00590405904059041,"JOB2770_IDvCD_downregulated"
"Downregulated","Adult","MOB1B","Blood","Lymphatic system","classical monocyte","Monocyte","TS_Blood_classical monocyte",0.0133169679139369,1.87559464664807,9.64764780497045e-12,0.308658149323816,0.00590405904059041,"JOB2770_IDvCD_downregulated"
"Downregulated","Adult","MPZL3","Gall bladder","Digestive system","Goblet cell","Goblet cell","AdultGallbladder_Goblet cell",0.0139520369629467,1.85536238183937,0.0005949951369384,0.0158919628703472,0.121033210332103,"JOB2770_IDvCD_downregulated"
"Downregulated","Adult","MSI2","Spleen","Lymphatic system","Plasma_IgG","Plasma cell","Madissoon_2020_spleen_Plasma_IgG",3.5030534605851e-05,4.45555323480336,4.83836995131892e-06,4.11708882651482e-05,0.0612546125461255,"JOB2770_IDvCD_downregulated"
"Downregulated","Adult","MSRA","Small intestine","Digestive system","immature enterocyte","Enterocyte","TS_Small_Intestine_immature enterocyte",0.00438121660226531,2.35840527527578,5.05216904721864e-14,0.23063931606136,0.0022140221402214,"JOB2770_IDvCD_downregulated"
"Downregulated","Adult","MT-ND2","Small intestine","Digestive system","paneth cell of epithelium of small intestine","Paneth cell","TS_Small_Intestine_paneth cell of epithelium of small intestine",0.00977743161004985,2.00977521311368,9.53816188965385e-12,0.246942987814359,0.00516605166051661,"JOB2770_IDvCD_downregulated"
"Downregulated","Adult","NFIB","Small intestine","Digestive system","immature enterocyte","Enterocyte","TS_Small_Intestine_immature enterocyte",0.00438121660226531,2.35840527527578,5.05216904721864e-14,0.23063931606136,0.0022140221402214,"JOB2770_IDvCD_downregulated"
"Downregulated","Adult","NME1","Spleen","Lymphatic system","Plasma_IgG","Plasma cell","Madissoon_2020_spleen_Plasma_IgG",3.5030534605851e-05,4.45555323480336,4.83836995131892e-06,4.11708882651482e-05,0.0612546125461255,"JOB2770_IDvCD_downregulated"
"Downregulated","Adult","NPR3","Visual cortex","Nervous system","In2","Inhibitory neuron","Lake_2017_VisualCortex_In2",0.00988343700689387,2.00509200140868,8.54303798678548e-05,0.0134628804627035,0.0959409594095941,"JOB2770_IDvCD_downregulated"
"Downregulated","Adult","NR3C2","Small intestine","Digestive system","paneth cell of epithelium of small intestine","Paneth cell","TS_Small_Intestine_paneth cell of epithelium of small intestine",0.00977743161004985,2.00977521311368,9.53816188965385e-12,0.246942987814359,0.00516605166051661,"JOB2770_IDvCD_downregulated"
"Downregulated","Adult","NSUN4","Visual cortex","Nervous system","In2","Inhibitory neuron","Lake_2017_VisualCortex_In2",0.00988343700689387,2.00509200140868,8.54303798678548e-05,0.0134628804627035,0.0959409594095941,"JOB2770_IDvCD_downregulated"
"Downregulated","Fetal","NUCKS1","Placenta","Reproductive system","AFP_ALB positive cells","Hepatocyte","Fetal_HCA_Placenta_AFP_ALB positive cells",0.00298641741363326,2.52484949072748,0.0001779227832735,0.00337601283774215,0.0981549815498155,"JOB2770_IDvCD_downregulated"
"Downregulated","Adult","NUDT1","Spleen","Lymphatic system","plasma cell","Plasma cell","TS_Spleen_plasma cell",0.0010895601536518,2.96274878774184,3.78370741991721e-18,0.145621431793829,0.0007380073800738,"JOB2770_IDvCD_downregulated"
"Downregulated","Adult","NUDT4","Spleen","Lymphatic system","Plasma_IgG","Plasma cell","Madissoon_2020_spleen_Plasma_IgG",3.5030534605851e-05,4.45555323480336,4.83836995131892e-06,4.11708882651482e-05,0.0612546125461255,"JOB2770_IDvCD_downregulated"
"Downregulated","Adult","NULL","Prostate gland","Reproductive system","monocyte","Monocyte","TS_Prostate_monocyte",0.980198566940617,0.00868593676547979,1,0.808308049309654,0.999261992619926,"JOB2770_IDvCD_downregulated"
"Downregulated","Adult","OSTM1","Blood","Lymphatic system","classical monocyte","Monocyte","TS_Blood_classical monocyte",0.0133169679139369,1.87559464664807,9.64764780497045e-12,0.308658149323816,0.00590405904059041,"JOB2770_IDvCD_downregulated"
"Downregulated","Adult","OTUB2","Lymph node","Lymphatic system","macrophage","Macrophage","TS_Lymph_Node_macrophage",0.0313811029351058,1.5033317965613,1.24306087186438e-09,0.281114825074432,0.0177121771217712,"JOB2770_IDvCD_downregulated"
"Downregulated","Adult","PAQR7","Small intestine","Digestive system","immature enterocyte","Enterocyte","TS_Small_Intestine_immature enterocyte",0.00438121660226531,2.35840527527578,5.05216904721864e-14,0.23063931606136,0.0022140221402214,"JOB2770_IDvCD_downregulated"
"Downregulated","Adult","PBX3","Heart","Cardiovascular system","cardiac muscle cell","Muscle cell","TS_Heart_cardiac muscle cell",0.0106957097640864,1.97079039048484,4.10738099844094e-11,0.212977004995611,0.00664206642066421,"JOB2770_IDvCD_downregulated"
"Downregulated","Adult","PDE12","Visual cortex","Nervous system","In2","Inhibitory neuron","Lake_2017_VisualCortex_In2",0.00988343700689387,2.00509200140868,8.54303798678548e-05,0.0134628804627035,0.0959409594095941,"JOB2770_IDvCD_downregulated"
"Downregulated","Adult","PDS5A","Blood","Lymphatic system","classical monocyte","Monocyte","TS_Blood_classical monocyte",0.0133169679139369,1.87559464664807,9.64764780497045e-12,0.308658149323816,0.00590405904059041,"JOB2770_IDvCD_downregulated"
"Downregulated","Adult","PIGK","Spleen","Lymphatic system","Plasma_IgG","Plasma cell","Madissoon_2020_spleen_Plasma_IgG",3.5030534605851e-05,4.45555323480336,4.83836995131892e-06,4.11708882651482e-05,0.0612546125461255,"JOB2770_IDvCD_downregulated"
"Downregulated","Adult","PIGV","Saliva-secreting gland","Digestive system","acinar cell of salivary gland","Acinar cell","TS_Salivary_Gland_acinar cell of salivary gland",0.0833999624068152,1.07883414512385,1.45867008416616e-06,0.33212555563495,0.0490774907749078,"JOB2770_IDvCD_downregulated"
"Downregulated","Adult","PIK3R3","Skin of body","Integumentary system","endothelial cell","Endothelial cell","TS_Skin_endothelial cell",0.0174599064069298,1.75795808864092,2.52699312820156e-10,0.281938242839735,0.00885608856088561,"JOB2770_IDvCD_downregulated"
"Downregulated","Adult","PKP2","Small intestine","Digestive system","immature enterocyte","Enterocyte","TS_Small_Intestine_immature enterocyte",0.00438121660226531,2.35840527527578,5.05216904721864e-14,0.23063931606136,0.0022140221402214,"JOB2770_IDvCD_downregulated"
"Downregulated","Adult","PPHLN1","Heart","Cardiovascular system","cardiac muscle cell","Muscle cell","TS_Heart_cardiac muscle cell",0.0106957097640864,1.97079039048484,4.10738099844094e-11,0.212977004995611,0.00664206642066421,"JOB2770_IDvCD_downregulated"
"Downregulated","Adult","PPIC","Thyroid gland","Endocrine system","Thyroid follicular cell","Thyroid follicular cell","AdultThyroid_Thyroid follicular cell",0.00363195235933789,2.43985985679533,0.00013272784506475,0.00424060149131026,0.0974169741697417,"JOB2770_IDvCD_downregulated"
"Downregulated","Adult","PPP1R15A","Caecum","Digestive system","B cell (Plasmocyte)","B cell","AdultEpityphlon_B cell (Plasmocyte)",0.00092330389336936,3.03465533311124,0.0007168810884069,0.00065873421224237,0.135793357933579,"JOB2770_IDvCD_downregulated"
"Downregulated","Adult","PRDX6","Spleen","Lymphatic system","plasma cell","Plasma cell","TS_Spleen_plasma cell",0.0010895601536518,2.96274878774184,3.78370741991721e-18,0.145621431793829,0.0007380073800738,"JOB2770_IDvCD_downregulated"
"Downregulated","Adult","PSPH","Spleen","Lymphatic system","Plasma_IgG","Plasma cell","Madissoon_2020_spleen_Plasma_IgG",3.5030534605851e-05,4.45555323480336,4.83836995131892e-06,4.11708882651482e-05,0.0612546125461255,"JOB2770_IDvCD_downregulated"
"Downregulated","Adult","PTGES2","Spleen","Lymphatic system","plasma cell","Plasma cell","TS_Spleen_plasma cell",0.0010895601536518,2.96274878774184,3.78370741991721e-18,0.145621431793829,0.0007380073800738,"JOB2770_IDvCD_downregulated"
"Downregulated","Adult","RAB3A","Visual cortex","Nervous system","In2","Inhibitory neuron","Lake_2017_VisualCortex_In2",0.00988343700689387,2.00509200140868,8.54303798678548e-05,0.0134628804627035,0.0959409594095941,"JOB2770_IDvCD_downregulated"
"Downregulated","Adult","RABL3","Eye","Sensory system","corneal epithelial cell","Epithelial cell","TS_Eye_corneal epithelial cell",0.0478399638807208,1.32020915691282,5.7938427222536e-09,0.360698152090963,0.0228782287822878,"JOB2770_IDvCD_downregulated"
"Downregulated","Adult","RC3H2","Lymph node","Lymphatic system","hematopoietic stem cell","Hematopoietic stem cell","TS_Lymph_Node_hematopoietic stem cell",0.0599646377599057,1.2221047855028,4.32371147446105e-07,0.23352127823992,0.0464944649446494,"JOB2770_IDvCD_downregulated"
"Downregulated","Adult","RDH16","Liver","Digestive system","Hepatocyte","Hepatocyte","MacParland_2018_liver_Hepatocyte",0.00700323976730266,2.1547010046196,0.00025978094638196,0.00765778521731756,0.113653136531365,"JOB2770_IDvCD_downregulated"
"Downregulated","Adult","RHOQ","Small intestine","Digestive system","plasma cell","Plasma cell","TS_Small_Intestine_plasma cell",0.0103275869782841,1.98600113873533,2.55146273964012e-10,0.131499817118883,0.0103321033210332,"JOB2770_IDvCD_downregulated"
"Downregulated","Adult","RIC3","Lung","Respiratory system","Plasma_cells","Plasma cell","Madissoon_2020_lung_Plasma_cells",0.00435391224085124,2.36112032901522,0.0011746849112539,0.00366420905559819,0.138376383763838,"JOB2770_IDvCD_downregulated"
"Downregulated","Adult","RNF103","Caecum","Digestive system","B cell (Plasmocyte)","B cell","AdultEpityphlon_B cell (Plasmocyte)",0.00092330389336936,3.03465533311124,0.0007168810884069,0.00065873421224237,0.135793357933579,"JOB2770_IDvCD_downregulated"
"Downregulated","Adult","RNGTT","Spleen","Lymphatic system","Plasma_IgG","Plasma cell","Madissoon_2020_spleen_Plasma_IgG",3.5030534605851e-05,4.45555323480336,4.83836995131892e-06,4.11708882651482e-05,0.0612546125461255,"JOB2770_IDvCD_downregulated"
"Downregulated","Adult","RPN1","Spleen","Lymphatic system","Plasma_IgG","Plasma cell","Madissoon_2020_spleen_Plasma_IgG",3.5030534605851e-05,4.45555323480336,4.83836995131892e-06,4.11708882651482e-05,0.0612546125461255,"JOB2770_IDvCD_downregulated"
"Downregulated","Adult","SCARB2","Spleen","Lymphatic system","Plasma_IgG","Plasma cell","Madissoon_2020_spleen_Plasma_IgG",3.5030534605851e-05,4.45555323480336,4.83836995131892e-06,4.11708882651482e-05,0.0612546125461255,"JOB2770_IDvCD_downregulated"
"Downregulated","Adult","SCX","Bladder organ","Urinary system","smooth muscle cell","Smooth muscle cell","TS_Bladder_smooth muscle cell",0.0412919375680919,1.38413473796841,2.53739706421417e-08,0.275433242493841,0.0250922509225092,"JOB2770_IDvCD_downregulated"
"Downregulated","Fetal","SERPINA1","Intestine","Digestive system","Hepatocyte/Endodermal cell","Hepatocyte","FetalIntestine_Hepatocyte/Endodermal cell",0.00291447789019061,2.53543923497642,9.16848343300666e-05,0.003334841949477,0.0966789667896679,"JOB2770_IDvCD_downregulated"
"Downregulated","Fetal","SERPINA3","Placenta","Reproductive system","AFP_ALB positive cells","Hepatocyte","Fetal_HCA_Placenta_AFP_ALB positive cells",0.00298641741363326,2.52484949072748,0.0001779227832735,0.00337601283774215,0.0981549815498155,"JOB2770_IDvCD_downregulated"
"Downregulated","Adult","SETD6","Trachea","Respiratory system","basal cell","Basal cell","TS_Trachea_basal cell",0.0510296920041959,1.2921770528961,1.06029994447179e-07,0.274774508281599,0.0324723247232472,"JOB2770_IDvCD_downregulated"
"Downregulated","Adult","SLC4A7","Small intestine","Digestive system","immature enterocyte","Enterocyte","TS_Small_Intestine_immature enterocyte",0.00438121660226531,2.35840527527578,5.05216904721864e-14,0.23063931606136,0.0022140221402214,"JOB2770_IDvCD_downregulated"
"Downregulated","Adult","SLC5A3","Caecum","Digestive system","B cell (Plasmocyte)","B cell","AdultEpityphlon_B cell (Plasmocyte)",0.00092330389336936,3.03465533311124,0.0007168810884069,0.00065873421224237,0.135793357933579,"JOB2770_IDvCD_downregulated"
"Downregulated","Adult","SNCG","Skin of body","Integumentary system","endothelial cell","Endothelial cell","TS_Skin_endothelial cell",0.0174599064069298,1.75795808864092,2.52699312820156e-10,0.281938242839735,0.00885608856088561,"JOB2770_IDvCD_downregulated"
"Downregulated","Adult","SOCS6","Small intestine","Digestive system","immature enterocyte","Enterocyte","TS_Small_Intestine_immature enterocyte",0.00438121660226531,2.35840527527578,5.05216904721864e-14,0.23063931606136,0.0022140221402214,"JOB2770_IDvCD_downregulated"
"Downregulated","Adult","ST8SIA5","Thymus","Lymphatic system","fast muscle cell","Cell of skeletal muscle","TS_Thymus_fast muscle cell",0.0106853427211653,1.97121154373633,1.6446356866455e-06,0.0269669318136721,0.0523985239852399,"JOB2770_IDvCD_downregulated"
"Downregulated","Adult","SUCO","Spleen","Lymphatic system","plasma cell","Plasma cell","TS_Spleen_plasma cell",0.0010895601536518,2.96274878774184,3.78370741991721e-18,0.145621431793829,0.0007380073800738,"JOB2770_IDvCD_downregulated"
"Downregulated","Adult","SYT9","Visual cortex","Nervous system","In2","Inhibitory neuron","Lake_2017_VisualCortex_In2",0.00988343700689387,2.00509200140868,8.54303798678548e-05,0.0134628804627035,0.0959409594095941,"JOB2770_IDvCD_downregulated"
"Downregulated","Adult","TMEM132B","Thymus","Lymphatic system","fast muscle cell","Cell of skeletal muscle","TS_Thymus_fast muscle cell",0.0106853427211653,1.97121154373633,1.6446356866455e-06,0.0269669318136721,0.0523985239852399,"JOB2770_IDvCD_downregulated"
"Downregulated","Adult","TMEM182","Thymus","Lymphatic system","fast muscle cell","Cell of skeletal muscle","TS_Thymus_fast muscle cell",0.0106853427211653,1.97121154373633,1.6446356866455e-06,0.0269669318136721,0.0523985239852399,"JOB2770_IDvCD_downregulated"
"Downregulated","Adult","TMEM19","Spleen","Lymphatic system","Plasma_IgG","Plasma cell","Madissoon_2020_spleen_Plasma_IgG",3.5030534605851e-05,4.45555323480336,4.83836995131892e-06,4.11708882651482e-05,0.0612546125461255,"JOB2770_IDvCD_downregulated"
"Downregulated","Fetal","TMEM37","Intestine","Digestive system","Hepatocyte/Endodermal cell","Hepatocyte","FetalIntestine_Hepatocyte/Endodermal cell",0.00291447789019061,2.53543923497642,9.16848343300666e-05,0.003334841949477,0.0966789667896679,"JOB2770_IDvCD_downregulated"
"Downregulated","Adult","TMUB2","Thymus","Lymphatic system","macrophage","Macrophage","TS_Thymus_macrophage",0.0422979200861201,1.37368098764456,2.53082596357133e-08,0.292107452241226,0.0243542435424354,"JOB2770_IDvCD_downregulated"
"Downregulated","Adult","TMX2","Spleen","Lymphatic system","plasma cell","Plasma cell","TS_Spleen_plasma cell",0.0010895601536518,2.96274878774184,3.78370741991721e-18,0.145621431793829,0.0007380073800738,"JOB2770_IDvCD_downregulated"
"Downregulated","Adult","TP53INP2","Small intestine","Digestive system","paneth cell of epithelium of small intestine","Paneth cell","TS_Small_Intestine_paneth cell of epithelium of small intestine",0.00977743161004985,2.00977521311368,9.53816188965385e-12,0.246942987814359,0.00516605166051661,"JOB2770_IDvCD_downregulated"
"Downregulated","Adult","TRIM67","Eye","Sensory system","muller cell","Mueller cell","TS_Eye_muller cell",0.0654749485283158,1.18392483431361,1.08035045907325e-07,0.309111029094732,0.0391143911439114,"JOB2770_IDvCD_downregulated"
"Downregulated","Adult","TSC22D1","Thyroid gland","Endocrine system","Thyroid follicular cell","Thyroid follicular cell","AdultThyroid_Thyroid follicular cell",0.00363195235933789,2.43985985679533,0.00013272784506475,0.00424060149131026,0.0974169741697417,"JOB2770_IDvCD_downregulated"
"Downregulated","Adult","TSPAN17","Tongue","Digestive system","keratinocyte","Keratinocyte","TS_Tongue_keratinocyte",0.0424173451225972,1.37245651721239,5.76785879177485e-09,0.322409226004375,0.022140221402214,"JOB2770_IDvCD_downregulated"
"Downregulated","Adult","TTC13","Small intestine","Digestive system","paneth cell of epithelium of small intestine","Paneth cell","TS_Small_Intestine_paneth cell of epithelium of small intestine",0.00977743161004985,2.00977521311368,9.53816188965385e-12,0.246942987814359,0.00516605166051661,"JOB2770_IDvCD_downregulated"
"Downregulated","Adult","TTC9C","Trachea","Respiratory system","plasma cell","Plasma cell","TS_Trachea_plasma cell",0.184682934250378,0.733573233976732,0.0223152196347376,0.204125264018605,0.220664206642066,"JOB2770_IDvCD_downregulated"
"Downregulated","Fetal","TTR","Intestine","Digestive system","Hepatocyte/Endodermal cell","Hepatocyte","FetalIntestine_Hepatocyte/Endodermal cell",0.00291447789019061,2.53543923497642,9.16848343300666e-05,0.003334841949477,0.0966789667896679,"JOB2770_IDvCD_downregulated"
"Downregulated","Adult","UBE2H","Fallopian tube","Reproductive system","Stratified epithelial cell","Epithelial cell","AdultFallopiantube_Stratified epithelial cell",0.00478339896333679,2.32026339492781,0.00041568726703343,0.00489933570355263,0.115129151291513,"JOB2770_IDvCD_downregulated"
"Downregulated","Adult","YKT6","Spleen","Lymphatic system","Plasma_IgG","Plasma cell","Madissoon_2020_spleen_Plasma_IgG",3.5030534605851e-05,4.45555323480336,4.83836995131892e-06,4.11708882651482e-05,0.0612546125461255,"JOB2770_IDvCD_downregulated"
"Downregulated","Adult","ZDHHC21","Blood","Lymphatic system","plasma cell","Plasma cell","TS_Blood_plasma cell",0.0144927853051586,1.83884814134626,5.09288859355163e-11,0.27238659676222,0.00738007380073801,"JOB2770_IDvCD_downregulated"
"Downregulated","Adult","ZMPSTE24","Spleen","Lymphatic system","plasma cell","Plasma cell","TS_Spleen_plasma cell",0.0010895601536518,2.96274878774184,3.78370741991721e-18,0.145621431793829,0.0007380073800738,"JOB2770_IDvCD_downregulated"
"Upregulated","Adult","ABCA6","Heart","Cardiovascular system","fibroblast of cardiac tissue","Fibroblast","TS_Heart_fibroblast of cardiac tissue",3.10947457340394e-05,4.50731299012092,3.73873111413008e-16,8.23417765302964e-05,0.0269372693726937,"JOB3494_IDvCD_upregulated"
"Upregulated","Adult","ABCA9","Heart","Cardiovascular system","fibroblast of cardiac tissue","Fibroblast","TS_Heart_fibroblast of cardiac tissue",3.10947457340394e-05,4.50731299012092,3.73873111413008e-16,8.23417765302964e-05,0.0269372693726937,"JOB3494_IDvCD_upregulated"
"Upregulated","Adult","ABI3BP","Heart","Cardiovascular system","fibroblast of cardiac tissue","Fibroblast","TS_Heart_fibroblast of cardiac tissue",3.10947457340394e-05,4.50731299012092,3.73873111413008e-16,8.23417765302964e-05,0.0269372693726937,"JOB3494_IDvCD_upregulated"
"Upregulated","Adult","ACE","Esophagus","Digestive system","Fibroblast","Fibroblast","Madissoon_2020_oesophagus_Fibroblast",4.85409588022456e-05,4.31389164954483,2.23885051597665e-14,8.23417765302964e-05,0.0435424354243542,"JOB3494_IDvCD_upregulated"
"Upregulated","Fetal","ACER2","Adrenal gland","Endocrine system","Vascular endothelial cells","Endothelial cell","Fetal_HCA_Adrenal_Vascular endothelial cells",0.00097299699591069,3.01188850059642,1.61507356258158e-09,0.00082341776530296,0.115129151291513,"JOB3494_IDvCD_upregulated"
"Upregulated","Adult","ACKR1","Stomach","Digestive system","Endothelial cell (APC)","Endothelial cell","AdultStomach_Endothelial cell (APC)",0.00017462119528399,3.75790304335545,2.18318823690641e-07,8.23417765302964e-05,0.174538745387454,"JOB3494_IDvCD_upregulated"
"Upregulated","Adult","ACSM3","Heart","Cardiovascular system","fibroblast of cardiac tissue","Fibroblast","TS_Heart_fibroblast of cardiac tissue",3.10947457340394e-05,4.50731299012092,3.73873111413008e-16,8.23417765302964e-05,0.0269372693726937,"JOB3494_IDvCD_upregulated"
"Upregulated","Adult","ACTC1","Adrenal gland","Endocrine system","Smooth muscle cell","Smooth muscle cell","AdultAdrenalGland_Smooth muscle cell",0.00200779506072213,2.69728061848904,5.66331781533239e-05,0.00069990510050751,0.303321033210332,"JOB3494_IDvCD_upregulated"
"Upregulated","Adult","ADAMTS10","Trachea","Respiratory system","Fibroblast","Fibroblast","AdultTrachea_Fibroblast",3.7374119779221e-05,4.42742902688233,2.28703674642206e-12,4.11708882651482e-05,0.0656826568265683,"JOB3494_IDvCD_upregulated"
"Upregulated","Adult","ADAMTSL3","Heart","Cardiovascular system","fibroblast of cardiac tissue","Fibroblast","TS_Heart_fibroblast of cardiac tissue",3.10947457340394e-05,4.50731299012092,3.73873111413008e-16,8.23417765302964e-05,0.0269372693726937,"JOB3494_IDvCD_upregulated"
"Upregulated","Adult","AFF3","Tongue","Digestive system","fibroblast","Fibroblast","TS_Tongue_fibroblast",4.93024059736724e-05,4.30713188649167,5.00920680570305e-31,0.00098810131836355,0.003690036900369,"JOB3494_IDvCD_upregulated"
"Upregulated","Fetal","AKAP8L","Rib","Skeletal system","Fetal stromal cell","Stromal cell","FetalRib_Fetal stromal cell",0.00091990429533639,3.03625735327328,1.53874310275844e-05,0.00032936710612118,0.270479704797048,"JOB3494_IDvCD_upregulated"
"Upregulated","Adult","AMN1","Trachea","Respiratory system","Endothelial cell (endothelial to mesenchymal transition)","Endothelial cell","AdultTrachea_Endothelial cell (endothelial to mesenchymal transition)",0.00044461470067325,3.35201618195254,6.65010676835896e-07,0.00020585444132574,0.19409594095941,"JOB3494_IDvCD_upregulated"
"Upregulated","Adult","ANKS1A","Cerebellar hemisphere","Nervous system","Mic","Microglial cell","Lake_2017_CerebellarHemisphere_Mic",0.00018104683067465,3.74220907334658,1.06798646625679e-12,0.00024702532959088,0.0605166051660517,"JOB3494_IDvCD_upregulated"
"Upregulated","Adult","AOAH","Ileum","Digestive system","Macrophage","Macrophage","AdultIleum_Macrophage",0.0001141982673537,3.94234048527085,1.18327162660688e-09,8.23417765302964e-05,0.109963099630996,"JOB3494_IDvCD_upregulated"
"Upregulated","Adult","APOL1","Transverse colon","Digestive system","Stromal cell","Stromal cell","AdultTransverseColon_Stromal cell",3.69843989266316e-05,4.43198143509289,9.21136243681922e-16,8.23417765302964e-05,0.0324723247232472,"JOB3494_IDvCD_upregulated"
"Upregulated","Adult","APOL2","Thyroid gland","Endocrine system","Stromal cell","Stromal cell","AdultThyroid_Stromal cell",0.00011137232505897,3.9532227137167,9.03865927291714e-10,8.23417765302964e-05,0.107011070110701,"JOB3494_IDvCD_upregulated"
"Upregulated","Adult","APOL3","Eye","Sensory system","BeamCella","Beam A cell","van_Zyl_eye_2020_BeamCella",4.04799044999571e-05,4.39276052075301,8.59459596734434e-12,4.11708882651482e-05,0.0715867158671587,"JOB3494_IDvCD_upregulated"
"Upregulated","Adult","APOL4","Trachea","Respiratory system","Fibroblast","Fibroblast","AdultTrachea_Fibroblast",3.7374119779221e-05,4.42742902688233,2.28703674642206e-12,4.11708882651482e-05,0.0656826568265683,"JOB3494_IDvCD_upregulated"
"Upregulated","Adult","APPL2","Lung","Respiratory system","Stromal cell","Stromal cell","AdultLung_Stromal cell",5.83651653797146e-05,4.2338462795504,8.92052450459445e-10,4.11708882651482e-05,0.106273062730627,"JOB3494_IDvCD_upregulated"
"Upregulated","Adult","ASAP2","Tongue","Digestive system","fibroblast","Fibroblast","TS_Tongue_fibroblast",4.93024059736724e-05,4.30713188649167,5.00920680570305e-31,0.00098810131836355,0.003690036900369,"JOB3494_IDvCD_upregulated"
"Upregulated","Adult","ATP13A5","Mammary gland","Endocrine system","endothelial cell of lymphatic vessel","Endothelial cell","TS_Mammary_endothelial cell of lymphatic vessel",0.0292456584851298,1.53393859576625,9.78368199134391e-11,0.0517106356610261,0.0885608856088561,"JOB3494_IDvCD_upregulated"
"Upregulated","Adult","B3GALNT1","Transverse colon","Digestive system","Stromal cell","Stromal cell","AdultTransverseColon_Stromal cell",3.69843989266316e-05,4.43198143509289,9.21136243681922e-16,8.23417765302964e-05,0.0324723247232472,"JOB3494_IDvCD_upregulated"
"Upregulated","Adult","B4GALT1","Eye","Sensory system","BeamCella","Beam A cell","van_Zyl_eye_2020_BeamCella",4.04799044999571e-05,4.39276052075301,8.59459596734434e-12,4.11708882651482e-05,0.0715867158671587,"JOB3494_IDvCD_upregulated"
"Upregulated","Adult","BGN","Heart","Cardiovascular system","fibroblast of cardiac tissue","Fibroblast","TS_Heart_fibroblast of cardiac tissue",3.10947457340394e-05,4.50731299012092,3.73873111413008e-16,8.23417765302964e-05,0.0269372693726937,"JOB3494_IDvCD_upregulated"
"Upregulated","Adult","BUB1B","Lung","Respiratory system","Stromal cell","Stromal cell","AdultLung_Stromal cell",5.83651653797146e-05,4.2338462795504,8.92052450459445e-10,4.11708882651482e-05,0.106273062730627,"JOB3494_IDvCD_upregulated"
"Upregulated","Adult","C1QA","Ileum","Digestive system","Macrophage","Macrophage","AdultIleum_Macrophage",0.0001141982673537,3.94234048527085,1.18327162660688e-09,8.23417765302964e-05,0.109963099630996,"JOB3494_IDvCD_upregulated"
"Upregulated","Adult","C1QC","Ileum","Digestive system","Macrophage","Macrophage","AdultIleum_Macrophage",0.0001141982673537,3.94234048527085,1.18327162660688e-09,8.23417765302964e-05,0.109963099630996,"JOB3494_IDvCD_upregulated"
"Upregulated","Adult","C2orf68","Visual cortex","Nervous system","Mic","Microglial cell","Lake_2017_VisualCortex_Mic",0.00013171896241448,3.88035169900051,2.21282222864375e-14,0.00024702532959088,0.0428044280442804,"JOB3494_IDvCD_upregulated"
"Upregulated","Adult","CADM3","Heart","Cardiovascular system","fibroblast of cardiac tissue","Fibroblast","TS_Heart_fibroblast of cardiac tissue",3.10947457340394e-05,4.50731299012092,3.73873111413008e-16,8.23417765302964e-05,0.0269372693726937,"JOB3494_IDvCD_upregulated"
"Upregulated","Adult","CASP12","Heart","Cardiovascular system","fibroblast of cardiac tissue","Fibroblast","TS_Heart_fibroblast of cardiac tissue",3.10947457340394e-05,4.50731299012092,3.73873111413008e-16,8.23417765302964e-05,0.0269372693726937,"JOB3494_IDvCD_upregulated"
"Upregulated","Adult","CBX7","Heart","Cardiovascular system","fibroblast of cardiac tissue","Fibroblast","TS_Heart_fibroblast of cardiac tissue",3.10947457340394e-05,4.50731299012092,3.73873111413008e-16,8.23417765302964e-05,0.0269372693726937,"JOB3494_IDvCD_upregulated"
"Upregulated","Adult","CCDC149","Tongue","Digestive system","fibroblast","Fibroblast","TS_Tongue_fibroblast",4.93024059736724e-05,4.30713188649167,5.00920680570305e-31,0.00098810131836355,0.003690036900369,"JOB3494_IDvCD_upregulated"
"Upregulated","Fetal","CCL15","Adrenal gland","Endocrine system","Vascular endothelial cells","Endothelial cell","Fetal_HCA_Adrenal_Vascular endothelial cells",0.00097299699591069,3.01188850059642,1.61507356258158e-09,0.00082341776530296,0.115129151291513,"JOB3494_IDvCD_upregulated"
"Upregulated","Adult","CCL23","Stomach","Digestive system","Endothelial cell (APC)","Endothelial cell","AdultStomach_Endothelial cell (APC)",0.00017462119528399,3.75790304335545,2.18318823690641e-07,8.23417765302964e-05,0.174538745387454,"JOB3494_IDvCD_upregulated"
"Upregulated","Adult","CCL8","Transverse colon","Digestive system","Stromal cell","Stromal cell","AdultTransverseColon_Stromal cell",3.69843989266316e-05,4.43198143509289,9.21136243681922e-16,8.23417765302964e-05,0.0324723247232472,"JOB3494_IDvCD_upregulated"
"Upregulated","Adult","CCR5","Ileum","Digestive system","Macrophage","Macrophage","AdultIleum_Macrophage",0.0001141982673537,3.94234048527085,1.18327162660688e-09,8.23417765302964e-05,0.109963099630996,"JOB3494_IDvCD_upregulated"
"Upregulated","Adult","CD14","Thyroid gland","Endocrine system","Stromal cell","Stromal cell","AdultThyroid_Stromal cell",0.00011137232505897,3.9532227137167,9.03865927291714e-10,8.23417765302964e-05,0.107011070110701,"JOB3494_IDvCD_upregulated"
"Upregulated","Adult","CD163","Ileum","Digestive system","Macrophage","Macrophage","AdultIleum_Macrophage",0.0001141982673537,3.94234048527085,1.18327162660688e-09,8.23417765302964e-05,0.109963099630996,"JOB3494_IDvCD_upregulated"
"Upregulated","Adult","CDC14A","Lung","Respiratory system","Stromal cell","Stromal cell","AdultLung_Stromal cell",5.83651653797146e-05,4.2338462795504,8.92052450459445e-10,4.11708882651482e-05,0.106273062730627,"JOB3494_IDvCD_upregulated"
"Upregulated","Adult","CDH11","Transverse colon","Digestive system","Stromal cell","Stromal cell","AdultTransverseColon_Stromal cell",3.69843989266316e-05,4.43198143509289,9.21136243681922e-16,8.23417765302964e-05,0.0324723247232472,"JOB3494_IDvCD_upregulated"
"Upregulated","Adult","CDK12","Pancreas","Digestive system","fibroblast","Fibroblast","TS_Pancreas_fibroblast",0.0017149960517866,2.76573687544002,4.76811974395077e-19,0.00893408275353715,0.0199261992619926,"JOB3494_IDvCD_upregulated"
"Upregulated","Adult","CENPJ","Trachea","Respiratory system","Endothelial cell (endothelial to mesenchymal transition)","Endothelial cell","AdultTrachea_Endothelial cell (endothelial to mesenchymal transition)",0.00044461470067325,3.35201618195254,6.65010676835896e-07,0.00020585444132574,0.19409594095941,"JOB3494_IDvCD_upregulated"
"Upregulated","Adult","CEP112","Tongue","Digestive system","fibroblast","Fibroblast","TS_Tongue_fibroblast",4.93024059736724e-05,4.30713188649167,5.00920680570305e-31,0.00098810131836355,0.003690036900369,"JOB3494_IDvCD_upregulated"
"Upregulated","Adult","CEP152","Heart","Cardiovascular system","fibroblast of cardiac tissue","Fibroblast","TS_Heart_fibroblast of cardiac tissue",3.10947457340394e-05,4.50731299012092,3.73873111413008e-16,8.23417765302964e-05,0.0269372693726937,"JOB3494_IDvCD_upregulated"
"Upregulated","Adult","CEP95","Uterus","Reproductive system","Fibroblast","Fibroblast","AdultUterus_Fibroblast",0.013466304478761,1.87075157017768,0.000410884046291,0.00502284836834808,0.367527675276753,"JOB3494_IDvCD_upregulated"
"Upregulated","Adult","CFH","Heart","Cardiovascular system","fibroblast of cardiac tissue","Fibroblast","TS_Heart_fibroblast of cardiac tissue",3.10947457340394e-05,4.50731299012092,3.73873111413008e-16,8.23417765302964e-05,0.0269372693726937,"JOB3494_IDvCD_upregulated"
"Upregulated","Adult","CHIA","Visual cortex","Nervous system","In4a","Inhibitory neuron","Lake_2017_VisualCortex_In4a",0.013875232465577,1.8577597319767,1.69321635813786e-05,0.00699905100507519,0.273062730627306,"JOB3494_IDvCD_upregulated"
"Upregulated","Fetal","CISH","Stomach","Digestive system","Fetal stromal cell","Stromal cell","FetalStomach_Fetal stromal cell",0.00038727009114336,3.41198604226763,1.21180035824205e-07,0.00020585444132574,0.166789667896679,"JOB3494_IDvCD_upregulated"
"Upregulated","Adult","CLCA1","Tongue","Digestive system","pericyte cell","Pericyte cell","TS_Tongue_pericyte cell",0.00935425403975865,2.02899083984047,1.40421274309806e-12,0.0191032921550288,0.0634686346863469,"JOB3494_IDvCD_upregulated"
"Upregulated","Adult","CLEC10A","Ileum","Digestive system","Macrophage","Macrophage","AdultIleum_Macrophage",0.0001141982673537,3.94234048527085,1.18327162660688e-09,8.23417765302964e-05,0.109963099630996,"JOB3494_IDvCD_upregulated"
"Upregulated","Adult","CLEC11A","Transverse colon","Digestive system","Stromal cell","Stromal cell","AdultTransverseColon_Stromal cell",3.69843989266316e-05,4.43198143509289,9.21136243681922e-16,8.23417765302964e-05,0.0324723247232472,"JOB3494_IDvCD_upregulated"
"Upregulated","Adult","CLEC3B","Transverse colon","Digestive system","Stromal cell","Stromal cell","AdultTransverseColon_Stromal cell",3.69843989266316e-05,4.43198143509289,9.21136243681922e-16,8.23417765302964e-05,0.0324723247232472,"JOB3494_IDvCD_upregulated"
"Upregulated","Adult","CLEC4M","Visual cortex","Nervous system","Mic","Microglial cell","Lake_2017_VisualCortex_Mic",0.00013171896241448,3.88035169900051,2.21282222864375e-14,0.00024702532959088,0.0428044280442804,"JOB3494_IDvCD_upregulated"
"Upregulated","Adult","CNTFR","Heart","Cardiovascular system","fibroblast of cardiac tissue","Fibroblast","TS_Heart_fibroblast of cardiac tissue",3.10947457340394e-05,4.50731299012092,3.73873111413008e-16,8.23417765302964e-05,0.0269372693726937,"JOB3494_IDvCD_upregulated"
"Upregulated","Adult","CNTLN","Tongue","Digestive system","fibroblast","Fibroblast","TS_Tongue_fibroblast",4.93024059736724e-05,4.30713188649167,5.00920680570305e-31,0.00098810131836355,0.003690036900369,"JOB3494_IDvCD_upregulated"
"Upregulated","Adult","COL14A1","Heart","Cardiovascular system","fibroblast of cardiac tissue","Fibroblast","TS_Heart_fibroblast of cardiac tissue",3.10947457340394e-05,4.50731299012092,3.73873111413008e-16,8.23417765302964e-05,0.0269372693726937,"JOB3494_IDvCD_upregulated"
"Upregulated","Adult","COL6A6","Heart","Cardiovascular system","fibroblast of cardiac tissue","Fibroblast","TS_Heart_fibroblast of cardiac tissue",3.10947457340394e-05,4.50731299012092,3.73873111413008e-16,8.23417765302964e-05,0.0269372693726937,"JOB3494_IDvCD_upregulated"
"Upregulated","Adult","COMP","Heart","Cardiovascular system","fibroblast of cardiac tissue","Fibroblast","TS_Heart_fibroblast of cardiac tissue",3.10947457340394e-05,4.50731299012092,3.73873111413008e-16,8.23417765302964e-05,0.0269372693726937,"JOB3494_IDvCD_upregulated"
"Upregulated","Fetal","CR1L","Placenta","Reproductive system","Vascular endothelial cells","Endothelial cell","Fetal_HCA_Placenta_Vascular endothelial cells",0.00223434451344873,2.65084986221676,1.9255390844227e-05,0.00086458865356811,0.276752767527675,"JOB3494_IDvCD_upregulated"
"Upregulated","Adult","CRISPLD2","Heart","Cardiovascular system","fibroblast of cardiac tissue","Fibroblast","TS_Heart_fibroblast of cardiac tissue",3.10947457340394e-05,4.50731299012092,3.73873111413008e-16,8.23417765302964e-05,0.0269372693726937,"JOB3494_IDvCD_upregulated"
"Upregulated","Adult","CSF1R","Ileum","Digestive system","Macrophage","Macrophage","AdultIleum_Macrophage",0.0001141982673537,3.94234048527085,1.18327162660688e-09,8.23417765302964e-05,0.109963099630996,"JOB3494_IDvCD_upregulated"
"Upregulated","Adult","CSF3R","Ileum","Digestive system","Macrophage","Macrophage","AdultIleum_Macrophage",0.0001141982673537,3.94234048527085,1.18327162660688e-09,8.23417765302964e-05,0.109963099630996,"JOB3494_IDvCD_upregulated"
"Upregulated","Adult","CX3CR1","Visual cortex","Nervous system","Mic","Microglial cell","Lake_2017_VisualCortex_Mic",0.00013171896241448,3.88035169900051,2.21282222864375e-14,0.00024702532959088,0.0428044280442804,"JOB3494_IDvCD_upregulated"
"Upregulated","Adult","CYP2D6","Skin of body","Integumentary system","t cell","T cell","TS_Skin_t cell",0.0272758525429839,1.56422166607685,2.81123388516533e-06,0.0188562668254379,0.223616236162362,"JOB3494_IDvCD_upregulated"
"Upregulated","Fetal","DUS3L","Eye","Sensory system","Microglia","Microglial cell","Fetal_HCA_Eye_Microglia",0.0076890503560022,2.11412729486898,5.23827249361494e-06,0.00395240527345422,0.245018450184502,"JOB3494_IDvCD_upregulated"
"Upregulated","Adult","ECM2","Heart","Cardiovascular system","fibroblast of cardiac tissue","Fibroblast","TS_Heart_fibroblast of cardiac tissue",3.10947457340394e-05,4.50731299012092,3.73873111413008e-16,8.23417765302964e-05,0.0269372693726937,"JOB3494_IDvCD_upregulated"
"Upregulated","Adult","EFHD1","Heart","Cardiovascular system","fibroblast of cardiac tissue","Fibroblast","TS_Heart_fibroblast of cardiac tissue",3.10947457340394e-05,4.50731299012092,3.73873111413008e-16,8.23417765302964e-05,0.0269372693726937,"JOB3494_IDvCD_upregulated"
"Upregulated","Adult","F13A1","Tongue","Digestive system","fibroblast","Fibroblast","TS_Tongue_fibroblast",4.93024059736724e-05,4.30713188649167,5.00920680570305e-31,0.00098810131836355,0.003690036900369,"JOB3494_IDvCD_upregulated"
"Upregulated","Adult","FAM171B","Heart","Cardiovascular system","fibroblast of cardiac tissue","Fibroblast","TS_Heart_fibroblast of cardiac tissue",3.10947457340394e-05,4.50731299012092,3.73873111413008e-16,8.23417765302964e-05,0.0269372693726937,"JOB3494_IDvCD_upregulated"
"Upregulated","Adult","FBXL20","Heart","Cardiovascular system","fibroblast of cardiac tissue","Fibroblast","TS_Heart_fibroblast of cardiac tissue",3.10947457340394e-05,4.50731299012092,3.73873111413008e-16,8.23417765302964e-05,0.0269372693726937,"JOB3494_IDvCD_upregulated"
"Upregulated","Adult","FCGR2A","Ileum","Digestive system","Macrophage","Macrophage","AdultIleum_Macrophage",0.0001141982673537,3.94234048527085,1.18327162660688e-09,8.23417765302964e-05,0.109963099630996,"JOB3494_IDvCD_upregulated"
"Upregulated","Adult","FCN1","Ileum","Digestive system","Macrophage","Macrophage","AdultIleum_Macrophage",0.0001141982673537,3.94234048527085,1.18327162660688e-09,8.23417765302964e-05,0.109963099630996,"JOB3494_IDvCD_upregulated"
"Upregulated","Adult","FCN2","Adrenal gland","Endocrine system","Endothelial cell (APC)","Endothelial cell","AdultAdrenalGland_Endothelial cell (APC)",0.00087100966479358,3.05997702599895,1.2551353179609e-08,0.00061756332397722,0.135793357933579,"JOB3494_IDvCD_upregulated"
"Upregulated","Fetal","FNBP1","Intestine","Digestive system","Myeloid cells","Myeloid cell","Fetal_HCA_Intestine_Myeloid cells",0.0002722182500916,3.56508276212906,8.00893222877359e-12,0.00032936710612118,0.0708487084870849,"JOB3494_IDvCD_upregulated"
"Upregulated","Adult","FNDC1","Transverse colon","Digestive system","Stromal cell","Stromal cell","AdultTransverseColon_Stromal cell",3.69843989266316e-05,4.43198143509289,9.21136243681922e-16,8.23417765302964e-05,0.0324723247232472,"JOB3494_IDvCD_upregulated"
"Upregulated","Adult","FREM2","Retina","Sensory system","Schwann cell","Schwann cell","Voigt_2019_retina_2_Schwann cell",0.0019514116807684,2.70965109973652,1.92584766364565e-05,0.00074107598877266,0.277490774907749,"JOB3494_IDvCD_upregulated"
"Upregulated","Adult","GALNT15","Heart","Cardiovascular system","fibroblast of cardiac tissue","Fibroblast","TS_Heart_fibroblast of cardiac tissue",3.10947457340394e-05,4.50731299012092,3.73873111413008e-16,8.23417765302964e-05,0.0269372693726937,"JOB3494_IDvCD_upregulated"
"Upregulated","Adult","GALNT16","Transverse colon","Digestive system","Stromal cell","Stromal cell","AdultTransverseColon_Stromal cell",3.69843989266316e-05,4.43198143509289,9.21136243681922e-16,8.23417765302964e-05,0.0324723247232472,"JOB3494_IDvCD_upregulated"
"Upregulated","Adult","GALR2","Small intestine","Digestive system","neutrophil","Neutrophil","TS_Small_Intestine_neutrophil",0.0208405320788264,1.68109119727518,2.5311473221623e-13,0.0547572813926471,0.0560885608856089,"JOB3494_IDvCD_upregulated"
"Upregulated","Fetal","GBP6","Cerebral hemisphere","Nervous system","Vascular endothelial cells","Endothelial cell","Fetal_HCA_Cerebrum_10k_Vascular endothelial cells",0.00849055165083279,2.0710640917196,2.05080927348238e-08,0.00761661432905241,0.142435424354244,"JOB3494_IDvCD_upregulated"
"Upregulated","Adult","GJA1","Transverse colon","Digestive system","Stromal cell","Stromal cell","AdultTransverseColon_Stromal cell",3.69843989266316e-05,4.43198143509289,9.21136243681922e-16,8.23417765302964e-05,0.0324723247232472,"JOB3494_IDvCD_upregulated"
"Upregulated","Adult","GLCCI1","Tongue","Digestive system","immune cell","Immune cell","TS_Tongue_immune cell",0.00318488957384999,2.49690562087933,8.86697230097793e-17,0.0137922475688246,0.025830258302583,"JOB3494_IDvCD_upregulated"
"Upregulated","Adult","GPC3","Transverse colon","Digestive system","Stromal cell","Stromal cell","AdultTransverseColon_Stromal cell",3.69843989266316e-05,4.43198143509289,9.21136243681922e-16,8.23417765302964e-05,0.0324723247232472,"JOB3494_IDvCD_upregulated"
"Upregulated","Fetal","GPM6A","Heart","Cardiovascular system","Fetal mesenchymal progenitor","Mesenchymal stem cell","FetalHeart_Fetal mesenchymal progenitor",8.12534279136523e-05,4.09015830797887,2.86282406210885e-08,4.11708882651482e-05,0.152029520295203,"JOB3494_IDvCD_upregulated"
"Upregulated","Adult","GPX8","Transverse colon","Digestive system","Stromal cell","Stromal cell","AdultTransverseColon_Stromal cell",3.69843989266316e-05,4.43198143509289,9.21136243681922e-16,8.23417765302964e-05,0.0324723247232472,"JOB3494_IDvCD_upregulated"
"Upregulated","Adult","GREM2","Transverse colon","Digestive system","Stromal cell","Stromal cell","AdultTransverseColon_Stromal cell",3.69843989266316e-05,4.43198143509289,9.21136243681922e-16,8.23417765302964e-05,0.0324723247232472,"JOB3494_IDvCD_upregulated"
"Upregulated","Adult","GULP1","Transverse colon","Digestive system","Stromal cell","Stromal cell","AdultTransverseColon_Stromal cell",3.69843989266316e-05,4.43198143509289,9.21136243681922e-16,8.23417765302964e-05,0.0324723247232472,"JOB3494_IDvCD_upregulated"
"Upregulated","Adult","HBEGF","Stomach","Digestive system","Endothelial cell (APC)","Endothelial cell","AdultStomach_Endothelial cell (APC)",0.00017462119528399,3.75790304335545,2.18318823690641e-07,8.23417765302964e-05,0.174538745387454,"JOB3494_IDvCD_upregulated"
"Upregulated","Adult","HID1","Retina","Sensory system","Vein cell 1","Endothelial cell","Voigt_2019_retina_2_Vein cell 1",0.00036030744007753,3.44332676993056,6.47126120333545e-07,0.00016468355306059,0.192619926199262,"JOB3494_IDvCD_upregulated"
"Upregulated","Adult","HLA-A","Heart","Cardiovascular system","fibroblast of cardiac tissue","Fibroblast","TS_Heart_fibroblast of cardiac tissue",3.10947457340394e-05,4.50731299012092,3.73873111413008e-16,8.23417765302964e-05,0.0269372693726937,"JOB3494_IDvCD_upregulated"
"Upregulated","Adult","HLA-F","Stomach","Digestive system","Endothelial cell (APC)","Endothelial cell","AdultStomach_Endothelial cell (APC)",0.00017462119528399,3.75790304335545,2.18318823690641e-07,8.23417765302964e-05,0.174538745387454,"JOB3494_IDvCD_upregulated"
"Upregulated","Adult","HLA-G","Tongue","Digestive system","immune cell","Immune cell","TS_Tongue_immune cell",0.00318488957384999,2.49690562087933,8.86697230097793e-17,0.0137922475688246,0.025830258302583,"JOB3494_IDvCD_upregulated"
"Upregulated","Adult","IFI16","Heart","Cardiovascular system","fibroblast of cardiac tissue","Fibroblast","TS_Heart_fibroblast of cardiac tissue",3.10947457340394e-05,4.50731299012092,3.73873111413008e-16,8.23417765302964e-05,0.0269372693726937,"JOB3494_IDvCD_upregulated"
"Upregulated","Adult","IKZF4","Lung","Respiratory system","Stromal cell","Stromal cell","AdultLung_Stromal cell",5.83651653797146e-05,4.2338462795504,8.92052450459445e-10,4.11708882651482e-05,0.106273062730627,"JOB3494_IDvCD_upregulated"
"Upregulated","Adult","IL7R","Heart","Cardiovascular system","macrophage","Macrophage","TS_Heart_macrophage",0.00014488659752864,3.8389717862925,2.46351169318105e-05,4.11708882651482e-05,0.284870848708487,"JOB3494_IDvCD_upregulated"
"Upregulated","Adult","INHBA","Trachea","Respiratory system","Fibroblast","Fibroblast","AdultTrachea_Fibroblast",3.7374119779221e-05,4.42742902688233,2.28703674642206e-12,4.11708882651482e-05,0.0656826568265683,"JOB3494_IDvCD_upregulated"
"Upregulated","Fetal","ISLR2","Kidney","Urinary system","Stromal cells","Stromal cell","Fetal_HCA_Kidney_Stromal cells",0.00011349240048785,3.94503321808923,2.47775690190223e-13,0.00016468355306059,0.0546125461254613,"JOB3494_IDvCD_upregulated"
"Upregulated","Adult","ITGA2","Retina","Sensory system","Vein cell 1","Endothelial cell","Voigt_2019_retina_2_Vein cell 1",0.00036030744007753,3.44332676993056,6.47126120333545e-07,0.00016468355306059,0.192619926199262,"JOB3494_IDvCD_upregulated"
"Upregulated","Adult","ITGA8","Tongue","Digestive system","fibroblast","Fibroblast","TS_Tongue_fibroblast",4.93024059736724e-05,4.30713188649167,5.00920680570305e-31,0.00098810131836355,0.003690036900369,"JOB3494_IDvCD_upregulated"
"Upregulated","Adult","ITGB4","Retina","Sensory system","Vein cell 1","Endothelial cell","Voigt_2019_retina_2_Vein cell 1",0.00036030744007753,3.44332676993056,6.47126120333545e-07,0.00016468355306059,0.192619926199262,"JOB3494_IDvCD_upregulated"
"Upregulated","Fetal","ITGB8","Adrenal gland","Endocrine system","Stromal cells","Stromal cell","Fetal_HCA_Adrenal_Stromal cells",8.77830949692626e-05,4.05658911129718,4.49502315714071e-17,0.00028819621785603,0.0236162361623616,"JOB3494_IDvCD_upregulated"
"Upregulated","Fetal","JAK3","Pancreas","Digestive system","Macrophage","Macrophage","FetalPancreas_Macrophage",0.000731310170474,3.13589838671519,6.23501221139561e-09,0.00053522154744692,0.129151291512915,"JOB3494_IDvCD_upregulated"
"Upregulated","Fetal","KCNA1","Kidney","Urinary system","Stromal cells","Stromal cell","Fetal_HCA_Kidney_Stromal cells",0.00011349240048785,3.94503321808923,2.47775690190223e-13,0.00016468355306059,0.0546125461254613,"JOB3494_IDvCD_upregulated"
"Upregulated","Adult","KCNA2","Saliva-secreting gland","Digestive system","fibroblast","Fibroblast","TS_Salivary_Gland_fibroblast",0.00026442914110502,3.57769068563222,6.3833980657073e-33,0.0153155704346351,0.0014760147601476,"JOB3494_IDvCD_upregulated"
"Upregulated","Adult","KCNAB1","Muscle organ","Muscular system","Smooth muscle cell","Smooth muscle cell","AdultMuscle_Smooth muscle cell",5.68637445893527e-05,4.2451645445586,4.24518964458193e-10,4.11708882651482e-05,0.103321033210332,"JOB3494_IDvCD_upregulated"
"Upregulated","Adult","KCNF1","Small intestine","Digestive system","fibroblast","Fibroblast","TS_Small_Intestine_fibroblast",0.00024386874707205,3.61284385300252,4.09326965801442e-32,0.00934579163618864,0.0022140221402214,"JOB3494_IDvCD_upregulated"
"Upregulated","Fetal","KDM4C","Lung","Respiratory system","Myeloid cells","Myeloid cell","Fetal_HCA_Lung_Myeloid cells",0.00101791019444952,2.99229053612053,7.07473816610911e-13,0.00168800641887108,0.0590405904059041,"JOB3494_IDvCD_upregulated"
"Upregulated","Adult","KIF1A","Retina","Sensory system","Schwann cell","Schwann cell","Voigt_2019_retina_2_Schwann cell",0.0019514116807684,2.70965109973652,1.92584766364565e-05,0.00074107598877266,0.277490774907749,"JOB3494_IDvCD_upregulated"
"Upregulated","Adult","KMT2E","Stomach","Digestive system","Endothelial cell (APC)","Endothelial cell","AdultStomach_Endothelial cell (APC)",0.00017462119528399,3.75790304335545,2.18318823690641e-07,8.23417765302964e-05,0.174538745387454,"JOB3494_IDvCD_upregulated"
"Upregulated","Adult","KRBA1","Transverse colon","Digestive system","Macrophage","Macrophage","AdultTransverseColon_Macrophage",0.00022114611143009,3.65532069273707,1.50143341625001e-11,0.00024702532959088,0.0752767527675277,"JOB3494_IDvCD_upregulated"
"Upregulated","Adult","LAIR1","Ileum","Digestive system","Macrophage","Macrophage","AdultIleum_Macrophage",0.0001141982673537,3.94234048527085,1.18327162660688e-09,8.23417765302964e-05,0.109963099630996,"JOB3494_IDvCD_upregulated"
"Upregulated","Adult","LEPR","Trachea","Respiratory system","Fibroblast","Fibroblast","AdultTrachea_Fibroblast",3.7374119779221e-05,4.42742902688233,2.28703674642206e-12,4.11708882651482e-05,0.0656826568265683,"JOB3494_IDvCD_upregulated"
"Upregulated","Adult","LILRA4","Ileum","Digestive system","Macrophage","Macrophage","AdultIleum_Macrophage",0.0001141982673537,3.94234048527085,1.18327162660688e-09,8.23417765302964e-05,0.109963099630996,"JOB3494_IDvCD_upregulated"
"Upregulated","Adult","LOXL3","Esophagus","Digestive system","Fibroblast","Fibroblast","Madissoon_2020_oesophagus_Fibroblast",4.85409588022456e-05,4.31389164954483,2.23885051597665e-14,8.23417765302964e-05,0.0435424354243542,"JOB3494_IDvCD_upregulated"
"Upregulated","Fetal","LRFN4","Thymus","Lymphatic system","Stromal cells","Stromal cell","Fetal_HCA_Thymus_Stromal cells",0.00203039227914781,2.69242004671208,1.38639390848867e-06,0.0010292722066287,0.208856088560886,"JOB3494_IDvCD_upregulated"
"Upregulated","Adult","LTBP4","Heart","Cardiovascular system","fibroblast of cardiac tissue","Fibroblast","TS_Heart_fibroblast of cardiac tissue",3.10947457340394e-05,4.50731299012092,3.73873111413008e-16,8.23417765302964e-05,0.0269372693726937,"JOB3494_IDvCD_upregulated"
"Upregulated","Adult","MAML3","Visual cortex","Nervous system","Mic","Microglial cell","Lake_2017_VisualCortex_Mic",0.00013171896241448,3.88035169900051,2.21282222864375e-14,0.00024702532959088,0.0428044280442804,"JOB3494_IDvCD_upregulated"
"Upregulated","Adult","MCM9","Visual cortex","Nervous system","Mic","Microglial cell","Lake_2017_VisualCortex_Mic",0.00013171896241448,3.88035169900051,2.21282222864375e-14,0.00024702532959088,0.0428044280442804,"JOB3494_IDvCD_upregulated"
"Upregulated","Adult","MMP2","Heart","Cardiovascular system","fibroblast of cardiac tissue","Fibroblast","TS_Heart_fibroblast of cardiac tissue",3.10947457340394e-05,4.50731299012092,3.73873111413008e-16,8.23417765302964e-05,0.0269372693726937,"JOB3494_IDvCD_upregulated"
"Upregulated","Adult","MMP9","Ileum","Digestive system","Macrophage","Macrophage","AdultIleum_Macrophage",0.0001141982673537,3.94234048527085,1.18327162660688e-09,8.23417765302964e-05,0.109963099630996,"JOB3494_IDvCD_upregulated"
"Upregulated","Adult","MMRN1","Visual cortex","Nervous system","Mic","Microglial cell","Lake_2017_VisualCortex_Mic",0.00013171896241448,3.88035169900051,2.21282222864375e-14,0.00024702532959088,0.0428044280442804,"JOB3494_IDvCD_upregulated"
"Upregulated","Adult","MNDA","Ileum","Digestive system","Macrophage","Macrophage","AdultIleum_Macrophage",0.0001141982673537,3.94234048527085,1.18327162660688e-09,8.23417765302964e-05,0.109963099630996,"JOB3494_IDvCD_upregulated"
"Upregulated","Adult","MRC1","Ileum","Digestive system","Macrophage","Macrophage","AdultIleum_Macrophage",0.0001141982673537,3.94234048527085,1.18327162660688e-09,8.23417765302964e-05,0.109963099630996,"JOB3494_IDvCD_upregulated"
"Upregulated","Fetal","MYOF","Adrenal gland","Endocrine system","Stromal cells","Stromal cell","Fetal_HCA_Adrenal_Stromal cells",8.77830949692626e-05,4.05658911129718,4.49502315714071e-17,0.00028819621785603,0.0236162361623616,"JOB3494_IDvCD_upregulated"
"Upregulated","Fetal","NEBL","Lung","Respiratory system","Stromal cells","Stromal cell","Fetal_HCA_Lung_Stromal cells",0.00073218332220126,3.13538016777688,2.99322994188454e-10,0.00069990510050751,0.0988929889298893,"JOB3494_IDvCD_upregulated"
"Upregulated","Adult","NOTCH1","Retina","Sensory system","Vein cell 1","Endothelial cell","Voigt_2019_retina_2_Vein cell 1",0.00036030744007753,3.44332676993056,6.47126120333545e-07,0.00016468355306059,0.192619926199262,"JOB3494_IDvCD_upregulated"
"Upregulated","Adult","NPNT","Muscle organ","Muscular system","Smooth muscle cell","Smooth muscle cell","AdultMuscle_Smooth muscle cell",5.68637445893527e-05,4.2451645445586,4.24518964458193e-10,4.11708882651482e-05,0.103321033210332,"JOB3494_IDvCD_upregulated"
"Upregulated","Adult","NULL","Ascending colon","Digestive system","B cell (Plasmocyte)","B cell","AdultAscendingColon_B cell (Plasmocyte)",0.971993792360288,0.0123365086871836,1,0.773148110731218,0.999630996309963,"JOB3494_IDvCD_upregulated"
"Upregulated","Adult","NUMBL","Heart","Cardiovascular system","fibroblast of cardiac tissue","Fibroblast","TS_Heart_fibroblast of cardiac tissue",3.10947457340394e-05,4.50731299012092,3.73873111413008e-16,8.23417765302964e-05,0.0269372693726937,"JOB3494_IDvCD_upregulated"
"Upregulated","Adult","ODF2L","Pleura","Respiratory system","Fibroblast","Fibroblast","AdultPleura_Fibroblast",0.0001850935832155,3.73260863701373,6.57071007785074e-14,0.00028819621785603,0.0531365313653137,"JOB3494_IDvCD_upregulated"
"Upregulated","Adult","OGN","Heart","Cardiovascular system","fibroblast of cardiac tissue","Fibroblast","TS_Heart_fibroblast of cardiac tissue",3.10947457340394e-05,4.50731299012092,3.73873111413008e-16,8.23417765302964e-05,0.0269372693726937,"JOB3494_IDvCD_upregulated"
"Upregulated","Adult","P2RX7","Heart","Cardiovascular system","fibroblast of cardiac tissue","Fibroblast","TS_Heart_fibroblast of cardiac tissue",3.10947457340394e-05,4.50731299012092,3.73873111413008e-16,8.23417765302964e-05,0.0269372693726937,"JOB3494_IDvCD_upregulated"
"Upregulated","Adult","PC","Retina","Sensory system","Fibroblasts","Fibroblast","Voigt_2019_retina_2_Fibroblasts",0.00021915942222039,3.65923985318543,1.35140203735709e-11,0.00024702532959088,0.0745387453874539,"JOB3494_IDvCD_upregulated"
"Upregulated","Fetal","PCDH20","Heart","Cardiovascular system","Fetal mesenchymal progenitor","Mesenchymal stem cell","FetalHeart_Fetal mesenchymal progenitor",8.12534279136523e-05,4.09015830797887,2.86282406210885e-08,4.11708882651482e-05,0.152029520295203,"JOB3494_IDvCD_upregulated"
"Upregulated","Adult","PDGFRL","Heart","Cardiovascular system","fibroblast of cardiac tissue","Fibroblast","TS_Heart_fibroblast of cardiac tissue",3.10947457340394e-05,4.50731299012092,3.73873111413008e-16,8.23417765302964e-05,0.0269372693726937,"JOB3494_IDvCD_upregulated"
"Upregulated","Adult","PENK","Trachea","Respiratory system","Fibroblast","Fibroblast","AdultTrachea_Fibroblast",3.7374119779221e-05,4.42742902688233,2.28703674642206e-12,4.11708882651482e-05,0.0656826568265683,"JOB3494_IDvCD_upregulated"
"Upregulated","Adult","PER3","Large intestine","Digestive system","fibroblast","Fibroblast","TS_Large_Intestine_fibroblast",0.00020186383801101,3.69494147381952,6.31662046306932e-33,0.0228086720988921,0.0007380073800738,"JOB3494_IDvCD_upregulated"
"Upregulated","Adult","PHACTR1","Ileum","Digestive system","Macrophage","Macrophage","AdultIleum_Macrophage",0.0001141982673537,3.94234048527085,1.18327162660688e-09,8.23417765302964e-05,0.109963099630996,"JOB3494_IDvCD_upregulated"
"Upregulated","Adult","PHLDB2","Transverse colon","Digestive system","Stromal cell","Stromal cell","AdultTransverseColon_Stromal cell",3.69843989266316e-05,4.43198143509289,9.21136243681922e-16,8.23417765302964e-05,0.0324723247232472,"JOB3494_IDvCD_upregulated"
"Upregulated","Adult","PI16","Heart","Cardiovascular system","fibroblast of cardiac tissue","Fibroblast","TS_Heart_fibroblast of cardiac tissue",3.10947457340394e-05,4.50731299012092,3.73873111413008e-16,8.23417765302964e-05,0.0269372693726937,"JOB3494_IDvCD_upregulated"
"Upregulated","Fetal","PIWIL2","Liver","Digestive system","Mesothelial cells","Mesothelial cell","Fetal_HCA_Liver_Mesothelial cells",0.00204706202782134,2.68886899762455,2.57197377817396e-08,0.00144098108928019,0.150553505535055,"JOB3494_IDvCD_upregulated"
"Upregulated","Adult","PKD1","Lung","Respiratory system","Stromal cell","Stromal cell","AdultLung_Stromal cell",5.83651653797146e-05,4.2338462795504,8.92052450459445e-10,4.11708882651482e-05,0.106273062730627,"JOB3494_IDvCD_upregulated"
"Upregulated","Adult","PLEKHA4","Heart","Cardiovascular system","fibroblast of cardiac tissue","Fibroblast","TS_Heart_fibroblast of cardiac tissue",3.10947457340394e-05,4.50731299012092,3.73873111413008e-16,8.23417765302964e-05,0.0269372693726937,"JOB3494_IDvCD_upregulated"
"Upregulated","Adult","PLP1","Trachea","Respiratory system","Fibroblast","Fibroblast","AdultTrachea_Fibroblast",3.7374119779221e-05,4.42742902688233,2.28703674642206e-12,4.11708882651482e-05,0.0656826568265683,"JOB3494_IDvCD_upregulated"
"Upregulated","Adult","POLK","Lung","Respiratory system","vein endothelial cell","Endothelial cell","TS_Lung_vein endothelial cell",0.001194198004836,2.92292365873575,9.91164763647676e-21,0.00732841811119638,0.0162361623616236,"JOB3494_IDvCD_upregulated"
"Upregulated","Adult","PPL","Muscle organ","Muscular system","Smooth muscle cell","Smooth muscle cell","AdultMuscle_Smooth muscle cell",5.68637445893527e-05,4.2451645445586,4.24518964458193e-10,4.11708882651482e-05,0.103321033210332,"JOB3494_IDvCD_upregulated"
"Upregulated","Adult","PPM1K","Retina","Sensory system","Fibroblasts","Fibroblast","Voigt_2019_retina_2_Fibroblasts",0.00021915942222039,3.65923985318543,1.35140203735709e-11,0.00024702532959088,0.0745387453874539,"JOB3494_IDvCD_upregulated"
"Upregulated","Adult","PRKD2","Adrenal gland","Endocrine system","Endothelial cell (APC)","Endothelial cell","AdultAdrenalGland_Endothelial cell (APC)",0.00087100966479358,3.05997702599895,1.2551353179609e-08,0.00061756332397722,0.135793357933579,"JOB3494_IDvCD_upregulated"
"Upregulated","Adult","PSMB8","Duodenum","Digestive system","Dendritic cell","Dendritic cell","AdultDuodenum_Dendritic cell",0.00035463742022723,3.45021544092695,7.24934687452627e-11,0.00037053799438633,0.0841328413284133,"JOB3494_IDvCD_upregulated"
"Upregulated","Adult","PTPN13","Heart","Cardiovascular system","fibroblast of cardiac tissue","Fibroblast","TS_Heart_fibroblast of cardiac tissue",3.10947457340394e-05,4.50731299012092,3.73873111413008e-16,8.23417765302964e-05,0.0269372693726937,"JOB3494_IDvCD_upregulated"
"Upregulated","Adult","PTPRU","Tongue","Digestive system","fibroblast","Fibroblast","TS_Tongue_fibroblast",4.93024059736724e-05,4.30713188649167,5.00920680570305e-31,0.00098810131836355,0.003690036900369,"JOB3494_IDvCD_upregulated"
"Upregulated","Adult","RAB44","Heart","Cardiovascular system","macrophage","Macrophage","TS_Heart_macrophage",0.00014488659752864,3.8389717862925,2.46351169318105e-05,4.11708882651482e-05,0.284870848708487,"JOB3494_IDvCD_upregulated"
"Upregulated","Adult","RASAL3","Visual cortex","Nervous system","Mic","Microglial cell","Lake_2017_VisualCortex_Mic",0.00013171896241448,3.88035169900051,2.21282222864375e-14,0.00024702532959088,0.0428044280442804,"JOB3494_IDvCD_upregulated"
"Upregulated","Fetal","RASSF2","Adrenal gland","Endocrine system","Stromal cells","Stromal cell","Fetal_HCA_Adrenal_Stromal cells",8.77830949692626e-05,4.05658911129718,4.49502315714071e-17,0.00028819621785603,0.0236162361623616,"JOB3494_IDvCD_upregulated"
"Upregulated","Adult","RBM12B","Retina","Sensory system","Vein cell 1","Endothelial cell","Voigt_2019_retina_2_Vein cell 1",0.00036030744007753,3.44332676993056,6.47126120333545e-07,0.00016468355306059,0.192619926199262,"JOB3494_IDvCD_upregulated"
"Upregulated","Adult","RBM33","Fallopian tube","Reproductive system","Macrophage","Macrophage","AdultFallopiantube_Macrophage",0.011697526583238,1.93190595917785,1.33642991737808e-05,0.00588743702191619,0.266420664206642,"JOB3494_IDvCD_upregulated"
"Upregulated","Adult","RBM5","Retina","Sensory system","Vein cell 1","Endothelial cell","Voigt_2019_retina_2_Vein cell 1",0.00036030744007753,3.44332676993056,6.47126120333545e-07,0.00016468355306059,0.192619926199262,"JOB3494_IDvCD_upregulated"
"Upregulated","Adult","RELN","Thyroid gland","Endocrine system","Stromal cell","Stromal cell","AdultThyroid_Stromal cell",0.00011137232505897,3.9532227137167,9.03865927291714e-10,8.23417765302964e-05,0.107011070110701,"JOB3494_IDvCD_upregulated"
"Upregulated","Adult","RGS2","Trachea","Respiratory system","Fibroblast","Fibroblast","AdultTrachea_Fibroblast",3.7374119779221e-05,4.42742902688233,2.28703674642206e-12,4.11708882651482e-05,0.0656826568265683,"JOB3494_IDvCD_upregulated"
"Upregulated","Adult","RNF169","Eye","Sensory system","retinal blood vessel endothelial cell","Endothelial cell","TS_Eye_retinal blood vessel endothelial cell",0.00297375433992664,2.52669491114053,4.41145018899192e-30,0.0744781368716531,0.0044280442804428,"JOB3494_IDvCD_upregulated"
"Upregulated","Adult","RNF213","Visual cortex","Nervous system","Mic","Microglial cell","Lake_2017_VisualCortex_Mic",0.00013171896241448,3.88035169900051,2.21282222864375e-14,0.00024702532959088,0.0428044280442804,"JOB3494_IDvCD_upregulated"
"Upregulated","Adult","RNF24","Heart","Cardiovascular system","fibroblast of cardiac tissue","Fibroblast","TS_Heart_fibroblast of cardiac tissue",3.10947457340394e-05,4.50731299012092,3.73873111413008e-16,8.23417765302964e-05,0.0269372693726937,"JOB3494_IDvCD_upregulated"
"Upregulated","Adult","S100A9","Ileum","Digestive system","Macrophage","Macrophage","AdultIleum_Macrophage",0.0001141982673537,3.94234048527085,1.18327162660688e-09,8.23417765302964e-05,0.109963099630996,"JOB3494_IDvCD_upregulated"
"Upregulated","Adult","SAMHD1","Heart","Cardiovascular system","fibroblast of cardiac tissue","Fibroblast","TS_Heart_fibroblast of cardiac tissue",3.10947457340394e-05,4.50731299012092,3.73873111413008e-16,8.23417765302964e-05,0.0269372693726937,"JOB3494_IDvCD_upregulated"
"Upregulated","Adult","SCARA3","Heart","Cardiovascular system","fibroblast of cardiac tissue","Fibroblast","TS_Heart_fibroblast of cardiac tissue",3.10947457340394e-05,4.50731299012092,3.73873111413008e-16,8.23417765302964e-05,0.0269372693726937,"JOB3494_IDvCD_upregulated"
"Upregulated","Adult","SDK1","Esophagus","Digestive system","Fibroblast","Fibroblast","Madissoon_2020_oesophagus_Fibroblast",4.85409588022456e-05,4.31389164954483,2.23885051597665e-14,8.23417765302964e-05,0.0435424354243542,"JOB3494_IDvCD_upregulated"
"Upregulated","Adult","SIGLEC1","Ileum","Digestive system","Macrophage","Macrophage","AdultIleum_Macrophage",0.0001141982673537,3.94234048527085,1.18327162660688e-09,8.23417765302964e-05,0.109963099630996,"JOB3494_IDvCD_upregulated"
"Upregulated","Adult","SIM1","Kidney","Urinary system","endothelial cell","Endothelial cell","TS_Kidney_endothelial cell",0.0032720532588838,2.48517963597532,3.31554848665701e-15,0.00975750051884012,0.0376383763837638,"JOB3494_IDvCD_upregulated"
"Upregulated","Adult","SLC43A3","Heart","Cardiovascular system","fibroblast of cardiac tissue","Fibroblast","TS_Heart_fibroblast of cardiac tissue",3.10947457340394e-05,4.50731299012092,3.73873111413008e-16,8.23417765302964e-05,0.0269372693726937,"JOB3494_IDvCD_upregulated"
"Upregulated","Fetal","SLC6A2","Muscle organ","Muscular system","Stromal cells","Stromal cell","Fetal_HCA_Muscle_Stromal cells",0.00015657134123014,3.80528772813135,4.05485361402082e-14,0.00028819621785603,0.044280442804428,"JOB3494_IDvCD_upregulated"
"Upregulated","Adult","SLC7A2","Eye","Sensory system","BeamCella","Beam A cell","van_Zyl_eye_2020_BeamCella",4.04799044999571e-05,4.39276052075301,8.59459596734434e-12,4.11708882651482e-05,0.0715867158671587,"JOB3494_IDvCD_upregulated"
"Upregulated","Adult","SOCS2","Tongue","Digestive system","fibroblast","Fibroblast","TS_Tongue_fibroblast",4.93024059736724e-05,4.30713188649167,5.00920680570305e-31,0.00098810131836355,0.003690036900369,"JOB3494_IDvCD_upregulated"
"Upregulated","Adult","SPNS2","Eye","Sensory system","BeamCella","Beam A cell","van_Zyl_eye_2020_BeamCella",4.04799044999571e-05,4.39276052075301,8.59459596734434e-12,4.11708882651482e-05,0.0715867158671587,"JOB3494_IDvCD_upregulated"
"Upregulated","Adult","STAB1","Ileum","Digestive system","Macrophage","Macrophage","AdultIleum_Macrophage",0.0001141982673537,3.94234048527085,1.18327162660688e-09,8.23417765302964e-05,0.109963099630996,"JOB3494_IDvCD_upregulated"
"Upregulated","Adult","STON1","Heart","Cardiovascular system","fibroblast of cardiac tissue","Fibroblast","TS_Heart_fibroblast of cardiac tissue",3.10947457340394e-05,4.50731299012092,3.73873111413008e-16,8.23417765302964e-05,0.0269372693726937,"JOB3494_IDvCD_upregulated"
"Upregulated","Adult","SUSD1","Saliva-secreting gland","Digestive system","fibroblast","Fibroblast","TS_Salivary_Gland_fibroblast",0.00026442914110502,3.57769068563222,6.3833980657073e-33,0.0153155704346351,0.0014760147601476,"JOB3494_IDvCD_upregulated"
"Upregulated","Adult","SYNE2","Muscle organ","Muscular system","Smooth muscle cell","Smooth muscle cell","AdultMuscle_Smooth muscle cell",5.68637445893527e-05,4.2451645445586,4.24518964458193e-10,4.11708882651482e-05,0.103321033210332,"JOB3494_IDvCD_upregulated"
"Upregulated","Adult","SYNE3","Heart","Cardiovascular system","fibroblast of cardiac tissue","Fibroblast","TS_Heart_fibroblast of cardiac tissue",3.10947457340394e-05,4.50731299012092,3.73873111413008e-16,8.23417765302964e-05,0.0269372693726937,"JOB3494_IDvCD_upregulated"
"Upregulated","Adult","SYTL2","Muscle organ","Muscular system","Smooth muscle cell","Smooth muscle cell","AdultMuscle_Smooth muscle cell",5.68637445893527e-05,4.2451645445586,4.24518964458193e-10,4.11708882651482e-05,0.103321033210332,"JOB3494_IDvCD_upregulated"
"Upregulated","Adult","TBC1D2B","Heart","Cardiovascular system","fibroblast of cardiac tissue","Fibroblast","TS_Heart_fibroblast of cardiac tissue",3.10947457340394e-05,4.50731299012092,3.73873111413008e-16,8.23417765302964e-05,0.0269372693726937,"JOB3494_IDvCD_upregulated"
"Upregulated","Adult","TBC1D4","Visual cortex","Nervous system","Mic","Microglial cell","Lake_2017_VisualCortex_Mic",0.00013171896241448,3.88035169900051,2.21282222864375e-14,0.00024702532959088,0.0428044280442804,"JOB3494_IDvCD_upregulated"
"Upregulated","Adult","TGFBI","Transverse colon","Digestive system","Stromal cell","Stromal cell","AdultTransverseColon_Stromal cell",3.69843989266316e-05,4.43198143509289,9.21136243681922e-16,8.23417765302964e-05,0.0324723247232472,"JOB3494_IDvCD_upregulated"
"Upregulated","Adult","TGFBR2","Heart","Cardiovascular system","fibroblast of cardiac tissue","Fibroblast","TS_Heart_fibroblast of cardiac tissue",3.10947457340394e-05,4.50731299012092,3.73873111413008e-16,8.23417765302964e-05,0.0269372693726937,"JOB3494_IDvCD_upregulated"
"Upregulated","Adult","TLN2","Trachea","Respiratory system","Fibroblast","Fibroblast","AdultTrachea_Fibroblast",3.7374119779221e-05,4.42742902688233,2.28703674642206e-12,4.11708882651482e-05,0.0656826568265683,"JOB3494_IDvCD_upregulated"
"Upregulated","Adult","TLR8","Ileum","Digestive system","Macrophage","Macrophage","AdultIleum_Macrophage",0.0001141982673537,3.94234048527085,1.18327162660688e-09,8.23417765302964e-05,0.109963099630996,"JOB3494_IDvCD_upregulated"
"Upregulated","Adult","TMEFF2","Heart","Cardiovascular system","fibroblast of cardiac tissue","Fibroblast","TS_Heart_fibroblast of cardiac tissue",3.10947457340394e-05,4.50731299012092,3.73873111413008e-16,8.23417765302964e-05,0.0269372693726937,"JOB3494_IDvCD_upregulated"
"Upregulated","Adult","TMEM47","Transverse colon","Digestive system","Stromal cell","Stromal cell","AdultTransverseColon_Stromal cell",3.69843989266316e-05,4.43198143509289,9.21136243681922e-16,8.23417765302964e-05,0.0324723247232472,"JOB3494_IDvCD_upregulated"
"Upregulated","Adult","TMEM67","Spleen","Lymphatic system","ILC","Innate lymphoid cell","Madissoon_2020_spleen_ILC",0.00089236888855381,3.04945557931708,3.17793758404938e-06,0.00037053799438633,0.232472324723247,"JOB3494_IDvCD_upregulated"
"Upregulated","Fetal","TMPO","Heart","Cardiovascular system","Fetal mesenchymal progenitor","Mesenchymal stem cell","FetalHeart_Fetal mesenchymal progenitor",8.12534279136523e-05,4.09015830797887,2.86282406210885e-08,4.11708882651482e-05,0.152029520295203,"JOB3494_IDvCD_upregulated"
"Upregulated","Adult","TNFSF10","Heart","Cardiovascular system","fibroblast of cardiac tissue","Fibroblast","TS_Heart_fibroblast of cardiac tissue",3.10947457340394e-05,4.50731299012092,3.73873111413008e-16,8.23417765302964e-05,0.0269372693726937,"JOB3494_IDvCD_upregulated"
"Upregulated","Adult","TPPP","Spleen","Lymphatic system","T_CD4_conv","T cell","Madissoon_2020_spleen_T_CD4_conv",0.0137800681666976,1.86074863407227,0.00024633094628508,0.00535221547446926,0.354243542435424,"JOB3494_IDvCD_upregulated"
"Upregulated","Fetal","UHRF2","Stomach","Digestive system","Fetal stromal cell","Stromal cell","FetalStomach_Fetal stromal cell",0.00038727009114336,3.41198604226763,1.21180035824205e-07,0.00020585444132574,0.166789667896679,"JOB3494_IDvCD_upregulated"
"Upregulated","Adult","UVSSA","Stomach","Digestive system","Endothelial cell (APC)","Endothelial cell","AdultStomach_Endothelial cell (APC)",0.00017462119528399,3.75790304335545,2.18318823690641e-07,8.23417765302964e-05,0.174538745387454,"JOB3494_IDvCD_upregulated"
"Upregulated","Adult","VIT","Heart","Cardiovascular system","fibroblast of cardiac tissue","Fibroblast","TS_Heart_fibroblast of cardiac tissue",3.10947457340394e-05,4.50731299012092,3.73873111413008e-16,8.23417765302964e-05,0.0269372693726937,"JOB3494_IDvCD_upregulated"
"Upregulated","Adult","VWA5A","Retina","Sensory system","Fibroblasts","Fibroblast","Voigt_2019_retina_2_Fibroblasts",0.00021915942222039,3.65923985318543,1.35140203735709e-11,0.00024702532959088,0.0745387453874539,"JOB3494_IDvCD_upregulated"
"Upregulated","Adult","VWF","Muscle organ","Muscular system","Smooth muscle cell","Smooth muscle cell","AdultMuscle_Smooth muscle cell",5.68637445893527e-05,4.2451645445586,4.24518964458193e-10,4.11708882651482e-05,0.103321033210332,"JOB3494_IDvCD_upregulated"
"Upregulated","Adult","ZCCHC14","Stomach","Digestive system","Endothelial cell (APC)","Endothelial cell","AdultStomach_Endothelial cell (APC)",0.00017462119528399,3.75790304335545,2.18318823690641e-07,8.23417765302964e-05,0.174538745387454,"JOB3494_IDvCD_upregulated"
"Upregulated","Adult","ZFP90","Sigmoid colon","Digestive system","Stromal cell","Stromal cell","AdultSigmoidColon_Stromal cell",8.45239866908987e-05,4.07302002703589,7.88030888152393e-08,4.11708882651482e-05,0.158671586715867,"JOB3494_IDvCD_upregulated"
"Upregulated","Fetal","ZNF217","Adrenal gland","Endocrine system","Stromal cells","Stromal cell","Fetal_HCA_Adrenal_Stromal cells",8.77830949692626e-05,4.05658911129718,4.49502315714071e-17,0.00028819621785603,0.0236162361623616,"JOB3494_IDvCD_upregulated"
"Upregulated","Adult","ZNF235","Trachea","Respiratory system","Stromal cell","Stromal cell","AdultTrachea_Stromal cell",0.00012613771767,3.89915503137576,3.64045717450191e-09,8.23417765302964e-05,0.122509225092251,"JOB3494_IDvCD_upregulated"
"Upregulated","Adult","ZNF280C","Trachea","Respiratory system","Endothelial cell (endothelial to mesenchymal transition)","Endothelial cell","AdultTrachea_Endothelial cell (endothelial to mesenchymal transition)",0.00044461470067325,3.35201618195254,6.65010676835896e-07,0.00020585444132574,0.19409594095941,"JOB3494_IDvCD_upregulated"
"Upregulated","Adult","ZNF445","Thyroid gland","Endocrine system","Stromal cell","Stromal cell","AdultThyroid_Stromal cell",0.00011137232505897,3.9532227137167,9.03865927291714e-10,8.23417765302964e-05,0.107011070110701,"JOB3494_IDvCD_upregulated"
"Upregulated","Fetal","ZNF790","Rib","Skeletal system","Fetal stromal cell","Stromal cell","FetalRib_Fetal stromal cell",0.00091990429533639,3.03625735327328,1.53874310275844e-05,0.00032936710612118,0.270479704797048,"JOB3494_IDvCD_upregulated"
