"direction","Developmental_stage","human_symbol","best_muscle_combined_p","best_muscle_combined_log10p","muscle_tissue_cell_type_hits","muscle_specific_cell_type_hits","muscle_general_cell_type_hits"
"Upregulated","Adult","ABCA9",5.68637445893527e-05,4.2451645445586,"AdultMuscle_Smooth muscle cell; TS_Muscle_mesenchymal stem cell","Smooth muscle cell; mesenchymal stem cell","Smooth muscle cell; Mesenchymal stem cell"
"Upregulated","Adult","ABI3BP",5.68637445893527e-05,4.2451645445586,"AdultMuscle_Smooth muscle cell; TS_Muscle_mesenchymal stem cell","Smooth muscle cell; mesenchymal stem cell","Smooth muscle cell; Mesenchymal stem cell"
"Upregulated","Adult","ADAMTSL3",5.68637445893527e-05,4.2451645445586,"AdultMuscle_Smooth muscle cell; TS_Muscle_mesenchymal stem cell","Smooth muscle cell; mesenchymal stem cell","Smooth muscle cell; Mesenchymal stem cell"
"Upregulated","Adult","APOL1",5.68637445893527e-05,4.2451645445586,"AdultMuscle_Smooth muscle cell","Smooth muscle cell","Smooth muscle cell"
"Upregulated","Adult","BGN",5.68637445893527e-05,4.2451645445586,"AdultMuscle_Smooth muscle cell; TS_Muscle_mesenchymal stem cell","Smooth muscle cell; mesenchymal stem cell","Smooth muscle cell; Mesenchymal stem cell"
"Upregulated","Adult","CFH",5.68637445893527e-05,4.2451645445586,"AdultMuscle_Smooth muscle cell; TS_Muscle_mesenchymal stem cell; TS_Muscle_endothelial cell of lymphatic vessel","Smooth muscle cell; mesenchymal stem cell; endothelial cell of lymphatic vessel","Smooth muscle cell; Mesenchymal stem cell; Endothelial cell"
"Upregulated","Adult","COL14A1",5.68637445893527e-05,4.2451645445586,"AdultMuscle_Smooth muscle cell; TS_Muscle_mesenchymal stem cell","Smooth muscle cell; mesenchymal stem cell","Smooth muscle cell; Mesenchymal stem cell"
"Upregulated","Adult","CRISPLD2",5.68637445893527e-05,4.2451645445586,"AdultMuscle_Smooth muscle cell; TS_Muscle_mesenchymal stem cell","Smooth muscle cell; mesenchymal stem cell","Smooth muscle cell; Mesenchymal stem cell"
"Upregulated","Adult","ECM2",5.68637445893527e-05,4.2451645445586,"AdultMuscle_Smooth muscle cell; TS_Muscle_mesenchymal stem cell","Smooth muscle cell; mesenchymal stem cell","Smooth muscle cell; Mesenchymal stem cell"
"Upregulated","Adult","EFHD1",5.68637445893527e-05,4.2451645445586,"AdultMuscle_Smooth muscle cell; TS_Muscle_mesenchymal stem cell","Smooth muscle cell; mesenchymal stem cell","Smooth muscle cell; Mesenchymal stem cell"
"Upregulated","Adult","GALNT16",5.68637445893527e-05,4.2451645445586,"AdultMuscle_Smooth muscle cell; TS_Muscle_mesenchymal stem cell","Smooth muscle cell; mesenchymal stem cell","Smooth muscle cell; Mesenchymal stem cell"
"Upregulated","Adult","GJA1",5.68637445893527e-05,4.2451645445586,"AdultMuscle_Smooth muscle cell","Smooth muscle cell","Smooth muscle cell"
"Upregulated","Adult","GPC3",5.68637445893527e-05,4.2451645445586,"AdultMuscle_Smooth muscle cell; TS_Muscle_mesenchymal stem cell","Smooth muscle cell; mesenchymal stem cell","Smooth muscle cell; Mesenchymal stem cell"
"Upregulated","Adult","GULP1",5.68637445893527e-05,4.2451645445586,"AdultMuscle_Smooth muscle cell; TS_Muscle_mesenchymal stem cell","Smooth muscle cell; mesenchymal stem cell","Smooth muscle cell; Mesenchymal stem cell"
"Upregulated","Adult","ITGA8",5.68637445893527e-05,4.2451645445586,"AdultMuscle_Smooth muscle cell","Smooth muscle cell","Smooth muscle cell"
"Upregulated","Adult","KCNAB1",5.68637445893527e-05,4.2451645445586,"AdultMuscle_Smooth muscle cell","Smooth muscle cell","Smooth muscle cell"
"Upregulated","Adult","LTBP4",5.68637445893527e-05,4.2451645445586,"AdultMuscle_Smooth muscle cell; TS_Muscle_mesenchymal stem cell","Smooth muscle cell; mesenchymal stem cell","Smooth muscle cell; Mesenchymal stem cell"
"Upregulated","Adult","MMP2",5.68637445893527e-05,4.2451645445586,"AdultMuscle_Smooth muscle cell; TS_Muscle_mesenchymal stem cell","Smooth muscle cell; mesenchymal stem cell","Smooth muscle cell; Mesenchymal stem cell"
"Upregulated","Adult","NPNT",5.68637445893527e-05,4.2451645445586,"AdultMuscle_Smooth muscle cell","Smooth muscle cell","Smooth muscle cell"
"Upregulated","Adult","OGN",5.68637445893527e-05,4.2451645445586,"AdultMuscle_Smooth muscle cell; TS_Muscle_mesenchymal stem cell","Smooth muscle cell; mesenchymal stem cell","Smooth muscle cell; Mesenchymal stem cell"
"Upregulated","Adult","PDGFRL",5.68637445893527e-05,4.2451645445586,"AdultMuscle_Smooth muscle cell; TS_Muscle_mesenchymal stem cell","Smooth muscle cell; mesenchymal stem cell","Smooth muscle cell; Mesenchymal stem cell"
"Upregulated","Adult","PHLDB2",5.68637445893527e-05,4.2451645445586,"AdultMuscle_Smooth muscle cell; TS_Muscle_mesenchymal stem cell","Smooth muscle cell; mesenchymal stem cell","Smooth muscle cell; Mesenchymal stem cell"
"Upregulated","Adult","PI16",5.68637445893527e-05,4.2451645445586,"AdultMuscle_Smooth muscle cell; TS_Muscle_mesenchymal stem cell","Smooth muscle cell; mesenchymal stem cell","Smooth muscle cell; Mesenchymal stem cell"
"Upregulated","Adult","PPL",5.68637445893527e-05,4.2451645445586,"AdultMuscle_Smooth muscle cell; TS_Muscle_mesenchymal stem cell","Smooth muscle cell; mesenchymal stem cell","Smooth muscle cell; Mesenchymal stem cell"
"Upregulated","Adult","SCARA3",5.68637445893527e-05,4.2451645445586,"AdultMuscle_Smooth muscle cell; TS_Muscle_endothelial cell of lymphatic vessel","Smooth muscle cell; endothelial cell of lymphatic vessel","Smooth muscle cell; Endothelial cell"
"Upregulated","Adult","SYNE2",5.68637445893527e-05,4.2451645445586,"AdultMuscle_Smooth muscle cell","Smooth muscle cell","Smooth muscle cell"
"Upregulated","Adult","SYTL2",5.68637445893527e-05,4.2451645445586,"AdultMuscle_Smooth muscle cell","Smooth muscle cell","Smooth muscle cell"
"Upregulated","Adult","TGFBR2",5.68637445893527e-05,4.2451645445586,"AdultMuscle_Smooth muscle cell; TS_Muscle_mesenchymal stem cell","Smooth muscle cell; mesenchymal stem cell","Smooth muscle cell; Mesenchymal stem cell"
"Upregulated","Adult","TLN2",5.68637445893527e-05,4.2451645445586,"AdultMuscle_Smooth muscle cell; TS_Muscle_mesenchymal stem cell","Smooth muscle cell; mesenchymal stem cell","Smooth muscle cell; Mesenchymal stem cell"
"Upregulated","Adult","TMEM47",5.68637445893527e-05,4.2451645445586,"AdultMuscle_Smooth muscle cell","Smooth muscle cell","Smooth muscle cell"
"Upregulated","Adult","VIT",5.68637445893527e-05,4.2451645445586,"AdultMuscle_Smooth muscle cell; TS_Muscle_mesenchymal stem cell","Smooth muscle cell; mesenchymal stem cell","Smooth muscle cell; Mesenchymal stem cell"
"Upregulated","Adult","VWF",5.68637445893527e-05,4.2451645445586,"AdultMuscle_Smooth muscle cell; TS_Muscle_endothelial cell of lymphatic vessel","Smooth muscle cell; endothelial cell of lymphatic vessel","Smooth muscle cell; Endothelial cell"
"Upregulated","Adult","ABCA6",0.00745609324313457,2.12748866949452,"TS_Muscle_mesenchymal stem cell","mesenchymal stem cell","Mesenchymal stem cell"
"Upregulated","Adult","ACSM3",0.00745609324313457,2.12748866949452,"TS_Muscle_mesenchymal stem cell","mesenchymal stem cell","Mesenchymal stem cell"
"Upregulated","Adult","AFF3",0.00745609324313457,2.12748866949452,"TS_Muscle_mesenchymal stem cell","mesenchymal stem cell","Mesenchymal stem cell"
"Upregulated","Adult","APOL3",0.00745609324313457,2.12748866949452,"TS_Muscle_mesenchymal stem cell","mesenchymal stem cell","Mesenchymal stem cell"
"Upregulated","Adult","APOL4",0.00745609324313457,2.12748866949452,"TS_Muscle_mesenchymal stem cell","mesenchymal stem cell","Mesenchymal stem cell"
"Upregulated","Adult","APPL2",0.00745609324313457,2.12748866949452,"TS_Muscle_mesenchymal stem cell","mesenchymal stem cell","Mesenchymal stem cell"
"Upregulated","Adult","ASAP2",0.00745609324313457,2.12748866949452,"TS_Muscle_mesenchymal stem cell","mesenchymal stem cell","Mesenchymal stem cell"
"Upregulated","Adult","B4GALT1",0.00745609324313457,2.12748866949452,"TS_Muscle_mesenchymal stem cell","mesenchymal stem cell","Mesenchymal stem cell"
"Upregulated","Adult","CDH11",0.00745609324313457,2.12748866949452,"TS_Muscle_mesenchymal stem cell","mesenchymal stem cell","Mesenchymal stem cell"
"Upregulated","Adult","CNTFR",0.00745609324313457,2.12748866949452,"TS_Muscle_mesenchymal stem cell","mesenchymal stem cell","Mesenchymal stem cell"
"Upregulated","Adult","COL6A6",0.00745609324313457,2.12748866949452,"TS_Muscle_mesenchymal stem cell","mesenchymal stem cell","Mesenchymal stem cell"
"Upregulated","Adult","FAM171B",0.00745609324313457,2.12748866949452,"TS_Muscle_mesenchymal stem cell; TS_Muscle_endothelial cell of lymphatic vessel","mesenchymal stem cell; endothelial cell of lymphatic vessel","Mesenchymal stem cell; Endothelial cell"
"Upregulated","Adult","FBXL20",0.00745609324313457,2.12748866949452,"TS_Muscle_mesenchymal stem cell","mesenchymal stem cell","Mesenchymal stem cell"
"Upregulated","Adult","FNDC1",0.00745609324313457,2.12748866949452,"TS_Muscle_mesenchymal stem cell","mesenchymal stem cell","Mesenchymal stem cell"
"Upregulated","Adult","GALNT15",0.00745609324313457,2.12748866949452,"TS_Muscle_mesenchymal stem cell","mesenchymal stem cell","Mesenchymal stem cell"
"Upregulated","Adult","GPX8",0.00745609324313457,2.12748866949452,"TS_Muscle_mesenchymal stem cell","mesenchymal stem cell","Mesenchymal stem cell"
"Upregulated","Adult","IFI16",0.00745609324313457,2.12748866949452,"TS_Muscle_mesenchymal stem cell","mesenchymal stem cell","Mesenchymal stem cell"
"Upregulated","Adult","IKZF4",0.00745609324313457,2.12748866949452,"TS_Muscle_mesenchymal stem cell","mesenchymal stem cell","Mesenchymal stem cell"
"Upregulated","Adult","KCNA2",0.00745609324313457,2.12748866949452,"TS_Muscle_mesenchymal stem cell","mesenchymal stem cell","Mesenchymal stem cell"
"Upregulated","Adult","NUMBL",0.00745609324313457,2.12748866949452,"TS_Muscle_mesenchymal stem cell","mesenchymal stem cell","Mesenchymal stem cell"
"Upregulated","Adult","PKD1",0.00745609324313457,2.12748866949452,"TS_Muscle_mesenchymal stem cell","mesenchymal stem cell","Mesenchymal stem cell"
"Upregulated","Adult","PTPN13",0.00745609324313457,2.12748866949452,"TS_Muscle_mesenchymal stem cell","mesenchymal stem cell","Mesenchymal stem cell"
"Upregulated","Adult","RGS2",0.00745609324313457,2.12748866949452,"TS_Muscle_mesenchymal stem cell; AdultMuscle_Dendritic cell","mesenchymal stem cell; Dendritic cell","Mesenchymal stem cell; Dendritic cell"
"Upregulated","Adult","RNF24",0.00745609324313457,2.12748866949452,"TS_Muscle_mesenchymal stem cell","mesenchymal stem cell","Mesenchymal stem cell"
"Upregulated","Adult","SAMHD1",0.00745609324313457,2.12748866949452,"TS_Muscle_mesenchymal stem cell; AdultMuscle_Dendritic cell; AdultMuscle_Macrophage","mesenchymal stem cell; Dendritic cell; Macrophage","Mesenchymal stem cell; Dendritic cell; Macrophage"
"Upregulated","Adult","SDK1",0.00745609324313457,2.12748866949452,"TS_Muscle_mesenchymal stem cell","mesenchymal stem cell","Mesenchymal stem cell"
"Upregulated","Adult","SLC43A3",0.00745609324313457,2.12748866949452,"TS_Muscle_mesenchymal stem cell","mesenchymal stem cell","Mesenchymal stem cell"
"Upregulated","Adult","SUSD1",0.00745609324313457,2.12748866949452,"TS_Muscle_mesenchymal stem cell","mesenchymal stem cell","Mesenchymal stem cell"
"Upregulated","Adult","SYNE3",0.00745609324313457,2.12748866949452,"TS_Muscle_mesenchymal stem cell","mesenchymal stem cell","Mesenchymal stem cell"
"Upregulated","Adult","TBC1D2B",0.00745609324313457,2.12748866949452,"TS_Muscle_mesenchymal stem cell","mesenchymal stem cell","Mesenchymal stem cell"
"Upregulated","Adult","TBC1D4",0.00745609324313457,2.12748866949452,"TS_Muscle_mesenchymal stem cell","mesenchymal stem cell","Mesenchymal stem cell"
"Upregulated","Adult","TNFSF10",0.00745609324313457,2.12748866949452,"TS_Muscle_mesenchymal stem cell","mesenchymal stem cell","Mesenchymal stem cell"
"Upregulated","Adult","ZNF217",0.00745609324313457,2.12748866949452,"TS_Muscle_mesenchymal stem cell","mesenchymal stem cell","Mesenchymal stem cell"
"Upregulated","Adult","AMN1",0.0147386139970601,1.83154335512896,"TS_Muscle_endothelial cell of lymphatic vessel","endothelial cell of lymphatic vessel","Endothelial cell"
"Upregulated","Adult","ANKS1A",0.0147386139970601,1.83154335512896,"TS_Muscle_endothelial cell of lymphatic vessel","endothelial cell of lymphatic vessel","Endothelial cell"
"Upregulated","Adult","CASP12",0.0147386139970601,1.83154335512896,"TS_Muscle_endothelial cell of lymphatic vessel","endothelial cell of lymphatic vessel","Endothelial cell"
"Upregulated","Adult","CCDC149",0.0147386139970601,1.83154335512896,"TS_Muscle_endothelial cell of lymphatic vessel","endothelial cell of lymphatic vessel","Endothelial cell"
"Upregulated","Adult","CLEC4M",0.0147386139970601,1.83154335512896,"TS_Muscle_endothelial cell of lymphatic vessel","endothelial cell of lymphatic vessel","Endothelial cell"
"Upregulated","Adult","GPM6A",0.0147386139970601,1.83154335512896,"TS_Muscle_endothelial cell of lymphatic vessel","endothelial cell of lymphatic vessel","Endothelial cell"
"Upregulated","Adult","GREM2",0.0147386139970601,1.83154335512896,"TS_Muscle_endothelial cell of lymphatic vessel","endothelial cell of lymphatic vessel","Endothelial cell"
"Upregulated","Adult","HID1",0.0147386139970601,1.83154335512896,"TS_Muscle_endothelial cell of lymphatic vessel","endothelial cell of lymphatic vessel","Endothelial cell"
"Upregulated","Adult","ITGB4",0.0147386139970601,1.83154335512896,"TS_Muscle_endothelial cell of lymphatic vessel","endothelial cell of lymphatic vessel","Endothelial cell"
"Upregulated","Adult","ITGB8",0.0147386139970601,1.83154335512896,"TS_Muscle_endothelial cell of lymphatic vessel; AdultMuscle_Macrophage","endothelial cell of lymphatic vessel; Macrophage","Endothelial cell; Macrophage"
"Upregulated","Adult","KMT2E",0.0147386139970601,1.83154335512896,"TS_Muscle_endothelial cell of lymphatic vessel","endothelial cell of lymphatic vessel","Endothelial cell"
"Upregulated","Adult","MMRN1",0.0147386139970601,1.83154335512896,"TS_Muscle_endothelial cell of lymphatic vessel","endothelial cell of lymphatic vessel","Endothelial cell"
"Upregulated","Adult","MRC1",0.0147386139970601,1.83154335512896,"TS_Muscle_endothelial cell of lymphatic vessel; AdultMuscle_Dendritic cell; AdultMuscle_Macrophage","endothelial cell of lymphatic vessel; Dendritic cell; Macrophage","Endothelial cell; Dendritic cell; Macrophage"
"Upregulated","Adult","NOTCH1",0.0147386139970601,1.83154335512896,"TS_Muscle_endothelial cell of lymphatic vessel","endothelial cell of lymphatic vessel","Endothelial cell"
"Upregulated","Adult","ODF2L",0.0147386139970601,1.83154335512896,"TS_Muscle_endothelial cell of lymphatic vessel","endothelial cell of lymphatic vessel","Endothelial cell"
"Upregulated","Adult","RELN",0.0147386139970601,1.83154335512896,"TS_Muscle_endothelial cell of lymphatic vessel","endothelial cell of lymphatic vessel","Endothelial cell"
"Upregulated","Adult","SOCS2",0.0147386139970601,1.83154335512896,"TS_Muscle_endothelial cell of lymphatic vessel","endothelial cell of lymphatic vessel","Endothelial cell"
"Upregulated","Adult","ZNF235",0.0147386139970601,1.83154335512896,"TS_Muscle_endothelial cell of lymphatic vessel","endothelial cell of lymphatic vessel","Endothelial cell"
"Upregulated","Adult","AOAH",0.0248666757845053,1.60438226800465,"AdultMuscle_Dendritic cell","Dendritic cell","Dendritic cell"
"Upregulated","Adult","C1QA",0.0248666757845053,1.60438226800465,"AdultMuscle_Dendritic cell; AdultMuscle_Macrophage","Dendritic cell; Macrophage","Dendritic cell; Macrophage"
"Upregulated","Adult","C1QC",0.0248666757845053,1.60438226800465,"AdultMuscle_Dendritic cell; AdultMuscle_Macrophage","Dendritic cell; Macrophage","Dendritic cell; Macrophage"
"Upregulated","Adult","CCR5",0.0248666757845053,1.60438226800465,"AdultMuscle_Dendritic cell","Dendritic cell","Dendritic cell"
"Upregulated","Adult","CD14",0.0248666757845053,1.60438226800465,"AdultMuscle_Dendritic cell; AdultMuscle_Macrophage","Dendritic cell; Macrophage","Dendritic cell; Macrophage"
"Upregulated","Adult","CD163",0.0248666757845053,1.60438226800465,"AdultMuscle_Dendritic cell; AdultMuscle_Macrophage","Dendritic cell; Macrophage","Dendritic cell; Macrophage"
"Upregulated","Adult","CLEC10A",0.0248666757845053,1.60438226800465,"AdultMuscle_Dendritic cell","Dendritic cell","Dendritic cell"
"Upregulated","Adult","CSF1R",0.0248666757845053,1.60438226800465,"AdultMuscle_Dendritic cell; AdultMuscle_Macrophage","Dendritic cell; Macrophage","Dendritic cell; Macrophage"
"Upregulated","Adult","CSF3R",0.0248666757845053,1.60438226800465,"AdultMuscle_Dendritic cell; AdultMuscle_Macrophage","Dendritic cell; Macrophage","Dendritic cell; Macrophage"
"Upregulated","Adult","F13A1",0.0248666757845053,1.60438226800465,"AdultMuscle_Dendritic cell; AdultMuscle_Macrophage","Dendritic cell; Macrophage","Dendritic cell; Macrophage"
"Upregulated","Adult","FCGR2A",0.0248666757845053,1.60438226800465,"AdultMuscle_Dendritic cell","Dendritic cell","Dendritic cell"
"Upregulated","Adult","FCN1",0.0248666757845053,1.60438226800465,"AdultMuscle_Dendritic cell","Dendritic cell","Dendritic cell"
"Upregulated","Adult","HBEGF",0.0248666757845053,1.60438226800465,"AdultMuscle_Dendritic cell","Dendritic cell","Dendritic cell"
"Upregulated","Adult","LAIR1",0.0248666757845053,1.60438226800465,"AdultMuscle_Dendritic cell; AdultMuscle_Macrophage","Dendritic cell; Macrophage","Dendritic cell; Macrophage"
"Upregulated","Adult","MMP9",0.0248666757845053,1.60438226800465,"AdultMuscle_Dendritic cell; AdultMuscle_Macrophage","Dendritic cell; Macrophage","Dendritic cell; Macrophage"
"Upregulated","Adult","MNDA",0.0248666757845053,1.60438226800465,"AdultMuscle_Dendritic cell","Dendritic cell","Dendritic cell"
"Upregulated","Adult","PHACTR1",0.0248666757845053,1.60438226800465,"AdultMuscle_Dendritic cell","Dendritic cell","Dendritic cell"
"Upregulated","Adult","RASSF2",0.0248666757845053,1.60438226800465,"AdultMuscle_Dendritic cell","Dendritic cell","Dendritic cell"
"Upregulated","Adult","S100A9",0.0248666757845053,1.60438226800465,"AdultMuscle_Dendritic cell; AdultMuscle_Macrophage","Dendritic cell; Macrophage","Dendritic cell; Macrophage"
"Upregulated","Adult","SIGLEC1",0.0248666757845053,1.60438226800465,"AdultMuscle_Dendritic cell; AdultMuscle_Macrophage","Dendritic cell; Macrophage","Dendritic cell; Macrophage"
"Upregulated","Adult","STAB1",0.0248666757845053,1.60438226800465,"AdultMuscle_Dendritic cell; AdultMuscle_Macrophage","Dendritic cell; Macrophage","Dendritic cell; Macrophage"
"Upregulated","Adult","TGFBI",0.0248666757845053,1.60438226800465,"AdultMuscle_Dendritic cell; AdultMuscle_Macrophage","Dendritic cell; Macrophage","Dendritic cell; Macrophage"
"Upregulated","Adult","BUB1B",0.026955245519626,1.56935670808194,"AdultMuscle_Macrophage","Macrophage","Macrophage"
"Upregulated","Adult","DUS3L",0.026955245519626,1.56935670808194,"AdultMuscle_Macrophage","Macrophage","Macrophage"
"Upregulated","Adult","HLA-A",0.026955245519626,1.56935670808194,"AdultMuscle_Macrophage","Macrophage","Macrophage"
"Upregulated","Adult","TLR8",0.026955245519626,1.56935670808194,"AdultMuscle_Macrophage","Macrophage","Macrophage"
"Upregulated","Adult","TMPO",0.026955245519626,1.56935670808194,"AdultMuscle_Macrophage","Macrophage","Macrophage"
"Upregulated","Fetal","ABCA6",0.00015657134123014,3.80528772813135,"Fetal_HCA_Muscle_Stromal cells; FetalMuscle_Fetal stromal cell","Stromal cells; Fetal stromal cell","Stromal cell"
"Upregulated","Fetal","ABCA9",0.00015657134123014,3.80528772813135,"Fetal_HCA_Muscle_Stromal cells; FetalMuscle_Fetal stromal cell","Stromal cells; Fetal stromal cell","Stromal cell"
"Upregulated","Fetal","ADAMTSL3",0.00015657134123014,3.80528772813135,"Fetal_HCA_Muscle_Stromal cells; FetalMuscle_Fetal stromal cell","Stromal cells; Fetal stromal cell","Stromal cell"
"Upregulated","Fetal","B4GALT1",0.00015657134123014,3.80528772813135,"Fetal_HCA_Muscle_Stromal cells; FetalMuscle_Fetal stromal cell","Stromal cells; Fetal stromal cell","Stromal cell"
"Upregulated","Fetal","BGN",0.00015657134123014,3.80528772813135,"Fetal_HCA_Muscle_Stromal cells; Fetal_HCA_Muscle_Smooth muscle cells","Stromal cells; Smooth muscle cells","Stromal cell; Smooth muscle cell"
"Upregulated","Fetal","CDH11",0.00015657134123014,3.80528772813135,"Fetal_HCA_Muscle_Stromal cells; FetalMuscle_Fetal stromal cell; Fetal_HCA_Muscle_Smooth muscle cells","Stromal cells; Fetal stromal cell; Smooth muscle cells","Stromal cell; Smooth muscle cell"
"Upregulated","Fetal","CLEC11A",0.00015657134123014,3.80528772813135,"Fetal_HCA_Muscle_Stromal cells","Stromal cells","Stromal cell"
"Upregulated","Fetal","CLEC3B",0.00015657134123014,3.80528772813135,"Fetal_HCA_Muscle_Stromal cells; Fetal_HCA_Muscle_Vascular endothelial cells","Stromal cells; Vascular endothelial cells","Stromal cell; Endothelial cell"
"Upregulated","Fetal","CNTFR",0.00015657134123014,3.80528772813135,"Fetal_HCA_Muscle_Stromal cells; FetalMuscle_Fetal stromal cell","Stromal cells; Fetal stromal cell","Stromal cell"
"Upregulated","Fetal","COL14A1",0.00015657134123014,3.80528772813135,"Fetal_HCA_Muscle_Stromal cells; FetalMuscle_Fetal stromal cell; Fetal_HCA_Muscle_Schwann cells","Stromal cells; Fetal stromal cell; Schwann cells","Stromal cell; Schwann cell"
"Upregulated","Fetal","COL6A6",0.00015657134123014,3.80528772813135,"Fetal_HCA_Muscle_Stromal cells; FetalMuscle_Fetal stromal cell","Stromal cells; Fetal stromal cell","Stromal cell"
"Upregulated","Fetal","ECM2",0.00015657134123014,3.80528772813135,"Fetal_HCA_Muscle_Stromal cells; Fetal_HCA_Muscle_Smooth muscle cells","Stromal cells; Smooth muscle cells","Stromal cell; Smooth muscle cell"
"Upregulated","Fetal","FAM171B",0.00015657134123014,3.80528772813135,"Fetal_HCA_Muscle_Stromal cells; FetalMuscle_Fetal stromal cell","Stromal cells; Fetal stromal cell","Stromal cell"
"Upregulated","Fetal","FNDC1",0.00015657134123014,3.80528772813135,"Fetal_HCA_Muscle_Stromal cells; FetalMuscle_Fetal stromal cell","Stromal cells; Fetal stromal cell","Stromal cell"
"Upregulated","Fetal","GALNT16",0.00015657134123014,3.80528772813135,"Fetal_HCA_Muscle_Stromal cells; FetalMuscle_Fetal stromal cell","Stromal cells; Fetal stromal cell","Stromal cell"
"Upregulated","Fetal","GJA1",0.00015657134123014,3.80528772813135,"Fetal_HCA_Muscle_Stromal cells; FetalMuscle_Fetal stromal cell; FetalMuscle_Endothelial cell","Stromal cells; Fetal stromal cell; Endothelial cell","Stromal cell; Endothelial cell"
"Upregulated","Fetal","GPC3",0.00015657134123014,3.80528772813135,"Fetal_HCA_Muscle_Stromal cells; FetalMuscle_Fetal stromal cell","Stromal cells; Fetal stromal cell","Stromal cell"
"Upregulated","Fetal","GPX8",0.00015657134123014,3.80528772813135,"Fetal_HCA_Muscle_Stromal cells; FetalMuscle_Fetal stromal cell","Stromal cells; Fetal stromal cell","Stromal cell"
"Upregulated","Fetal","GULP1",0.00015657134123014,3.80528772813135,"Fetal_HCA_Muscle_Stromal cells; Fetal_HCA_Muscle_Vascular endothelial cells; Fetal_HCA_Muscle_Schwann cells","Stromal cells; Vascular endothelial cells; Schwann cells","Stromal cell; Endothelial cell; Schwann cell"
"Upregulated","Fetal","INHBA",0.00015657134123014,3.80528772813135,"Fetal_HCA_Muscle_Stromal cells; FetalMuscle_Fetal stromal cell; Fetal_HCA_Muscle_Smooth muscle cells","Stromal cells; Fetal stromal cell; Smooth muscle cells","Stromal cell; Smooth muscle cell"
"Upregulated","Fetal","LEPR",0.00015657134123014,3.80528772813135,"Fetal_HCA_Muscle_Stromal cells","Stromal cells","Stromal cell"
"Upregulated","Fetal","LTBP4",0.00015657134123014,3.80528772813135,"Fetal_HCA_Muscle_Stromal cells; FetalMuscle_Fetal stromal cell","Stromal cells; Fetal stromal cell","Stromal cell"
"Upregulated","Fetal","MMP2",0.00015657134123014,3.80528772813135,"Fetal_HCA_Muscle_Stromal cells; FetalMuscle_Fetal stromal cell","Stromal cells; Fetal stromal cell","Stromal cell"
"Upregulated","Fetal","MYOF",0.00015657134123014,3.80528772813135,"Fetal_HCA_Muscle_Stromal cells; FetalMuscle_Fetal stromal cell; Fetal_HCA_Muscle_Smooth muscle cells","Stromal cells; Fetal stromal cell; Smooth muscle cells","Stromal cell; Smooth muscle cell"
"Upregulated","Fetal","OGN",0.00015657134123014,3.80528772813135,"Fetal_HCA_Muscle_Stromal cells; FetalMuscle_Fetal stromal cell","Stromal cells; Fetal stromal cell","Stromal cell"
"Upregulated","Fetal","PDGFRL",0.00015657134123014,3.80528772813135,"Fetal_HCA_Muscle_Stromal cells; FetalMuscle_Fetal stromal cell","Stromal cells; Fetal stromal cell","Stromal cell"
"Upregulated","Fetal","PHACTR1",0.00015657134123014,3.80528772813135,"Fetal_HCA_Muscle_Stromal cells","Stromal cells","Stromal cell"
"Upregulated","Fetal","PI16",0.00015657134123014,3.80528772813135,"Fetal_HCA_Muscle_Stromal cells","Stromal cells","Stromal cell"
"Upregulated","Fetal","PLP1",0.00015657134123014,3.80528772813135,"Fetal_HCA_Muscle_Stromal cells; FetalMuscle_Fetal stromal cell; Fetal_HCA_Muscle_Schwann cells","Stromal cells; Fetal stromal cell; Schwann cells","Stromal cell; Schwann cell"
"Upregulated","Fetal","RNF24",0.00015657134123014,3.80528772813135,"Fetal_HCA_Muscle_Stromal cells; FetalMuscle_Fetal stromal cell; Fetal_HCA_Muscle_Smooth muscle cells","Stromal cells; Fetal stromal cell; Smooth muscle cells","Stromal cell; Smooth muscle cell"
"Upregulated","Fetal","SCARA3",0.00015657134123014,3.80528772813135,"Fetal_HCA_Muscle_Stromal cells; FetalMuscle_Fetal stromal cell","Stromal cells; Fetal stromal cell","Stromal cell"
"Upregulated","Fetal","SLC6A2",0.00015657134123014,3.80528772813135,"Fetal_HCA_Muscle_Stromal cells","Stromal cells","Stromal cell"
"Upregulated","Fetal","TBC1D2B",0.00015657134123014,3.80528772813135,"Fetal_HCA_Muscle_Stromal cells","Stromal cells","Stromal cell"
"Upregulated","Fetal","TGFBI",0.00015657134123014,3.80528772813135,"Fetal_HCA_Muscle_Stromal cells; FetalMuscle_Fetal stromal cell; Fetal_HCA_Muscle_Smooth muscle cells","Stromal cells; Fetal stromal cell; Smooth muscle cells","Stromal cell; Smooth muscle cell"
"Upregulated","Fetal","TGFBR2",0.00015657134123014,3.80528772813135,"Fetal_HCA_Muscle_Stromal cells; FetalMuscle_Fetal stromal cell; Fetal_HCA_Muscle_Vascular endothelial cells; Fetal_HCA_Muscle_Schwann cells; FetalMuscle_Endothelial cell","Stromal cells; Fetal stromal cell; Vascular endothelial cells; Schwann cells; Endothelial cell","Stromal cell; Endothelial cell; Schwann cell"
"Upregulated","Fetal","TMEFF2",0.00015657134123014,3.80528772813135,"Fetal_HCA_Muscle_Stromal cells; FetalMuscle_Fetal stromal cell","Stromal cells; Fetal stromal cell","Stromal cell"
"Upregulated","Fetal","VIT",0.00015657134123014,3.80528772813135,"Fetal_HCA_Muscle_Stromal cells","Stromal cells","Stromal cell"
"Upregulated","Fetal","AFF3",0.00340505174133032,2.46787628439627,"Fetal_HCA_Muscle_Myeloid cells; Fetal_HCA_Muscle_Lymphoid cells; Fetal_HCA_Muscle_Smooth muscle cells","Myeloid cells; Lymphoid cells; Smooth muscle cells","Myeloid cell; Innate lymphoid cell; Smooth muscle cell"
"Upregulated","Fetal","AOAH",0.00340505174133032,2.46787628439627,"Fetal_HCA_Muscle_Myeloid cells; FetalMuscle_Macrophage; Fetal_HCA_Muscle_Lymphoid cells","Myeloid cells; Macrophage; Lymphoid cells","Myeloid cell; Macrophage; Innate lymphoid cell"
"Upregulated","Fetal","APPL2",0.00340505174133032,2.46787628439627,"Fetal_HCA_Muscle_Myeloid cells","Myeloid cells","Myeloid cell"
"Upregulated","Fetal","C1QA",0.00340505174133032,2.46787628439627,"Fetal_HCA_Muscle_Myeloid cells; FetalMuscle_Macrophage","Myeloid cells; Macrophage","Myeloid cell; Macrophage"
"Upregulated","Fetal","C1QC",0.00340505174133032,2.46787628439627,"Fetal_HCA_Muscle_Myeloid cells; FetalMuscle_Macrophage","Myeloid cells; Macrophage","Myeloid cell; Macrophage"
"Upregulated","Fetal","CD14",0.00340505174133032,2.46787628439627,"Fetal_HCA_Muscle_Myeloid cells; FetalMuscle_Macrophage","Myeloid cells; Macrophage","Myeloid cell; Macrophage"
"Upregulated","Fetal","CD163",0.00340505174133032,2.46787628439627,"Fetal_HCA_Muscle_Myeloid cells; FetalMuscle_Macrophage","Myeloid cells; Macrophage","Myeloid cell; Macrophage"
"Upregulated","Fetal","CDC14A",0.00340505174133032,2.46787628439627,"Fetal_HCA_Muscle_Myeloid cells; Fetal_HCA_Muscle_Lymphoid cells","Myeloid cells; Lymphoid cells","Myeloid cell; Innate lymphoid cell"
"Upregulated","Fetal","CSF1R",0.00340505174133032,2.46787628439627,"Fetal_HCA_Muscle_Myeloid cells; FetalMuscle_Macrophage","Myeloid cells; Macrophage","Myeloid cell; Macrophage"
"Upregulated","Fetal","CSF3R",0.00340505174133032,2.46787628439627,"Fetal_HCA_Muscle_Myeloid cells; FetalMuscle_Macrophage","Myeloid cells; Macrophage","Myeloid cell; Macrophage"
"Upregulated","Fetal","CX3CR1",0.00340505174133032,2.46787628439627,"Fetal_HCA_Muscle_Myeloid cells; FetalMuscle_Macrophage; Fetal_HCA_Muscle_Lymphoid cells","Myeloid cells; Macrophage; Lymphoid cells","Myeloid cell; Macrophage; Innate lymphoid cell"
"Upregulated","Fetal","F13A1",0.00340505174133032,2.46787628439627,"Fetal_HCA_Muscle_Myeloid cells; FetalMuscle_Macrophage","Myeloid cells; Macrophage","Myeloid cell; Macrophage"
"Upregulated","Fetal","FNBP1",0.00340505174133032,2.46787628439627,"Fetal_HCA_Muscle_Myeloid cells; Fetal_HCA_Muscle_Lymphoid cells; Fetal_HCA_Muscle_Smooth muscle cells","Myeloid cells; Lymphoid cells; Smooth muscle cells","Myeloid cell; Innate lymphoid cell; Smooth muscle cell"
"Upregulated","Fetal","IFI16",0.00340505174133032,2.46787628439627,"Fetal_HCA_Muscle_Myeloid cells; Fetal_HCA_Muscle_Vascular endothelial cells; FetalMuscle_Macrophage; Fetal_HCA_Muscle_Lymphoid cells; Fetal_HCA_Muscle_Smooth muscle cells; FetalMuscle_Endothelial cell","Myeloid cells; Vascular endothelial cells; Macrophage; Lymphoid cells; Smooth muscle cells; Endothelial cell","Myeloid cell; Endothelial cell; Macrophage; Innate lymphoid cell; Smooth muscle cell"
"Upregulated","Fetal","JAK3",0.00340505174133032,2.46787628439627,"Fetal_HCA_Muscle_Myeloid cells; FetalMuscle_Macrophage; Fetal_HCA_Muscle_Lymphoid cells","Myeloid cells; Macrophage; Lymphoid cells","Myeloid cell; Macrophage; Innate lymphoid cell"
"Upregulated","Fetal","KCNAB1",0.00340505174133032,2.46787628439627,"Fetal_HCA_Muscle_Myeloid cells; Fetal_HCA_Muscle_Smooth muscle cells","Myeloid cells; Smooth muscle cells","Myeloid cell; Smooth muscle cell"
"Upregulated","Fetal","LAIR1",0.00340505174133032,2.46787628439627,"Fetal_HCA_Muscle_Myeloid cells; FetalMuscle_Macrophage","Myeloid cells; Macrophage","Myeloid cell; Macrophage"
"Upregulated","Fetal","LOXL3",0.00340505174133032,2.46787628439627,"Fetal_HCA_Muscle_Myeloid cells; Fetal_HCA_Muscle_Schwann cells","Myeloid cells; Schwann cells","Myeloid cell; Schwann cell"
"Upregulated","Fetal","MAML3",0.00340505174133032,2.46787628439627,"Fetal_HCA_Muscle_Myeloid cells; Fetal_HCA_Muscle_Vascular endothelial cells; Fetal_HCA_Muscle_Schwann cells","Myeloid cells; Vascular endothelial cells; Schwann cells","Myeloid cell; Endothelial cell; Schwann cell"
"Upregulated","Fetal","P2RX7",0.00340505174133032,2.46787628439627,"Fetal_HCA_Muscle_Myeloid cells; FetalMuscle_Macrophage; Fetal_HCA_Muscle_Schwann cells","Myeloid cells; Macrophage; Schwann cells","Myeloid cell; Macrophage; Schwann cell"
"Upregulated","Fetal","RNF213",0.00340505174133032,2.46787628439627,"Fetal_HCA_Muscle_Myeloid cells; Fetal_HCA_Muscle_Lymphoid cells","Myeloid cells; Lymphoid cells","Myeloid cell; Innate lymphoid cell"
"Upregulated","Fetal","SAMHD1",0.00340505174133032,2.46787628439627,"Fetal_HCA_Muscle_Myeloid cells; FetalMuscle_Macrophage; Fetal_HCA_Muscle_Lymphoid cells; Fetal_HCA_Muscle_Schwann cells","Myeloid cells; Macrophage; Lymphoid cells; Schwann cells","Myeloid cell; Macrophage; Innate lymphoid cell; Schwann cell"
"Upregulated","Fetal","SIGLEC1",0.00340505174133032,2.46787628439627,"Fetal_HCA_Muscle_Myeloid cells; FetalMuscle_Macrophage","Myeloid cells; Macrophage","Myeloid cell; Macrophage"
"Upregulated","Fetal","STAB1",0.00340505174133032,2.46787628439627,"Fetal_HCA_Muscle_Myeloid cells; FetalMuscle_Macrophage","Myeloid cells; Macrophage","Myeloid cell; Macrophage"
"Upregulated","Fetal","SUSD1",0.00340505174133032,2.46787628439627,"Fetal_HCA_Muscle_Myeloid cells","Myeloid cells","Myeloid cell"
"Upregulated","Fetal","ABI3BP",0.00531564199140089,2.27444427648679,"FetalMuscle_Fetal stromal cell","Fetal stromal cell","Stromal cell"
"Upregulated","Fetal","NUMBL",0.00531564199140089,2.27444427648679,"FetalMuscle_Fetal stromal cell","Fetal stromal cell","Stromal cell"
"Upregulated","Fetal","PENK",0.00531564199140089,2.27444427648679,"FetalMuscle_Fetal stromal cell","Fetal stromal cell","Stromal cell"
"Upregulated","Fetal","ACE",0.010482729780557,1.97952560912146,"Fetal_HCA_Muscle_Vascular endothelial cells; FetalMuscle_Endothelial cell","Vascular endothelial cells; Endothelial cell","Endothelial cell"
"Upregulated","Fetal","APOL3",0.010482729780557,1.97952560912146,"Fetal_HCA_Muscle_Vascular endothelial cells; Fetal_HCA_Muscle_Lymphoid cells; FetalMuscle_Endothelial cell","Vascular endothelial cells; Lymphoid cells; Endothelial cell","Endothelial cell; Innate lymphoid cell"
"Upregulated","Fetal","ASAP2",0.010482729780557,1.97952560912146,"Fetal_HCA_Muscle_Vascular endothelial cells; Fetal_HCA_Muscle_Smooth muscle cells","Vascular endothelial cells; Smooth muscle cells","Endothelial cell; Smooth muscle cell"
"Upregulated","Fetal","GALNT15",0.010482729780557,1.97952560912146,"Fetal_HCA_Muscle_Vascular endothelial cells","Vascular endothelial cells","Endothelial cell"
"Upregulated","Fetal","HID1",0.010482729780557,1.97952560912146,"Fetal_HCA_Muscle_Vascular endothelial cells; FetalMuscle_Endothelial cell","Vascular endothelial cells; Endothelial cell","Endothelial cell"
"Upregulated","Fetal","HLA-A",0.010482729780557,1.97952560912146,"Fetal_HCA_Muscle_Vascular endothelial cells; Fetal_HCA_Muscle_Lymphoid cells; FetalMuscle_Endothelial cell","Vascular endothelial cells; Lymphoid cells; Endothelial cell","Endothelial cell; Innate lymphoid cell"
"Upregulated","Fetal","ITGA2",0.010482729780557,1.97952560912146,"Fetal_HCA_Muscle_Vascular endothelial cells; Fetal_HCA_Muscle_Schwann cells; FetalMuscle_Endothelial cell","Vascular endothelial cells; Schwann cells; Endothelial cell","Endothelial cell; Schwann cell"
"Upregulated","Fetal","ITGB4",0.010482729780557,1.97952560912146,"Fetal_HCA_Muscle_Vascular endothelial cells; Fetal_HCA_Muscle_Schwann cells","Vascular endothelial cells; Schwann cells","Endothelial cell; Schwann cell"
"Upregulated","Fetal","MMRN1",0.010482729780557,1.97952560912146,"Fetal_HCA_Muscle_Vascular endothelial cells; FetalMuscle_Endothelial cell","Vascular endothelial cells; Endothelial cell","Endothelial cell"
"Upregulated","Fetal","NOTCH1",0.010482729780557,1.97952560912146,"Fetal_HCA_Muscle_Vascular endothelial cells; Fetal_HCA_Muscle_Smooth muscle cells; FetalMuscle_Endothelial cell","Vascular endothelial cells; Smooth muscle cells; Endothelial cell","Endothelial cell; Smooth muscle cell"
"Upregulated","Fetal","PRKD2",0.010482729780557,1.97952560912146,"Fetal_HCA_Muscle_Vascular endothelial cells; Fetal_HCA_Muscle_Lymphoid cells; FetalMuscle_Endothelial cell","Vascular endothelial cells; Lymphoid cells; Endothelial cell","Endothelial cell; Innate lymphoid cell"
"Upregulated","Fetal","RASSF2",0.010482729780557,1.97952560912146,"Fetal_HCA_Muscle_Vascular endothelial cells; FetalMuscle_Endothelial cell","Vascular endothelial cells; Endothelial cell","Endothelial cell"
"Upregulated","Fetal","SPNS2",0.010482729780557,1.97952560912146,"Fetal_HCA_Muscle_Vascular endothelial cells; FetalMuscle_Endothelial cell","Vascular endothelial cells; Endothelial cell","Endothelial cell"
"Upregulated","Fetal","SYNE2",0.010482729780557,1.97952560912146,"Fetal_HCA_Muscle_Vascular endothelial cells","Vascular endothelial cells","Endothelial cell"
"Upregulated","Fetal","TNFSF10",0.010482729780557,1.97952560912146,"Fetal_HCA_Muscle_Vascular endothelial cells; Fetal_HCA_Muscle_Lymphoid cells; FetalMuscle_Endothelial cell","Vascular endothelial cells; Lymphoid cells; Endothelial cell","Endothelial cell; Innate lymphoid cell"
"Upregulated","Fetal","VWF",0.010482729780557,1.97952560912146,"Fetal_HCA_Muscle_Vascular endothelial cells; FetalMuscle_Endothelial cell","Vascular endothelial cells; Endothelial cell","Endothelial cell"
"Upregulated","Fetal","CLEC10A",0.0257561691141653,1.58911873200717,"FetalMuscle_Macrophage","Macrophage","Macrophage"
"Upregulated","Fetal","FCGR2A",0.0257561691141653,1.58911873200717,"FetalMuscle_Macrophage","Macrophage","Macrophage"
"Upregulated","Fetal","HBEGF",0.0257561691141653,1.58911873200717,"FetalMuscle_Macrophage; Fetal_HCA_Muscle_Schwann cells; FetalMuscle_Endothelial cell","Macrophage; Schwann cells; Endothelial cell","Macrophage; Schwann cell; Endothelial cell"
"Upregulated","Fetal","MNDA",0.0257561691141653,1.58911873200717,"FetalMuscle_Macrophage","Macrophage","Macrophage"
"Upregulated","Fetal","MRC1",0.0257561691141653,1.58911873200717,"FetalMuscle_Macrophage","Macrophage","Macrophage"
"Upregulated","Fetal","RASAL3",0.0257561691141653,1.58911873200717,"FetalMuscle_Macrophage","Macrophage","Macrophage"
"Upregulated","Fetal","RGS2",0.0257561691141653,1.58911873200717,"FetalMuscle_Macrophage","Macrophage","Macrophage"
"Upregulated","Fetal","S100A9",0.0257561691141653,1.58911873200717,"FetalMuscle_Macrophage","Macrophage","Macrophage"
"Upregulated","Fetal","UVSSA",0.0257561691141653,1.58911873200717,"FetalMuscle_Macrophage","Macrophage","Macrophage"
"Upregulated","Fetal","ZNF217",0.0257561691141653,1.58911873200717,"FetalMuscle_Macrophage; Fetal_HCA_Muscle_Lymphoid cells","Macrophage; Lymphoid cells","Macrophage; Innate lymphoid cell"
"Upregulated","Fetal","BUB1B",0.0279603447133179,1.55345747862847,"Fetal_HCA_Muscle_Lymphoid cells","Lymphoid cells","Innate lymphoid cell"
"Upregulated","Fetal","CEP152",0.0279603447133179,1.55345747862847,"Fetal_HCA_Muscle_Lymphoid cells","Lymphoid cells","Innate lymphoid cell"
"Upregulated","Fetal","GLCCI1",0.0279603447133179,1.55345747862847,"Fetal_HCA_Muscle_Lymphoid cells","Lymphoid cells","Innate lymphoid cell"
"Upregulated","Fetal","IL7R",0.0279603447133179,1.55345747862847,"Fetal_HCA_Muscle_Lymphoid cells","Lymphoid cells","Innate lymphoid cell"
"Upregulated","Fetal","KDM4C",0.0279603447133179,1.55345747862847,"Fetal_HCA_Muscle_Lymphoid cells","Lymphoid cells","Innate lymphoid cell"
"Upregulated","Fetal","PSMB8",0.0279603447133179,1.55345747862847,"Fetal_HCA_Muscle_Lymphoid cells; FetalMuscle_Endothelial cell","Lymphoid cells; Endothelial cell","Innate lymphoid cell; Endothelial cell"
"Upregulated","Fetal","TMPO",0.0279603447133179,1.55345747862847,"Fetal_HCA_Muscle_Lymphoid cells","Lymphoid cells","Innate lymphoid cell"
"Upregulated","Fetal","ITGA8",0.0285888346222193,1.54380354759601,"Fetal_HCA_Muscle_Schwann cells","Schwann cells","Schwann cell"
"Upregulated","Fetal","ITGB8",0.0285888346222193,1.54380354759601,"Fetal_HCA_Muscle_Schwann cells","Schwann cells","Schwann cell"
"Upregulated","Fetal","KMT2E",0.0285888346222193,1.54380354759601,"Fetal_HCA_Muscle_Schwann cells","Schwann cells","Schwann cell"
"Upregulated","Fetal","PCDH20",0.0285888346222193,1.54380354759601,"Fetal_HCA_Muscle_Schwann cells","Schwann cells","Schwann cell"
"Upregulated","Fetal","PLEKHA4",0.0285888346222193,1.54380354759601,"Fetal_HCA_Muscle_Schwann cells","Schwann cells","Schwann cell"
"Upregulated","Fetal","PTPN13",0.0285888346222193,1.54380354759601,"Fetal_HCA_Muscle_Schwann cells; Fetal_HCA_Muscle_Smooth muscle cells","Schwann cells; Smooth muscle cells","Schwann cell; Smooth muscle cell"
"Upregulated","Fetal","RELN",0.0285888346222193,1.54380354759601,"Fetal_HCA_Muscle_Schwann cells","Schwann cells","Schwann cell"
"Upregulated","Fetal","SDK1",0.0285888346222193,1.54380354759601,"Fetal_HCA_Muscle_Schwann cells","Schwann cells","Schwann cell"
"Upregulated","Fetal","CRISPLD2",0.038110791715719,1.41895202907626,"Fetal_HCA_Muscle_Smooth muscle cells","Smooth muscle cells","Smooth muscle cell"
"Upregulated","Fetal","EFHD1",0.038110791715719,1.41895202907626,"Fetal_HCA_Muscle_Smooth muscle cells","Smooth muscle cells","Smooth muscle cell"
"Upregulated","Fetal","PHLDB2",0.038110791715719,1.41895202907626,"Fetal_HCA_Muscle_Smooth muscle cells","Smooth muscle cells","Smooth muscle cell"
"Upregulated","Fetal","SLC43A3",0.038110791715719,1.41895202907626,"Fetal_HCA_Muscle_Smooth muscle cells","Smooth muscle cells","Smooth muscle cell"
"Upregulated","Fetal","SYTL2",0.038110791715719,1.41895202907626,"Fetal_HCA_Muscle_Smooth muscle cells","Smooth muscle cells","Smooth muscle cell"
"Upregulated","Fetal","ACKR1",0.0397663322418453,1.40048446334099,"FetalMuscle_Endothelial cell","Endothelial cell","Endothelial cell"
"Upregulated","Fetal","CASP12",0.0397663322418453,1.40048446334099,"FetalMuscle_Endothelial cell","Endothelial cell","Endothelial cell"
"Upregulated","Fetal","CCL23",0.0397663322418453,1.40048446334099,"FetalMuscle_Endothelial cell","Endothelial cell","Endothelial cell"
"Upregulated","Fetal","CCL8",0.0397663322418453,1.40048446334099,"FetalMuscle_Endothelial cell","Endothelial cell","Endothelial cell"
"Upregulated","Fetal","SOCS2",0.0397663322418453,1.40048446334099,"FetalMuscle_Endothelial cell","Endothelial cell","Endothelial cell"
