"contrast","direction","Developmental_stage","primary_tissue","plotted_gene_n","gene_n","human_symbols","primary_tissue_cell_type_hits","best_combined_p","best_combined_log10p","webcsea_jobs"
"old ID vs old CD","Downregulated","Adult","Spleen",38,38,"ALDH3A2; ANP32E; ARMC6; C3orf70; CANX; CCDC34; COA3; COPZ1; CUTA; DCTN3; DERA; EIF5B; FUCA2; GINS2; GLRX; GNB3; GTF2A1; HSPA5; INO80C; MAP3K7; MCFD2; MEF2C; MSI2; NME1; NUDT1; NUDT4; PIGK; PRDX6; PSPH; PTGES2; RNGTT; RPN1; SCARB2; SUCO; TMEM19; TMX2; YKT6; ZMPSTE24","Madissoon_2020_spleen_Plasma_IgG; Madissoon_2020_spleen_Plasma_IgM; TS_Spleen_endothelial cell; TS_Spleen_plasma cell",3.5030534605851e-05,4.45555323480336,"JOB2770_IDvCD_downregulated"
"old ID vs old CD","Downregulated","Adult","Small intestine",27,27,"ABCB7; ARL2BP; ARL5B; BCL6; C19orf33; COX10; CYP4F2; DDAH1; DDC; FAM169A; FAM83H; FOLH1; GDPD1; ITGB6; KIF26B; MSRA; MT-ND2; NFIB; NR3C2; PAQR7; PKP2; RHOQ; SLC4A7; SOCS6; TMEM37; TP53INP2; TTC13","TS_Small_Intestine_duodenum glandular cell; TS_Small_Intestine_immature enterocyte; TS_Small_Intestine_intestinal crypt stem cell of small intestine; TS_Small_Intestine_paneth cell of epithelium of small intestine; TS_Small_Intestine_plasma cell",0.00438121660226531,2.35840527527578,"JOB2770_IDvCD_downregulated"
"old ID vs old CD","Downregulated","Adult","Blood",9,9,"ATG7; CAB39; CSGALNACT2; METTL18; MMGT1; MOB1B; OSTM1; PDS5A; ZDHHC21","TS_Blood_classical monocyte; TS_Blood_plasma cell; TS_Blood_type i nk t cell",0.0133169679139369,1.87559464664807,"JOB2770_IDvCD_downregulated"
"old ID vs old CD","Downregulated","Adult","Heart",8,8,"DFFA; DNM1L; EPHA7; G3BP2; HAGHL; LARP7; PBX3; PPHLN1","TS_Heart_cardiac muscle cell",0.0106957097640864,1.97079039048484,"JOB2770_IDvCD_downregulated"
"old ID vs old CD","Downregulated","Adult","Liver",7,7,"AHSG; F10; GC; LBP; RDH16; SERPINA1; TTR","MacParland_2018_liver_Hepatocyte",0.00700323976730266,2.1547010046196,"JOB2770_IDvCD_downregulated"
"old ID vs old CD","Downregulated","Adult","Caecum",6,6,"ATF5; CYB5R1; MIB1; PPP1R15A; RNF103; SLC5A3","AdultEpityphlon_B cell (Plasmocyte)",0.00092330389336936,3.03465533311124,"JOB2770_IDvCD_downregulated"
"old ID vs old CD","Downregulated","Adult","Thyroid gland",6,6,"CLN5; CSTB; HEBP1; NUCKS1; PPIC; TSC22D1","AdultThyroid_Thyroid follicular cell",0.00363195235933789,2.43985985679533,"JOB2770_IDvCD_downregulated"
"old ID vs old CD","Downregulated","Adult","Visual cortex",6,6,"FASTKD3; NPR3; NSUN4; PDE12; RAB3A; SYT9","Lake_2017_VisualCortex_In2",0.00988343700689387,2.00509200140868,"JOB2770_IDvCD_downregulated"
"old ID vs old CD","Downregulated","Adult","Thymus",5,5,"ANKRD40; ST8SIA5; TMEM132B; TMEM182; TMUB2","TS_Thymus_fast muscle cell; TS_Thymus_macrophage",0.0106853427211653,1.97121154373633,"JOB2770_IDvCD_downregulated"
"old ID vs old CD","Downregulated","Adult","Large intestine",4,4,"CELA1; HOXA10; KCNC1; LYRM7","TS_Large_Intestine_immature enterocyte; TS_Large_Intestine_intestinal enteroendocrine cell; TS_Large_Intestine_plasma cell",0.00898738283654676,2.04636675822496,"JOB2770_IDvCD_downregulated"
"old ID vs old CD","Downregulated","Adult","Fallopian tube",3,3,"GSTA3; SERPINA3; UBE2H","AdultFallopiantube_Stratified epithelial cell",0.00478339896333679,2.32026339492781,"JOB2770_IDvCD_downregulated"
"old ID vs old CD","Downregulated","Adult","Lung",3,3,"AUTS2; MAP1LC3A; RIC3","Madissoon_2020_lung_Plasma_cells; TS_Lung_type ii pneumocyte",0.00435391224085124,2.36112032901522,"JOB2770_IDvCD_downregulated"
"old ID vs old CD","Downregulated","Adult","Lymph node",3,3,"ACOT8; OTUB2; RC3H2","TS_Lymph_Node_hematopoietic stem cell; TS_Lymph_Node_macrophage; TS_Lymph_Node_plasma cell",0.00268725542424419,2.5706910518148,"JOB2770_IDvCD_downregulated"
"old ID vs old CD","Downregulated","Adult","Bladder organ",2,2,"FAT3; SCX","TS_Bladder_smooth muscle cell",0.0412919375680919,1.38413473796841,"JOB2770_IDvCD_downregulated"
"old ID vs old CD","Downregulated","Adult","Eye",2,2,"RABL3; TRIM67","TS_Eye_corneal epithelial cell; TS_Eye_muller cell",0.0478399638807208,1.32020915691282,"JOB2770_IDvCD_downregulated"
"old ID vs old CD","Upregulated","Adult","Heart",45,45,"ABCA6; ABCA9; ABI3BP; ACSM3; ADAMTSL3; BGN; CADM3; CASP12; CBX7; CEP152; CFH; CNTFR; COL14A1; COL6A6; COMP; CRISPLD2; ECM2; EFHD1; FAM171B; FBXL20; GALNT15; HLA-A; IFI16; IL7R; LTBP4; MMP2; NUMBL; OGN; P2RX7; PDGFRL; PI16; PLEKHA4; PTPN13; RAB44; RNF24; SAMHD1; SCARA3; SLC43A3; STON1; SYNE3; TBC1D2B; TGFBR2; TMEFF2; TNFSF10; VIT","TS_Heart_fibroblast of cardiac tissue; TS_Heart_macrophage",3.10947457340394e-05,4.50731299012092,"JOB3494_IDvCD_upregulated"
"old ID vs old CD","Upregulated","Adult","Ileum",20,20,"AOAH; C1QA; C1QC; CCR5; CD163; CLEC10A; CSF1R; CSF3R; FCGR2A; FCN1; LAIR1; LILRA4; MMP9; MNDA; MRC1; PHACTR1; S100A9; SIGLEC1; STAB1; TLR8","AdultIleum_Macrophage",0.0001141982673537,3.94234048527085,"JOB3494_IDvCD_upregulated"
"old ID vs old CD","Upregulated","Adult","Transverse colon",17,17,"APOL1; B3GALNT1; CCL8; CDH11; CLEC11A; CLEC3B; FNDC1; GALNT16; GJA1; GPC3; GPX8; GREM2; GULP1; KRBA1; PHLDB2; TGFBI; TMEM47","AdultTransverseColon_Macrophage; AdultTransverseColon_Stromal cell",3.69843989266316e-05,4.43198143509289,"JOB3494_IDvCD_upregulated"
"old ID vs old CD","Upregulated","Adult","Retina",14,14,"FREM2; HID1; ISLR2; ITGA2; ITGB4; ITGB8; KIF1A; NOTCH1; PC; PCDH20; PPM1K; RBM12B; RBM5; VWA5A","Voigt_2019_retina_2_Fibroblasts; Voigt_2019_retina_2_Schwann cell; Voigt_2019_retina_2_Vein cell 1",0.00021915942222039,3.65923985318543,"JOB3494_IDvCD_upregulated"
"old ID vs old CD","Upregulated","Adult","Tongue",13,13,"ACER2; AFF3; ASAP2; CCDC149; CEP112; CLCA1; CNTLN; F13A1; GLCCI1; HLA-G; ITGA8; PTPRU; SOCS2","TS_Tongue_fibroblast; TS_Tongue_immune cell; TS_Tongue_pericyte cell; TS_Tongue_vein endothelial cell",4.93024059736724e-05,4.30713188649167,"JOB3494_IDvCD_upregulated"
"old ID vs old CD","Upregulated","Adult","Trachea",12,12,"ADAMTS10; AMN1; APOL4; CENPJ; INHBA; LEPR; PENK; PLP1; RGS2; TLN2; ZNF235; ZNF280C","AdultTrachea_Endothelial cell (endothelial to mesenchymal transition); AdultTrachea_Fibroblast; AdultTrachea_Stromal cell",3.7374119779221e-05,4.42742902688233,"JOB3494_IDvCD_upregulated"
"old ID vs old CD","Upregulated","Adult","Visual cortex",12,12,"C2orf68; CHIA; CLEC4M; CX3CR1; MAML3; MCM9; MMRN1; MYOF; RASAL3; RNF213; TBC1D4; ZNF217","Lake_2017_VisualCortex_In4a; Lake_2017_VisualCortex_Mic",0.00013171896241448,3.88035169900051,"JOB3494_IDvCD_upregulated"
"old ID vs old CD","Upregulated","Adult","Stomach",9,9,"ACKR1; CCL23; GPM6A; HBEGF; HLA-F; KMT2E; UVSSA; ZCCHC14; ZNF790","AdultStomach_Endothelial cell (APC); AdultStomach_Smooth muscle cell",0.00017462119528399,3.75790304335545,"JOB3494_IDvCD_upregulated"
"old ID vs old CD","Upregulated","Adult","Lung",8,8,"APPL2; BUB1B; CCL15; CDC14A; IKZF4; PKD1; POLK; SLC6A2","AdultLung_Stromal cell; TS_Lung_vein endothelial cell",5.83651653797146e-05,4.2338462795504,"JOB3494_IDvCD_upregulated"
"old ID vs old CD","Upregulated","Adult","Eye",7,7,"APOL3; B4GALT1; CISH; RNF169; SLC7A2; SPNS2; UHRF2","TS_Eye_macrophage; TS_Eye_retinal blood vessel endothelial cell; van_Zyl_eye_2020_BeamCella; van_Zyl_eye_2020_ScEndo",4.04799044999571e-05,4.39276052075301,"JOB3494_IDvCD_upregulated"
"old ID vs old CD","Upregulated","Adult","Muscle organ",7,7,"DUS3L; KCNAB1; NPNT; PPL; SYNE2; SYTL2; VWF","AdultMuscle_Macrophage; AdultMuscle_Smooth muscle cell",5.68637445893527e-05,4.2451645445586,"JOB3494_IDvCD_upregulated"
"old ID vs old CD","Upregulated","Adult","Esophagus",5,5,"ACE; CR1L; FNBP1; LOXL3; SDK1","AdultEsophagus_Macrophage; Madissoon_2020_oesophagus_Fibroblast; Madissoon_2020_oesophagus_Mono_macro",4.85409588022456e-05,4.31389164954483,"JOB3494_IDvCD_upregulated"
"old ID vs old CD","Upregulated","Adult","Thyroid gland",5,5,"APOL2; CD14; RASSF2; RELN; ZNF445","AdultThyroid_Fibroblast; AdultThyroid_Stromal cell",0.00011137232505897,3.9532227137167,"JOB3494_IDvCD_upregulated"
"old ID vs old CD","Upregulated","Adult","Adrenal gland",3,3,"ACTC1; FCN2; PRKD2","AdultAdrenalGland_Endothelial cell (APC); AdultAdrenalGland_Smooth muscle cell",0.00087100966479358,3.05997702599895,"JOB3494_IDvCD_upregulated"
"old ID vs old CD","Upregulated","Adult","Kidney",3,3,"JAK3; SIM1; TMPO","TS_Kidney_endothelial cell; TS_Kidney_macrophage",0.00086530348183644,3.06283154875311,"JOB3494_IDvCD_upregulated"
"young CD vs old CD","Downregulated","Adult","Blood",918,918,"ABCC3; ABHD2; ABRACL; ACOT9; ACTN1; ACTN4; ACTR2; ACTR3; ADAM15; AFTPH; AHCY; AHNAK; AHR; AIF1; AKIP1; AKR1A1; ALDH1A1; ALDH3A2; ALOX5AP; AMY2A; ANG; ANPEP; ANXA1; ANXA2; ANXA4; ANXA7; AP1S1; AP4B1; APBB1IP; APEX1; API5; ARF1; ARF6; ARHGAP29; ARHGAP30; ARHGDIA; ARHGDIB; ARL6IP5; ARL8A; ARPC1B; ARPC2; ARPC3; ARRDC3; ASAH1; ASGR1; ASGR2; ASL; ATG3; ATP2A2; ATP5IF1; ATP5MF; ATP5MG; ATP5PD; ATP5PF; ATP6AP2; ATP6V0E1; ATP6V1A; ATP6V1C1; ATP6V1D; ATP6V1E1; ATP6V1F; ATP6V1G1; ATR; ATRX; AURKAIP1; BACH1; BCAP29; BCAP31; BCL6; BCLAF1; BID; BIN2; BLOC1S1; BLOC1S6; BLVRA; BRMS1; BRWD1; BST1; BTF3; BTF3L4; BTK; BUD31; BZW1; C19orf38; C1D; C1QA; C1QB; C2; C20orf27; C3AR1; C4orf3; C5AR1; C8G; CAB39; CALU; CANX; CAP1; CAPG; CAPNS1; CAPZA1; CASP1; CASP4; CAST; CCAR1; CCDC47; CCR1; CCR2; CCT4; CCT5; CCT6A; CCT8; CD151; CD163; CD164; CD300LB; CD300LF; CD302; CD36; CD37; CD4; CD44; CD53; CD63; CD74; CD84; CDC40; CDC42; CDK5RAP3; CDKAL1; CDKN1A; CEP170; CERS6; CES1; CES2; CFL1; CHCHD1; CHCHD2; CHCHD5; CHIC1; CHMP2A; CHMP3; CHRND; CHURC1; CIB1; CIITA; CKAP2; CLEC12A; CLEC4A; CLEC7A; CLIC1; CLIC4; CLTA; CLTC; CMTM7; CNBP; CNDP2; CNNM2; CNOT2; COMMD1; COMMD3; COPB1; COPB2; COPS2; COPZ1; CORO1A; COTL1; COX17; COX5B; COX7A2; COX7B; COX7C; CPD; CPNE2; CPNE8; CPT1A; CRBN; CRYL1; CSF3R; CSRP1; CST3; CSTB; CSTF1; CTBP2; CTNNA1; CTNNBL1; CTSD; CTSH; CTSS; CTSZ; CWC15; CX3CR1; CYB5R3; CYBB; CYFIP1; CYP1B1; CYP27A1; CYP51A1; DAD1; DAPP1; DAZAP2; DBNL; DCTN3; DCTN4; DDIT4; DDOST; DDX3X; DDX52; DECR1; DENND4A; DERA; DHX15; DHX9; DLD; DMXL1; DMXL2; DNAJC10; DNAJC3; DNAJC8; DNASE2; DNM1L; DOCK11; DOCK2; DOCK5; DOCK8; DONSON; DYNC1I2; DYNLRB1; DYNLT1; EAPP; ECH1; EEA1; EEF1A1; EEF1B2; EFHD2; EIF1AX; EIF2A; EIF2S3; EIF3C; EIF3E; EIF3G; EIF3K; EIF3L; EIF3M; EIF4A1; EIF6; EMB; EMC7; EMP1; ENOX2; ENTPD1; ENY2; EPHB2; EPS8; EPSTI1; ERLIN1; ESD; ETF1; EVI2B; EVI5; FADS1; FAH; FAM111A; FAM117B; FAR1; FASTKD2; FAU; FBP1; FCER1G; FCGR2A; FER; FGD4; FGR; FKBP3; FLNA; FLT3; FMN1; FOSB; FTL; FUCA2; FXR1; FXYD5; FYB1; GAB2; GABARAP; GALNT6; GCA; GCK; GDI2; GIMAP5; GLA; GLDN; GLIPR1; GLRX; GLRX3; GMFG; GNA13; GNAI3; GPM6B; GPR35; GPX1; GPX4; GRPEL1; GTF2F1; GTF3C6; GUSB; HADHB; HAVCR1; HCK; HES6; HEXA; HEXB; HGF; HGS; HINT1; HLA-DMB; HMGB2; HMGN2; HMOX1; HNMT; HNRNPA3; HNRNPC; HNRNPH2; HNRNPK; HPRT1; HPSE; HSBP1; HSP90AA1; HSP90B1; HSPA5; HTATIP2; ID2; IER3IP1; IFI16; IFI30; IFITM3; IFNGR1; IGBP1; IGHV1-18; IGHV1-24; IGHV1-69; IGHV1-69-2; IGHV4-28; IGHV4-31; IGHV4-34; IGHV4-4; IGHV4-59; IGKV1D-8; IL10RA; IL13RA1; IL15; IL18; IL1R2; IL27RA; IL6R; IMPACT; IPO7; IQGAP1; IQGAP2; IRF8; ITFG1; ITGA4; ITGAE; ITGAM; ITGB1; ITGB2; ITM2B; JMJD1C; JUNB; KBTBD3; KCNMB1; KIAA0513; KLF10; KXD1; KYNU; LAMP2; LAPTM4A; LAPTM5; LAT2; LCAT; LCOR; LCP1; LCP2; LGALS1; LGALS3; LGALS9; LHFPL2; LILRB1; LILRB2; LIMS1; LIPA; LMNA; LONP2; LPCAT2; LPXN; LRRK2; LSM3; LSM5; LTN1; LY86; LYN; LYZ; MACF1; MALSU1; MAN1A1; MAN2A1; MAOA; MATR3; MCFD2; MCTS1; MDFIC; MDH1; MDM4; MERTK; METTL18; MFGE8; MGMT; MGST3; MKLN1; MNDA; MPC1; MPEG1; MPP7; MRPL11; MRPL13; MRPL14; MRPL20; MRPL21; MRPL41; MRPL54; MRPS12; MRPS16; MRPS18C; MRPS31; MS4A4A; MS4A6A; MS4A7; MSN; MSR1; MT-CYB; MT-ND4; MT-ND5; MT-ND6; MT1F; MT2A; MTERF2; MTIF3; MVB12A; MVP; MYCBP2; MYL12B; MYO15B; MYO1F; MYO5A; NAA20; NAA38; NAAA; NAIP; NAMPT; NBR1; NCF2; NCKAP1L; NCL; NCOA4; NDFIP1; NDUFA11; NDUFA13; NDUFA2; NDUFA3; NDUFA4; NDUFA6; NDUFB2; NDUFB3; NDUFB5; NDUFC2; NDUFS1; NDUFS4; NEDD8; NETO2; NFE2L2; NHEJ1; NHP2; NINJ1; NIPBL; NIPSNAP3A; NME1; NMT1; NONO; NOP10; NOSIP; NPL; NPM1; NRIP1; NSA2; NSFL1C; NSUN6; NUDCD2; NUDT1; NUFIP2; OCIAD1; ORMDL2; OSBPL8; OST4; OSTC; OSTF1; OTUD1; P2RX4; P4HB; PAFAH1B2; PAPSS2; PARVG; PCBD1; PDCD5; PDIA3; PDIA4; PDIA6; PDLIM5; PECAM1; PES1; PFDN5; PGD; PHF20L1; PHIP; PICALM; PIGH; PIK3AP1; PIKFYVE; PIN4; PINX1; PJA2; PLD3; PLEK; PLEKHB1; PLEKHO1; PLP2; PLSCR1; PMS2; PNRC2; POLR1D; POLR2B; POLR2G; POMP; POP4; POU2F2; PPIA; PPP1R14B; PPP1R15A; PPP2CA; PPP6C; PPT1; PRDX1; PRDX6; PRELID1; PRKCB; PRKCD; PSMA1; PSMA2; PSMA3; PSMA4; PSMA5; PSMA7; PSMB1; PSMB2; PSMB3; PSMB4; PSMB5; PSMB6; PSMB7; PSMC1; PSMC2; PSMC3; PSMC5; PSMC6; PSMD11; PSMD13; PSMD4; PSMD8; PTBP3; PTCD3; PTGER2; PTK2B; PTPN2; PTPN6; PTPRC; PTPRJ; PYCARD; PZP; QSOX1; RAB11A; RAB11FIP1; RAB13; RAB20; RAB27A; RAB2A; RAB32; RAB8A; RAB8B; RABAC1; RAD23B; RAN; RANBP1; RANBP2; RAP1A; RAP1B; RASSF4; RB1; RBBP4; RBP7; RHEB; RHOA; RIT1; RNASE2; RNASE4; RNASE6; RNASEH2C; RNF13; RNF144B; RNF181; RNPC3; RPL10; RPL10A; RPL11; RPL12; RPL13; RPL13A; RPL15; RPL17; RPL18; RPL18A; RPL19; RPL21; RPL22; RPL22L1; RPL23; RPL23A; RPL24; RPL26; RPL27; RPL27A; RPL29; RPL3; RPL30; RPL31; RPL32; RPL34; RPL35; RPL35A; RPL36; RPL36A; RPL36AL; RPL37; RPL37A; RPL38; RPL39; RPL4; RPL5; RPL6; RPL7; RPL7A; RPL9; RPLP0; RPN1; RPS10; RPS12; RPS13; RPS14; RPS15A; RPS16; RPS17; RPS18; RPS19; RPS20; RPS21; RPS23; RPS24; RPS25; RPS26; RPS27; RPS27A; RPS27L; RPS28; RPS29; RPS3; RPS3A; RPS4X; RPS5; RPS6; RPS6KA3; RPS7; RPS8; RPS9; RPSA; RRAS; RSL1D1; RUNX1; S100A10; S100A11; S100A6; S100A8; S100A9; S1PR1; SAMSN1; SARNP; SASH3; SAT1; SCARB2; SCCPDH; SCP2; SDC4; SDCBP; SDCCAG8; SDHD; SEC13; SEC23B; SEC24D; SEC61G; SERINC1; SERPINA1; SERPINB1; SERPINB6; SERPINB8; SF3A3; SF3B1; SF3B6; SGK3; SH2D4A; SH3BGRL; SIRPA; SIRPB1; SKAP2; SLA; SLC11A1; SLC16A5; SLC20A1; SLC22A18; SLC25A24; SLC25A5; SLC2A3; SLC2A6; SLC30A7; SLC37A2; SLC38A2; SLC43A2; SLC43A3; SLC44A1; SLC49A3; SLFN12; SLIRP; SMC1A; SMIM3; SMIM4; SMIM7; SMPDL3A; SNAP47; SNRPB2; SNRPD1; SNRPD3; SNRPE; SNRPG; SNW1; SNX2; SNX4; SNX5; SNX6; SOX4; SP3; SPAG7; SPCS1; SPCS2; SPG21; SPHK1; SPI1; SPINT1; SPPL2A; SPTLC2; SQSTM1; SRA1; SRGN; SRI; SRP14; SRP9; SSB; SSU72; ST14; STK17B; STX11; STX12; STYK1; SUB1; SUGT1; SULT1B1; SUMO1; SURF1; SUSD1; SYF2; SYK; TAT; TBCA; TBCB; TBRG1; TCAIM; TCF7L2; TEFM; TES; TEX264; THBS1; THOC2; THOC5; TICAM2; TIMM10; TIMM8B; TIMP4; TLR2; TLR4; TLR7; TLR8; TLR9; TM2D1; TMBIM4; TMCO1; TMED9; TMEM141; TMEM144; TMEM161B; TMEM167A; TMEM176A; TMEM176B; TMEM182; TMEM192; TMEM205; TMEM33; TMEM50A; TMOD3; TMSB4X; TNFAIP8L2; TNFRSF1B; TNFSF13B; TNNT1; TNS3; TOMM20; TOMM22; TOMM7; TPD52L2; TPM3; TPM4; TPP2; TPT1; TRAFD1; TRAPPC1; TRAPPC2L; TRAPPC3; TRMT11; TRPM2; TRPM7; TSHR; TSPO; TSTD3; TTC32; TUBA1B; TUBA1C; TUBB; TUBB6; TXN; TXNDC17; TXNIP; TYROBP; UAP1L1; UBA3; UBA52; UBE2G2; UBE2J1; UBE2L6; UBR1; UBXN4; UCHL3; UCP2; UNC50; UPP1; UQCC2; UQCR10; UQCRB; UQCRC2; UQCRH; USP15; UXT; VAMP8; VAT1; VIM; VMA21; VMP1; VPS16; VPS26A; VPS29; VPS35; VSIG4; WDR43; XRN2; YIF1A; YME1L1; YTHDF2; YWHAB; YWHAQ; YWHAZ; ZC3H15; ZEB2; ZFR; ZFYVE16; ZKSCAN1; ZMPSTE24; ZNF148; ZNF207; ZNF277; ZNF286A; ZNF415; ZNF593; ZNF701; ZNF765; ZSWIM6; ZSWIM7","TS_Blood_cd4-positive, alpha-beta memory t cell; TS_Blood_cd4-positive, alpha-beta t cell; TS_Blood_cd8-positive, alpha-beta cytokine secreting effector t cell; TS_Blood_cd8-positive, alpha-beta t cell; TS_Blood_classical monocyte; TS_Blood_macrophage; TS_Blood_memory b cell; TS_Blood_monocyte; TS_Blood_naive b cell; TS_Blood_naive thymus-derived cd4-positive, alpha-beta t cell; TS_Blood_neutrophil; TS_Blood_nk cell; TS_Blood_plasma cell; TS_Blood_type i nk t cell",5.5631854001259e-07,6.25467646641008,"JOB1565_YoungvOld_downregulated"
"young CD vs old CD","Downregulated","Adult","Small intestine",271,271,"A1BG; AADAC; ABCB1; ACAP1; ACER2; ACOT8; ACOX2; ADH1C; AIM2; AKAP11; ALDH1B1; ALDOB; ANKRD12; ANKS4B; ANXA2R; APOA4; APOB; AQP8; ARHGDIG; ASPA; AZGP1; BANK1; BICD1; BLK; BLOC1S5; BMP3; BTLA; BUB3; C1orf226; C6; CA9; CACNA1I; CARD11; CBR4; CCDC136; CCDC141; CCDC68; CCNC; CCT3; CD19; CD2; CD226; CD3G; CDC123; CDC5L; CDH17; CDHR2; CDHR5; CDK5RAP1; CEP85L; CES3; CFI; CHRNA1; CLDN15; CLDN3; CLK4; CMBL; COMMD2; COQ3; CPS1; CREB3L3; CTLA4; CTPS2; CWF19L2; CXCR5; CXCR6; CYP2B6; CYP2C18; CYP2C19; CYP2C9; CYP2J2; CYP3A5; CYP4F2; CYP4F3; DACT1; DDC; DDX50; DENND5B; DMBT1; DNASE1L3; DPEP1; DPP3; ECT2L; EIF5A2; EMC2; FABP1; FABP2; FAM136A; FCRLA; FOLH1; FOXO1; FOXP3; GCKR; GCNT2; GIPC2; GJB1; GLS2; GMDS; GOLPH3L; GPALPP1; GRAP2; GRPEL2; GUCY2C; HECW2; HEG1; HEPH; HLA-DOB; HMGCS2; HNF1A; HNF4A; HSD11B2; HSPA13; IGKV1-37; IGLC7; IKZF3; IL2RB; ING3; IPCEF1; IRGM; ITGB7; ITPRIPL1; KCNK5; KLHDC8A; KLHL5; KLRB1; KRR1; KRT20; LANCL2; LAX1; LAYN; LCLAT1; LRAT; LY9; MAOB; MED6; MEST; METTL8; MID2; MISP; MLLT3; MPHOSPH10; MPHOSPH8; MPI; MRPL48; MRPS14; MRRF; MS4A1; MS4A8; MTMR1; MUC13; MUC17; MYO1D; MYO7B; N4BP2L2; NEDD1; NGDN; NGLY1; NPAT; NR1H4; NR6A1; NT5E; ODF3L2; ONECUT2; OTC; P2RY10; PARD6B; PARP3; PDE5A; PDE7A; PDGFD; PDZK1; PEG10; PEX13; PGAP1; PGLYRP2; PGM3; PHAX; PIGR; PKLR; PLAG1; PLS1; PON2; POU2AF1; PPARGC1A; PRKCZ; PROX1; PRR15L; PRRG2; PTPRCAP; PYROXD1; RAB30; RABGAP1L; RALGAPA1; RAPGEF6; RASGRP1; RASSF7; RGN; RHOH; RICTOR; RNF113A; RNF115; RNF128; RNGTT; RWDD2B; SCTR; SCX; SDHAF2; SEC22B; SEMA4F; SEMA4G; SEMA7A; SGPP2; SH3BP4; SHROOM3; SLC10A3; SLC25A13; SLC26A3; SLC2A2; SLC35G1; SLC3A1; SLC41A2; SLC44A4; SLC4A10; SLFN12L; SLFN13; SMU1; SNX7; SPIB; SPOCK2; STAM2; SULT1A2; SULT2A1; SUPT3H; TBC1D15; TBC1D31; TBC1D8B; TCP11L2; TCTA; TFCP2L1; THAP4; THNSL2; TJP3; TMEM62; TMIGD1; TMPRSS2; TMSB15B; TNFRSF13B; TOR3A; TP53INP1; TSPAN8; TTC33; TTC36; TYW5; UGT2A3; UGT2B7; UGT3A1; USP16; UTS2B; VCPKMT; VIL1; WDR47; YTHDC2; YY2; ZAP70; ZC2HC1A; ZC3H14; ZNF14; ZNF274; ZNF441; ZNF518A; ZNF709","TS_Small_Intestine_b cell; TS_Small_Intestine_cd4-positive, alpha-beta t cell; TS_Small_Intestine_cd8-positive, alpha-beta t cell; TS_Small_Intestine_enterocyte of epithelium of small intestine; TS_Small_Intestine_goblet cell; TS_Small_Intestine_immature enterocyte; TS_Small_Intestine_intestinal crypt stem cell; TS_Small_Intestine_intestinal crypt stem cell of small intestine; TS_Small_Intestine_mast cell; TS_Small_Intestine_paneth cell of epithelium of small intestine; TS_Small_Intestine_plasma cell; TS_Small_Intestine_transit amplifying cell of small intestine",5.76979313093862e-06,5.23883975767657,"JOB1565_YoungvOld_downregulated"
"young CD vs old CD","Downregulated","Adult","Tongue",248,248,"ACAT2; ACOT13; ACP1; ACTA2; ACTG2; ADAMTS9; ADH5; ADH7; ADRA2A; AIF1L; AKR1B1; AKR1B10; AKR1C2; AKR1C3; ALDH3A1; ALG5; APOD; AQP9; ASS1; ATF3; AURKA; AVPI1; B2M; BCL2A1; BIRC5; BNIP3; C11orf1; C11orf96; C19orf33; C1QC; C1S; C9orf85; CAV1; CAV2; CCDC80; CCL2; CCL23; CCL5; CCL8; CCNA2; CCNB1; CCNB2; CD24; CD3E; CD52; CD79A; CDC20; CDT1; CENPF; CFB; CFH; CHMP5; CKB; CKS2; CLDN7; CMC1; CNN1; COG4; COL18A1; COPS5; COPZ2; COX16; COX7A1; CPA3; CREM; CRIP1; CRIPT; CRYAB; CST6; CXCL12; CYB561D2; CYTL1; DEGS1; DHCR24; DLGAP5; DNAJC19; DPM1; DSTN; DTD1; EEF1E1; EFEMP1; ELF3; ENDOD1; EPCAM; F12; FAM162A; FBLN5; FCER1A; FCGR3A; FETUB; FHL2; FIS1; GADD45A; GFER; GJB2; GPNMB; GSTM1; GUK1; HAMP; HAX1; HBA1; HBA2; HBB; HDDC2; HIBCH; HIGD1A; HLA-DQA1; HLA-DQB1; HMMR; HSPB2; HSPB8; ICAM1; ID3; IGFBP2; IGFBP4; IGHA1; IGHA2; IGHG1; IGHG2; IGHG3; IGHG4; IGHM; IGHV4-39; IGKC; IGLC2; IGLC3; IL1B; IL1RN; IL33; IL7R; ITGAX; KPNA2; KRT18; KRT19; KRT8; LAMTOR5; LCN2; LIMD2; LRG1; LTB; MAGOH; MAL2; MB; MCM5; MEA1; MED11; MGP; MIF; MKI67; MMP3; MOB4; MRPL22; MRPL24; MRPL32; MRPL35; MRPL50; MRPS22; MRPS28; MYH11; MYL2; MYL9; MZB1; NDUFA5; NDUFV2; NMB; NME2; NME4; NNAT; NNMT; NOSTRIN; NQO1; NRN1; NSG1; NT5C; NUBP2; ODC1; PAM16; PCNA; PDCD6; PDLIM3; PEMT; PERP; PET100; PHGDH; PIN1; PKIG; PKP3; PLN; PMAIP1; POLR2H; POLR2K; PRDX2; PRPS2; RAC2; RARRES2; RGCC; RGS1; RHOC; RPP25L; RRAD; RRM2; SAA1; SCRN3; SDCBP2; SEC11C; SELL; SERPING1; SFN; SFRP1; SH3BGRL2; SHISA5; SLC27A5; SLC2A5; SLC9A3R1; SLC9A3R2; SLPI; SNCA; SNCG; SPP1; STMN1; STOM; STOML2; TAGLN; TECR; TFPI; THBD; THYN1; TINAGL1; TM4SF1; TNNC1; TNNT2; TNS4; TOP2A; TPSAB1; TPSB2; TSC22D3; TSPAN17; TUBA4A; TUBB2A; TUBB4B; UBB; UBE2T; UCHL1; UGDH; VCAM1; ZBTB8OS; ZMAT5; ZWINT","TS_Tongue_epithelial cell; TS_Tongue_keratinocyte",1.56881353052807e-06,5.80442867366948,"JOB1565_YoungvOld_downregulated"
"young CD vs old CD","Downregulated","Adult","Eye",224,224,"A4GALT; ABCA12; ABCA5; ACOT6; AIDA; APOL1; APOOL; ARAP2; ARFGAP3; ARFIP1; ARPP19; ATP8B1; B4GALT4; BAIAP2L1; BBOX1; BCL2L1; BEX2; BLNK; BLZF1; BOLA2; C1GALT1C1; C4B; C4orf19; C6orf141; CAB39L; CACNB4; CASR; CCL27; CCND1; CDH1; CDPF1; CEACAM1; CETN3; CFDP1; CGN; CHL1; CHMP4C; CLDN1; CMPK1; CNKSR1; COBLL1; COG6; CP; CRIM1; CRNKL1; CRY2; CTSV; CTTN; CYB561; CYLD; CYP17A1; CYP2F1; DGKA; DKK3; DRG1; DSG2; DSP; DUSP14; ECI2; EGF; EGFR; EHD3; EHF; EPHA1; EPS8L2; ERRFI1; ESRP1; ETNK2; EXOC6; EXPH5; EYA2; F2RL1; FADS3; FAM110C; FAM83G; FAM83H; FAS; FAT2; FBXO8; FGFR3; FGGY; FMR1; FRRS1; GDA; GGT6; GNAI1; GSDMC; GSTA3; GTF2F2; HERC4; HGD; HGFAC; HOOK1; HOXA11; HOXD10; HSF2; HSPA14; IK; IL1R1; IL20RB; INTS4; IP6K2; IPPK; IRAK2; IRF6; KCNK1; KDSR; KIAA0040; KIFC3; KLF5; KLHL13; LANCL1; LBH; LIPG; LMO7; LRP11; LSR; MALL; MAP7; MARVELD2; MAT1A; MATN2; MFAP1; MKNK2; MPZL3; MYO1B; MYO5B; NAE1; NEMF; NIP7; NIPSNAP1; NMRAL1; NSUN2; NT5DC1; NXN; OCLN; OSTN; PAWR; PDXDC1; PEF1; PHF11; PHF6; PI4K2B; PIR; PLK2; PLRG1; PLS3; PNO1; POF1B; POGLUT1; PPFIBP1; PPME1; PPP1R3C; PSD4; PSMD10; PSMD5; PSMD6; PSMG4; PTPRF; PWP1; RHPN2; ROBO2; RORA; RPS6KA5; RRAGA; RRAS2; SAP30BP; SCNN1A; SDC1; SDF2; SEMA3F; SERINC3; SERINC5; SERPINA10; SERPINA6; SH3D19; SH3YL1; SIM2; SLC2A14; SLC38A1; SLC39A4; SLC51A; SLC6A14; SPRYD7; SPSB1; SPTAN1; SPTBN2; SRFBP1; STAU2; STRN; SUCO; SYNJ2; TAF4B; TC2N; TDRP; TFG; TFPI2; TGFA; THUMPD3; TM4SF4; TMEM30B; TMEM43; TP63; TPD52L1; TPRG1L; TRA2A; TRIM16; TRIP4; TSPAN1; TTC9; TUFT1; TWF1; UBXN8; UFSP2; UGT1A6; VEZT; VPS13A; VWA5A; WDPCP; WLS; YDJC; YIPF1; ZDHHC13; ZNF611","TS_Eye_b cell; TS_Eye_conjunctival epithelial cell; TS_Eye_corneal epithelial cell; TS_Eye_dendritic cell; TS_Eye_macrophage; TS_Eye_melanocyte; TS_Eye_monocyte; TS_Eye_plasma cell; TS_Eye_retinal blood vessel endothelial cell",4.86355828888119e-06,5.31304587481517,"JOB1565_YoungvOld_downregulated"
"young CD vs old CD","Downregulated","Adult","Liver",173,173,"ABCB11; ACTR10; ADAMDEC1; AFM; AGPAT4; AKR1C4; AMBP; AMPD3; APH1B; APOA1; APOC3; APOH; ARHGEF3; ARRDC2; ATP13A3; ATP2A3; ATP6V1H; ATP8B4; B3GNT5; BCL2; BIRC3; BTG1; C9; CCDC107; CCNDBP1; CCR5; CD180; CD209; CD55; CD5L; CD72; CD79B; CELA1; CFHR1; CFHR3; COPS3; CRP; CSF2RB; CSRNP1; CXCL13; CYP2A6; CYP2A7; CYP2C8; CYP2D6; CYP3A43; CYP4A22; CYSLTR1; CYTIP; DPEP2; DSC2; EDEM1; EHD1; ELF1; ELL2; EMD; ERAP1; EZR; F13B; F9; FBXL4; FGB; FGD3; FGG; FGL1; GABARAPL1; GAS2L3; GCH1; GIMAP6; GMFB; GNG2; GNMT; GPR132; GPR65; GPRC5A; GTF2B; HAO1; HBP1; HDAC4; HFE; HLA-DRB5; HPX; HSD17B13; IKZF1; IL2RG; INPP5D; IP6K3; ITGB8; ITPR1; KMO; LGMN; LITAF; LRRC3; MAFF; MB21D2; MBL2; MCTP2; MED30; METTL7B; MGAT4A; MGAT5; MLIP; MRPS6; MTHFD1L; MYCBP; MYL12A; NABP1; NBEAL2; NFKB2; NFKBIE; NHS; NLRC4; NR4A3; NUAK2; ORM1; ORM2; OSBPL3; PAIP2; PDCL3; PFKFB1; PIK3CG; PIK3R5; PLA2G4A; PLAGL1; PLG; PON1; PPP1R11; PRR5L; RASSF5; RBM41; RELB; RNMT; SARAF; SARDH; SDS; SELPLG; SIK1; SLAMF7; SLC10A1; SLC17A2; SLC22A1; SLC22A25; SLC26A2; SLC4A7; SLC6A4; SLCO1B3; SNX16; SNX20; SPATA24; SPP2; SYAP1; TAF13; TAX1BP1; TGFBR1; TLR1; TNFAIP8; TNFRSF11A; TNNI1; TRMT6; TRPV4; TSG101; TTR; TUBA1A; UBXN2B; UGT1A4; UGT1A9; UGT2B10; UROC1; UTP18; VDR; WDFY4; WDR44; ZC3H12D; ZDHHC2","TS_Liver_endothelial cell; TS_Liver_hepatocyte; TS_Liver_liver dendritic cell; TS_Liver_macrophage; TS_Liver_monocyte; TS_Liver_nk cell",2.05678716302948e-06,5.68681064690723,"JOB1565_YoungvOld_downregulated"
"young CD vs old CD","Downregulated","Adult","Bone marrow",131,131,"ADAMTS5; ANP32E; AP1S3; ATAD2; BEX1; BRCC3; C18orf32; C5; C7; CA1; CACNA1E; CALML4; CASP8AP2; CBX5; CCDC12; CCDC15; CCDC50; CDCA2; CDCA7; CEBPZ; CENPE; CENPI; CENPL; CHEK1; CHM; CHRDL1; CKAP5; CSE1L; CXCL10; DCPS; DCUN1D5; DTL; E2F2; ECT2; EIF5B; EXOSC9; FAAH; FANCD2; FARSB; FAT3; FLNB; GALNT4; GDF5; GGH; GOLM1; GPIHBP1; HAT1; HAUS2; HDC; IGHV1-58; IGHV4-61; IGHV4OR15-8; IGKV1D-43; IGKV2D-40; ILDR2; INMT; KIAA0825; KIF18A; KIF20A; KIF23; KIF4A; KITLG; LBP; LIG1; LRRCC1; LYRM2; LYRM4; MAGOHB; MAK16; MANF; MAP3K6; MCM10; MCM3; MCM6; MED14; MGA; MGAT2; NCBP1; NOP58; NUDT18; OLFML2A; OSGEP; OSMR; PAICS; PAK1IP1; PDSS1; PIK3C2A; PKP2; POLA1; POLD2; POLQ; PPP1R27; PRLR; PSMD14; RAB44; RAPGEF4; RBL1; RBM27; RBP4; RPE; RRM1; RUNX1T1; SACS; SH3RF1; SLC33A1; SLC4A1; SLC7A10; SMC2; SPAG5; SPDL1; STAB2; STBD1; STT3A; SUPT4H1; TAF11; TCEA1; TCP1; TF; THBS2; TIFA; TIPIN; TMA16; TMEM237; TMEM37; TMEM47; TMX2; UBR7; UVRAG; WDHD1; WDR62; ZNF367","TS_Bone_Marrow_cd24 neutrophil; TS_Bone_Marrow_erythroid progenitor; TS_Bone_Marrow_granulocyte; TS_Bone_Marrow_macrophage; TS_Bone_Marrow_monocyte; TS_Bone_Marrow_myeloid progenitor; TS_Bone_Marrow_plasma cell",3.48035232977661e-06,5.45837678848664,"JOB1565_YoungvOld_downregulated"
"young CD vs old CD","Downregulated","Adult","Pancreas",118,118,"ABHD6; AGT; APCS; APOL6; ARL15; ATM; B4GALNT1; BAAT; C11orf52; C16orf54; C8orf48; CCDC85A; CCL11; CCL22; CCL7; CD82; CDH19; COMMD5; CORO2A; DARS1; DDX6; DHH; DHRS9; DNTTIP2; DOC2B; EDNRB; EIF2S1; F5; F8; FADS2; FCGR2B; FNIP1; GC; GORAB; GTPBP4; H3-3B; HAL; HIGD1B; HP; HPGD; HSPB7; IGSF11; IKBKG; IMPA1; IPO11; ITGAL; ITIH3; KCNN3; LEPR; LPIN2; LY75; MCAM; MGAM; MORC3; MTM1; MUSK; MYL3; MYL4; MYLK; NCF1; NEK5; NEK6; NPY1R; NUDCD1; OTULIN; PCSK1; PDCD10; PDE12; PISD; PLAC8; PLP1; POLE3; PPP1R12A; PPP2R3C; PSMA6; PSMC4; PTPN22; PTPRR; RAB5A; RIOK3; RLIM; RNASE3; S1PR4; SCHIP1; SCYL2; SEC22A; SEMA3G; SFRP5; SLC10A6; SLC17A9; SLC5A3; SNAI3; SPN; ST6GAL1; STK26; SUCNR1; TANK; TARS1; TCEAL5; TCEAL7; THOC6; TMEM154; TMEM19; TMEM236; TNFSF8; TOR1A; TRNT1; TRPV2; TTLL7; UBA6; UBE2W; UNC13D; USP14; UTP3; VPS4B; XRCC4; ZMAT2; ZNF160","AdultPancreas_Enterocyte progenitor; Enge_2017_Pancreas_mesenchymal cell; Enge_2017_Pancreas_pancreatic ductal cell; Segerstolpe_2016_PancreaticIslets_beta cell; TS_Pancreas_endothelial cell; TS_Pancreas_myeloid cell; TS_Pancreas_nk cell; TS_Pancreas_pancreatic ductal cell; TS_Pancreas_pancreatic stellate cell",2.5370835176064e-06,5.59566523611347,"JOB1565_YoungvOld_downregulated"
"young CD vs old CD","Downregulated","Adult","Lung",66,66,"ABAT; ABHD3; ACYP2; APOC2; APOL2; APOL4; BLOC1S3; CA2; CD22; CDK14; CHIA; CIR1; CMA1; CMAS; CYP2A13; DERL1; DHRS3; DTNBP1; DYNLT3; EDA2R; FBXO6; FHL1; GABRR2; GALNS; GALNT12; GCC2; GLOD4; GNGT2; GPA33; HAGH; KLHL29; LEPROTL1; MAN2B2; MOSPD1; MSRA; MUC2; MYO1A; NCK1; NLRP10; NTNG2; OAS3; ORAI2; PARP9; PBDC1; PLCG2; POLR3K; PPFIBP2; PRR32; PSD3; RABGGTB; RASAL2; RNASEL; RTCA; SAMD9L; SLC6A12; SLN; SMYD2; SNAPC5; SP140L; TMEM53; TNPO1; TTC39B; UGCG; UGP2; ZNF880; ZPR1","TS_Lung_basal cell; TS_Lung_basophil; TS_Lung_club cell; TS_Lung_intermediate monocyte; TS_Lung_macrophage; TS_Lung_non-classical monocyte; TS_Lung_respiratory goblet cell; TS_Lung_type ii pneumocyte",4.40601432283305e-06,5.35595409540194,"JOB1565_YoungvOld_downregulated"
"young CD vs old CD","Downregulated","Adult","Spleen",59,59,"ACBD5; ACSM1; ACTR1A; ALAS2; AP3M1; APBA1; APOF; ATOH8; C10orf88; CCDC122; CLCA1; COL6A5; COPG2; CSMD1; EMC3; F3; FPGT; FSTL3; GTF3C3; HAAO; HHIPL1; HIP1R; KATNAL2; KLHL9; LHFPL1; LIN7A; LRP2BP; LRRC57; MRGPRX2; MSS51; MYO1H; NAPB; NIPA1; PDE8A; PROZ; PRR16; PTGFR; PVR; SLC25A33; SOX11; SPICE1; SRBD1; STK3; STRA6; TDRKH; TEKT1; TMBIM1; TMEM229B; TSGA10; UBD; VTI1B; WDR55; WNK3; XBP1; ZNF189; ZNF28; ZNF433; ZNF697; ZNF700","TS_Spleen_cd141-positive myeloid dendritic cell; TS_Spleen_cd1c-positive myeloid dendritic cell; TS_Spleen_cd8-positive, alpha-beta memory t cell; TS_Spleen_cd8-positive, alpha-beta t cell; TS_Spleen_classical monocyte; TS_Spleen_hematopoietic stem cell; TS_Spleen_innate lymphoid cell; TS_Spleen_intermediate monocyte; TS_Spleen_macrophage; TS_Spleen_mature nk t cell; TS_Spleen_memory b cell; TS_Spleen_naive thymus-derived cd8-positive, alpha-beta t cell; TS_Spleen_neutrophil; TS_Spleen_plasma cell",3.94508732914911e-06,5.40394337872889,"JOB1565_YoungvOld_downregulated"
"young CD vs old CD","Downregulated","Adult","Prostate gland",50,50,"ACTR6; ALDH1A2; APOM; ARHGEF37; ATG4A; C14orf132; CA14; CAMK2D; CFAP36; COPS4; CPB2; CREB3; DCAF13; DMD; EIF4A2; EVA1A; FAM107A; FAM107B; FBP2; GPKOW; HOXB9; HSD17B6; IL18R1; IL1RL1; IRX3; MORF4L2; NRCAM; PODXL; PON3; PSMD12; RASL10B; RDH16; RORC; RPF1; RPF2; SBDS; SERPINF2; SRP54; STAP1; SYT9; TCAP; TCEAL1; TEAD4; TEX30; TMEM100; TMEM232; UAP1; USE1; VTN; ZNHIT2","TS_Prostate_epithelial cell; TS_Prostate_macrophage",6.21899255959235e-06,5.20627996277643,"JOB1565_YoungvOld_downregulated"
"young CD vs old CD","Downregulated","Adult","Muscle organ",49,49,"AASS; ACTR3B; ADH1A; ANKRD1; APOL3; ARG1; ASB5; BMPER; C1QTNF7; C6orf89; CACNG1; CDC27; CDIPT; CHRNB1; CILP; EPHA7; F10; FEZ1; GDF10; KCNJ14; MEIOB; MIPOL1; MUSTN1; MYF6; MYO9A; MYOG; MYOT; OTUD6B; PCDH11X; PLA2G5; PRKAA1; SCN7A; SDK1; SETMAR; SGCD; SH2D6; SLC2A13; SLIT3; SRXN1; ST6GALNAC5; TEX10; TMEM128; TMEM132B; TMEM222; TRIM23; TRMT5; TSPAN31; USP33; ZNF761","TS_Muscle_endothelial cell of vascular tree; TS_Muscle_macrophage; TS_Muscle_mesenchymal stem cell; TS_Muscle_skeletal muscle satellite stem cell; TS_Muscle_slow muscle cell",1.10341252708146e-05,4.95726208978967,"JOB1565_YoungvOld_downregulated"
"young CD vs old CD","Downregulated","Adult","Heart",45,45,"ABCC2; ABCC6; AGXT; AHSG; AKR1D1; ANGPTL3; APOA2; APOA5; C11orf98; CBS; CPN1; CTNNA3; CYP3A7; DIO1; ELOVL2; F2; F7; FGA; GLDC; GRB14; GUCA2A; HRG; ITIH1; ITIH2; KNG1; L1CAM; LGI1; LIPC; LUZP2; MYH7; RPP40; RYR2; SERPIND1; SLC15A5; SLC22A9; SMPX; TDO2; TMPRSS6; TMSB15A; TUBB2B; TUBB3; UNC13C; UTP14A; ZNF724; ZNF85","TS_Heart_cardiac muscle cell; TS_Heart_hepatocyte; TS_Heart_macrophage",2.10573285595039e-05,4.67659672647708,"JOB1565_YoungvOld_downregulated"
"young CD vs old CD","Downregulated","Adult","Large intestine",45,45,"ATP9A; B3GALT1; B4GALNT2; BIN3; CASD1; CCL15; CHRNA9; COG1; GPLD1; HEPACAM2; HHIP; HOXA13; IGHV1-3; IGKV1-27; IGKV1-8; IGKV2-28; IGKV2D-28; ITIH4; KLRK1; MCOLN2; MT3; NAT1; NKD1; NLRP6; NXPE2; PLCXD2; POLB; RANBP6; RBM4; RDH11; RFESD; RNF17; SACM1L; SATB2; SLC23A3; TAF9B; TGS1; TMEM168; TTLL1; TTPA; UPRT; VPS13B; XYLB; ZG16; ZSCAN21","TS_Large_Intestine_b cell; TS_Large_Intestine_cd4-positive, alpha-beta t cell; TS_Large_Intestine_cd8-positive, alpha-beta t cell; TS_Large_Intestine_enterocyte of epithelium of large intestine; TS_Large_Intestine_immature enterocyte; TS_Large_Intestine_intestinal crypt stem cell; TS_Large_Intestine_intestinal enteroendocrine cell; TS_Large_Intestine_mast cell; TS_Large_Intestine_paneth cell of epithelium of large intestine; TS_Large_Intestine_plasma cell; TS_Large_Intestine_transit amplifying cell of large intestine",8.43293290242464e-06,5.07402135517185,"JOB1565_YoungvOld_downregulated"
"young CD vs old CD","Downregulated","Adult","Kidney",41,41,"AASDHPPT; ALB; ALDH8A1; ANK2; BHMT; C15orf40; CALD1; CDKL2; CFL2; CLDN2; CTXN3; CYP4A11; DMGDH; FTCD; GBE1; HAO2; HOGA1; HPD; KCNJ15; LYRM1; MAP1LC3A; MICU2; NAPSA; NBN; NPR3; OGDHL; ORC4; PAH; PIPOX; PLCL1; PLEKHA5; PRODH2; PXDC1; RAI14; S100A1; SLC13A3; SLC6A13; SMARCA1; SORBS2; TXNDC9; UPB1","TS_Kidney_kidney epithelial cell",7.11054010504863e-06,5.1480974097156,"JOB1565_YoungvOld_downregulated"
"young CD vs old CD","Downregulated","Adult","Mammary gland",27,27,"ABCB7; ALPK1; ANXA3; ATAD1; C4BPA; CRYZL1; CX3CL1; FAM174B; HSD17B7; IMMP2L; KDM3A; NMD3; PDK3; PIK3R3; PMPCB; PROM1; RIC3; RSPRY1; SAA4; SEC14L2; SERPINA3; SIAH1; SLC9A7; SPTBN1; ST8SIA6; TMCO4; USP54","TS_Mammary_luminal epithelial cell of mammary gland",7.99396095874094e-06,5.09723797709728,"JOB1565_YoungvOld_downregulated"
"young CD vs old CD","Upregulated","Adult","Eye",1248,1248,"AASDH; ABCA2; ABCB10; ABCB4; ABCC10; ABCC4; ABCC5; ABHD14B; ABHD17A; ABI3BP; ABL1; ABL2; ABLIM3; ACACB; ACAP3; ACIN1; ACVR1; ACVR1B; ACVR2A; ADAM33; ADAMTS2; ADAMTS3; ADAMTSL1; ADHFE1; ADIPOR1; ADPRH; AEBP1; AFF1; AGAP3; AGO1; AGO2; AGPAT1; AGRN; AHDC1; AK3; AKAP1; AKAP13; ALDH2; ALDH4A1; ALDH6A1; ALDH7A1; AMER1; AMFR; AMIGO3; AMOTL1; ANGPTL1; ANKRD11; ANKRD13B; ANKRD16; ANKRD28; ANKRD35; ANKS1A; ANKZF1; ANO6; ANO8; ANP32B; ANTXR2; APBB2; APH1A; APLNR; APOL1; APOL2; APOL3; APOL4; APPL1; ARFGAP1; ARFIP2; ARFRP1; ARGLU1; ARHGAP10; ARHGAP17; ARHGAP19; ARHGAP20; ARHGAP28; ARHGEF1; ARHGEF10L; ARHGEF12; ARHGEF5; ARHGEF6; ARHGEF7; ARID1B; ARID3B; ARID4A; ARID5B; ARL2BP; ARL5B; ARMCX2; ARMCX4; ARMCX6; ARNT; ARRB1; ASAP2; ASAP3; ASH1L; ASXL1; ATAD3A; ATF2; ATF4; ATG2A; ATG2B; ATG4C; ATG4D; ATG9A; ATN1; ATP11A; ATP13A1; ATP8A1; ATXN1; ATXN2L; ATXN7L3; AUTS2; B4GALT1; B4GALT3; BACE1; BAG2; BAHCC1; BAP1; BAZ2A; BCAT2; BCDIN3D; BCKDK; BCL2L11; BCL2L2; BCL6B; BCL7A; BCL9; BCL9L; BCOR; BCORL1; BEND3; BICD2; BMP1; BMS1; BPTF; BRAT1; BRD1; BRD2; BRD4; BRD8; BRD9; BRF1; BTBD2; BTBD3; BTBD7; BYSL; C10orf71; C11orf24; C17orf107; C17orf49; C1orf109; C1orf21; C1orf216; C1orf50; C1QTNF6; C3orf18; C5orf24; C8orf33; CACNA1C; CACNA2D1; CACNA2D4; CACNG6; CAD; CALCOCO1; CALM3; CAMK1; CAMKK2; CAPN3; CAPN6; CARD10; CARM1; CASC3; CASP12; CBX1; CC2D2A; CCAR2; CCDC149; CCDC157; CCDC6; CCDC61; CCDC69; CCDC74B; CCDC88C; CCM2; CCM2L; CCND3; CCNJ; CCNL2; CD248; CD46; CDAN1; CDC14A; CDC25A; CDC42BPB; CDC42EP2; CDC42EP3; CDH23; CDK10; CDK16; CDK5RAP2; CDNF; CDV3; CELF2; CENPB; CEP104; CEP152; CEP170B; CEP250; CEP68; CEP78; CERS1; CFLAR; CHADL; CHD2; CHD6; CHD7; CHD8; CHIC2; CHMP7; CHST12; CHST7; CIC; CISD2; CITED4; CIZ1; CLASRP; CLIP4; CLK2; CLN8; CLU; CLUH; CMSS1; CNOT3; CNTFR; CNTNAP1; COL11A1; COL1A1; COL1A2; COL24A1; COL3A1; COL4A4; COL4A5; COL5A1; COL6A1; COL6A3; COL6A6; COL8A2; CPEB1; CPNE1; CPSF1; CPSF7; CRAT; CREBBP; CREBL2; CRLF1; CRTC1; CRTC2; CRTC3; CS; CSF1; CSNK1D; CSNK1E; CSNK1G2; CTBP1; CTC1; CTCF; CTDSP2; CTNNBIP1; CUL9; CXXC5; CYP2U1; CYTH1; D2HGDH; DAB2IP; DAG1; DBNDD1; DBT; DCAF5; DCAF7; DCHS1; DCTD; DDB2; DDI2; DDR1; DDX17; DDX19B; DDX23; DDX5; DENND4B; DENND6B; DESI1; DEXI; DGCR2; DGKZ; DHODH; DHX16; DICER1; DIS3L; DISP1; DLL4; DNAJC11; DNAJC16; DNASE1L2; DNM1; DNM3; DNMBP; DNMT1; DOCK4; DOCK6; DOT1L; DPF2; DPP8; DPP9; DPYSL5; DST; DUS3L; DUSP15; DUSP23; DUSP7; DUT; DVL2; DVL3; DYNC1LI2; DYNLL2; DYRK1B; E2F3; EFCAB6; EGFL7; EGLN1; EHBP1L1; EHHADH; EHMT1; EIF4EBP2; EIF4ENIF1; EIF4G1; EIF4G3; EIF4H; ELAC1; ELF2; ELK1; EMID1; EML1; EML3; EN1; ENGASE; EP300; EP400; EPN2; ERCC6L2; EVC2; EXOC3L1; EXT1; EXT2; F2RL3; FAM168B; FAM193B; FAM53C; FAM83D; FAM9C; FAN1; FASTKD1; FAT4; FBF1; FBN1; FBRS; FBRSL1; FBXL14; FBXO17; FBXO28; FBXO31; FBXO9; FBXW4; FEM1A; FEM1B; FERMT2; FEZ2; FKBP10; FKBP9; FLAD1; FLOT1; FLOT2; FMOD; FOXJ2; FOXK2; FOXN3; FRAT2; FRMD6; FRYL; FURIN; FUS; FZD8; G0S2; GABBR1; GABRE; GALNT10; GALNT2; GAN; GANAB; GATAD1; GATAD2A; GATAD2B; GBP6; GBP7; GBX2; GCDH; GEN1; GFM2; GFOD2; GIGYF1; GIT1; GIT2; GNA12; GNAS; GOLIM4; GON4L; GPATCH2; GPD2; GPR107; GPRC5C; GPSM1; GPX3; GRB10; GSTM1; GSTM5; GTF2I; GTF2IRD2; HAS3; HBEGF; HCFC1; HDAC10; HDAC5; HDAC7; HECA; HELB; HEMK1; HERC2; HGSNAT; HHATL; HIBADH; HIC1; HINFP; HIPK3; HIVEP1; HJURP; HMBOX1; HMGXB3; HNRNPD; HNRNPH1; HNRNPUL2; HOXA3; HRAS; HS6ST1; HSD17B14; HSPG2; HUS1; HUWE1; ICE1; IFFO2; IFNGR2; IFRD2; IGF1R; IGFBP6; IGSF3; IL15RA; IL6ST; INPPL1; INSR; INTS7; IP6K1; IQGAP3; IRAK1; IREB2; IRF2; IRF2BPL; IRS1; ITGA11; ITGA2; IVD; JADE1; JAG2; JAK3; JOSD1; KANK3; KANSL1; KANSL3; KANTR; KAT2A; KAT6A; KAT6B; KATNAL1; KATNB1; KAZALD1; KBTBD13; KCMF1; KCNC4; KCNJ12; KCNJ2; KCTD15; KCTD20; KCTD3; KCTD9; KDM1A; KDM2A; KDM2B; KDM6B; KDR; KEAP1; KERA; KHNYN; KHSRP; KIAA0319L; KIAA0930; KIAA1755; KIF13A; KL; KLC1; KLF7; KLHL20; KLHL21; KMT2A; KMT2B; KMT2E; KNOP1; KPNA2; L2HGDH; LAMA2; LAMB2; LAMC1; LARP1; LAS1L; LDB1; LDLR; LDLRAD4; LEO1; LGR4; LMBR1; LMF2; LOXL2; LRIG1; LRP10; LRP3; LRP6; LRRC45; LRRC61; LRRFIP1; LTBP3; LTBP4; LTBR; LUC7L2; LURAP1; LYNX1; LZTS2; MAF; MAFB; MAFG; MAML3; MAN1B1; MAN2A2; MAN2C1; MANBA; MAP2K3; MAP2K6; MAP2K7; MAP3K12; MAP3K3; MAP3K4; MAP7D1; MAPK14; MAPK7; MAPKAPK2; MAPKBP1; MARF1; MARK2; MAST4; MAU2; MAVS; MAZ; MBTPS1; MCM3AP; MCOLN1; MDGA1; ME3; MED1; MED12; MED13L; MED20; MED22; MEGF11; MEGF8; MEPCE; METTL17; METTL7A; MEX3C; MEX3D; MFN2; MGAT1; MGAT4B; MGME1; MIB2; MIEF1; MIER2; MIIP; MINK1; MKNK1; MLLT1; MLLT10; MLLT6; MLXIP; MMP2; MN1; MOB3C; MON1B; MPDZ; MPRIP; MPST; MRPL37; MRPS2; MRPS5; MSANTD2; MSANTD3; MSH2; MSI2; MSL1; MSL3; MSRB3; MTA1; MTHFD1; MTUS1; MVB12B; MYCN; MYO19; MYO5C; MZF1; NAA15; NAA60; NACC2; NARF; NAT10; NAV1; NCAPD2; NCK2; NCKAP5L; NCOA1; NCSTN; NDE1; NDST1; NDUFA4L2; NEK9; NFATC2; NFATC3; NFIA; NFIB; NFIC; NFIX; NFKB1; NFRKB; NFYA; NHSL1; NKTR; NMT2; NOA1; NOC2L; NOD1; NOL10; NOL9; NOP2; NOTCH1; NOVA2; NPC1L1; NPR1; NPR2; NR1D1; NR2C2; NRARP; NREP; NSD1; NTF4; NTHL1; NTMT1; NUDT3; NUMA1; NUMBL; NUP50; NXF1; NYNRIN; OAF; OBSCN; OBSL1; ODF2L; ORAI3; OSBP; OTUD4; OXSR1; P2RY1; P2RY6; PABPN1; PACS2; PALD1; PALLD; PAN2; PARP10; PARP6; PARVB; PATL1; PATZ1; PAXBP1; PBX2; PCBP2; PCDH12; PCDH17; PCDH18; PCDHB14; PCDHB15; PCDHB4; PCGF2; PCGF5; PCNX1; PCOLCE; PCYOX1; PCYT1A; PDCD2L; PDE7B; PDGFA; PDGFRL; PDK1; PDLIM7; PDZRN3; PEX26; PEX6; PFN1; PGM2; PGS1; PHACTR4; PHB2; PHC1; PHF10; PHF12; PHF2; PHF21A; PHF23; PHLDB1; PHRF1; PHTF2; PI16; PIAS2; PIAS4; PIGG; PIGO; PIGV; PIK3C2B; PIK3CD; PIK3R1; PIP4K2B; PIP5K1A; PIP5K1C; PITPNA; PITPNC1; PITPNM3; PKD1; PKDCC; PKN1; PKN2; PKNOX2; PLA2G4B; PLCD4; PLCG1; PLCL2; PLD2; PLEC; PLEKHA2; PLEKHA6; PLEKHG2; PLEKHH3; PLOD1; PLXDC1; PLXNA1; PLXNB1; PLXND1; PMEPA1; PMPCA; PNISR; PNN; PNPLA6; PNPLA7; POC5; PODN; POFUT1; POFUT2; POGK; POGZ; POLG; POLH; POLK; POLM; POLR1B; POLR2M; POLR3GL; POM121; POM121C; POMGNT2; PPL; PPM1G; PPM1L; PPP1R10; PPP1R37; PPP2R5A; PPP4R2; PPP6R1; PPP6R2; PPRC1; PRCC; PRDM10; PREPL; PRKAB2; PRKACA; PRKAG1; PRKAG2; PROB1; PROSER1; PRPF4; PRPF40B; PRR12; PRRC1; PRRC2A; PRRC2B; PRRC2C; PRSS23; PRSS55; PSAP; PSME4; PTGR1; PTK2; PTMS; PTPRS; PTX3; PUS7L; PWWP2A; PYGO2; QSER1; R3HDM2; R3HDM4; RAB11FIP2; RAB11FIP3; RAB35; RABL6; RAD54L2; RAF1; RAI1; RAI2; RALGDS; RARA; RARG; RASGRP3; RASSF8; RBL2; RBM10; RBM12B; RBM15B; RBM20; RBM22; RBM26; RBM28; RBM5; RBPJ; RC3H2; RCOR3; RDX; RECK; RERE; REXO1; RFNG; RFTN1; RFTN2; RGL2; RGMA; RGMB; RHOBTB2; RHOQ; RHOT2; RIMS4; RMI2; RND1; RNF122; RNF123; RNF126; RNF138; RNF169; RNF31; RNF40; RNF44; RNPEP; RNPS1; RPAP3; RPS6KA2; RRP9; RSAD1; RSPH10B; RSRP1; RUSC2; RXRA; RYK; RYR1; SAFB; SAFB2; SAMD1; SAMD4A; SAV1; SBNO1; SCAF4; SCARB1; SCARF1; SCMH1; SCN1B; SDC2; SEC14L1; SEC14L5; SEC16A; SEC22C; SEC31B; SEC61A2; SEMA4C; SEMA6C; SEMA6D; SENP6; SENP7; SEPHS2; SERPINE2; SERTAD4; SESN1; SETBP1; SETD1A; SETD2; SETD7; SF1; SFT2D2; SFXN2; SFXN3; SGCB; SGSM2; SH2B3; SH3BP1; SH3BP5; SH3BP5L; SH3GL1; SH3PXD2A; SHANK3; SHISA2; SIDT2; SIPA1L2; SIPA1L3; SIRT2; SIX1; SIX2; SIX4; SIX5; SKI; SLC11A2; SLC12A6; SLC16A10; SLC22A5; SLC25A27; SLC25A29; SLC25A44; SLC35A4; SLC37A3; SLC39A1; SLC39A13; SLC41A1; SLC41A3; SLC43A1; SLC44A2; SLC6A8; SMAD1; SMAD4; SMAD5; SMAD6; SMARCD1; SMCO4; SMG6; SMIM13; SMPD1; SMTN; SMURF1; SMURF2; SNAP23; SNAPC4; SNRNP70; SOBP; SOCS1; SOCS2; SOD2; SOGA1; SOS1; SOX12; SOX6; SPACA6; SPAG1; SPATS2L; SPECC1L; SPEN; SPG7; SPOP; SPPL2B; SPPL3; SPR; SPRY1; SPRY2; SRCAP; SRCIN1; SREBF1; SREK1; SRF; SRGAP2; SRRM2; SRRT; SRSF4; SRSF6; SS18L1; SSC5D; SSH1; SSPN; ST3GAL2; ST6GALNAC4; STAB1; STAR; STARD8; STARD9; STAT2; STAT5B; STC2; STEAP3; STIM1; STK11; STK38; STON2; STOX2; STRADB; STX16; STX17; STYX; SUDS3; SUGP2; SUMF2; SUN1; SUN2; SVIL; SYMPK; SYT15; SZRD1; TAMM41; TANGO6; TAOK2; TAP2; TBC1D16; TBC1D4; TBC1D9B; TBKBP1; TCERG1; TCF3; TCHP; TCIRG1; TCOF1; TCTN1; TEAD1; TEAD3; TECPR1; TERF2; TESK1; TET1; TET3; TEX261; TFAP4; TFE3; THEM6; TIAL1; TIAM1; TIE1; TIMELESS; TIMP2; TJAP1; TK1; TLE2; TLE4; TLL1; TLN2; TM9SF1; TMEM109; TMEM117; TMEM134; TMEM143; TMEM150A; TMEM184B; TMEM201; TMEM233; TMEM25; TMEM263; TMEM44; TMTC1; TNFAIP1; TNFAIP2; TNFRSF18; TNFRSF19; TNFRSF25; TNFSF10; TNK2; TNRC18; TNRC6A; TNRC6B; TNRC6C; TNXB; TOP3B; TP53; TPM2; TPPP; TRABD; TRAF3IP1; TRAPPC8; TRIB2; TRIM11; TRIM26; TRIM27; TRIM28; TRIM35; TRIM56; TRIM65; TRIO; TRIOBP; TRMT1L; TSC22D2; TSHZ3; TSPAN14; TTC28; TTLL3; TTN; TTYH2; TTYH3; TUBD1; TUBG1; TUBGCP6; TWIST1; TXLNA; TXLNB; U2AF2; UACA; UBAP1; UBE2G1; UBE2H; UBN1; UBP1; UBQLN4; UBR2; UBR5; UBTD2; UBTF; UGGT2; ULK2; UNC119B; UNC45A; UPF1; URB2; USF1; USF2; USHBP1; USP10; USP24; USP42; USP44; USP48; USP7; VANGL2; VASP; VEGFA; VEGFB; VGLL4; WBP11; WDR24; WDR5; WDR6; WIPF1; WIPF2; WNT2B; WNT4; WNT5A; XPR1; XRCC2; XRCC3; XYLT2; YEATS2; YLPM1; YPEL1; YY1; ZBTB18; ZBTB25; ZBTB44; ZBTB47; ZBTB49; ZBTB7B; ZC3H13; ZC3HAV1L; ZCCHC14; ZCCHC24; ZDHHC5; ZDHHC7; ZDHHC8; ZEB1; ZFHX3; ZFP90; ZFP91; ZFYVE21; ZFYVE26; ZGPAT; ZHX3; ZMYND11; ZNF106; ZNF146; ZNF205; ZNF217; ZNF219; ZNF276; ZNF280B; ZNF354C; ZNF385B; ZNF395; ZNF446; ZNF462; ZNF467; ZNF503; ZNF507; ZNF518B; ZNF526; ZNF532; ZNF569; ZNF609; ZNF629; ZNF639; ZNF652; ZNF691; ZNF692; ZNF704; ZNF740; ZNF768; ZNF775; ZNF777; ZNF827; ZNFX1; ZNRF1; ZNRF2; ZSWIM1; ZSWIM8","TS_Eye_adipocyte; TS_Eye_corneal keratocyte; TS_Eye_endothelial cell; TS_Eye_eye photoreceptor cell; TS_Eye_fibroblast; TS_Eye_limbal stem cell; TS_Eye_melanocyte; TS_Eye_monocyte; TS_Eye_ocular surface cell; TS_Eye_radial glial cell; TS_Eye_retinal blood vessel endothelial cell; TS_Eye_retinal pigment epithelial cell",5.5631854001259e-07,6.25467646641008,"JOB8022_YoungvOld_upregulated"
"young CD vs old CD","Upregulated","Adult","Muscle organ",392,392,"ABCB6; ABCC9; ABHD13; ACHE; ACSL3; ACTA1; ACTN3; ACVR2B; ADAM9; ADAMTS10; ADAMTS8; ADCY6; ADCY9; ADORA1; AGAP1; AIP; AKAP8L; ALDH1L2; AMPD1; ANKRD34A; ANKRD44; ANKRD46; ANO1; ANXA6; APPL2; ARHGEF25; ARHGEF40; ARID1A; ARL3; ASB12; ASB16; ASB18; ATCAY; ATF5; ATP1A2; ATP1A4; ATP1B2; ATP2A1; AVIL; AXIN2; B3GALNT2; BCKDHA; BMP5; BRD3; BTBD6; C2CD2; C3orf70; C6orf47; CABIN1; CACNA1G; CAMK2G; CAPZB; CASQ1; CASZ1; CBFA2T3; CBLL1; CBX6; CBX7; CBX8; CCDC134; CCNYL1; CDH4; CDK11B; CDKN1B; CEP63; CFAP52; CHCHD10; CHODL; CHST2; CLCN1; CLDN12; CNIH4; COA5; COL26A1; COL5A3; COL6A2; CPEB4; CPT1B; CREB3L1; CRHR2; CRISPLD2; CSPG4; CTDNEP1; CTDSP1; CUL3; DAAM2; DAND5; DCTN1; DDIT4L; DDRGK1; DDX55; DESI2; DGUOK; DHRS7C; DLK1; DMPK; DMWD; DNAH17; DNAJB1; DNAJB2; DNAJB5; DNAJC27; DNMT3A; DPH2; DTX3; DUSP8; DYRK2; ECHS1; EFHD1; EGFLAM; EIF1; EIF3F; EMILIN3; EVI5L; EXTL3; FAM120A; FAM20C; FAM3A; FAM78A; FAM9B; FBLN7; FBXL20; FBXO10; FBXW5; FDFT1; FEM1C; FGF11; FGF6; FGFR4; FKBP4; FN3KRP; FNDC1; FOXO4; FOXO6; FOXRED1; FRAS1; FSD2; GAB1; GADL1; GBA2; GDI1; GFPT1; GLIS2; GLRX2; GLRX5; GMPR; GNAO1; GOLGA2; GPI; GRAMD4; GREB1; GRHPR; GRIK5; GRIP2; GSK3A; GSTM4; GTPBP2; HDHD2; HEYL; HIPK2; HMCN2; HOXA10; HOXA7; HOXC10; HOXC6; HS3ST5; ICMT; INAFM1; INPP5E; IPMK; IQSEC1; IRF2BP1; ISCA1; JOSD2; JPH2; KBTBD12; KCNA7; KCNC3; KCND1; KCNMA1; KCNQ4; KCTD21; KCTD6; KDM4B; KIF1C; KLC2; KLF12; KLHDC3; KLHL23; KLHL26; KLHL31; KRBA1; LBX1; LDHD; LEMD2; LETM2; LGALSL; LONRF2; LRRC30; LRRC38; LSM14B; LYSMD1; MAD1L1; MAF1; MAFA; MAP2K2; MAP3K13; MAP3K7CL; MARS2; MBD6; MECP2; MEF2D; METRN; MIF4GD; MOCS2; MSL2; MTFR1L; MTHFR; MXI1; MYBPC2; MYLIP; MYOD1; NACA; NADK2; NCKIPSD; NCOR1; NDRG2; NFATC4; NFYB; NKAIN1; NLE1; NOG; NOS2; NOTCH3; NR2F6; NUDT4; OGDH; OGFOD1; OPA3; OPCML; OXA1L; P2RX6; P4HTM; PABPC4; PAG1; PAX7; PDE4DIP; PDF; PDGFRB; PDK2; PDZD2; PDZD7; PFAS; PGAM2; PGP; PHF1; PHKG1; PIK3R2; PIM1; PINK1; PITPNM2; PITX3; PLEKHA3; PLEKHG5; PODXL2; POLR3D; POP5; PPARGC1B; PPM1B; PPM1K; PPP1CC; PPP2R2B; PPP2R5B; PPP3CB; PRKAA2; PRKCA; PRPF38B; PRR14; PRR33; PTP4A3; PYGM; R3HCC1; RAB11B; RAB22A; RAB5B; RAD23A; RAMAC; RAP2C; RASGRP2; RBFOX1; RCSD1; REEP1; RET; RGS6; RHBDF1; RHOBTB1; RING1; RNF157; RNF170; RNF214; RNF38; RNLS; RNPEPL1; RPL3L; RRP1B; RRS1; RUVBL2; S1PR3; SCARF2; SCN4A; SCN4B; SDHA; SENP2; SETD1B; SFRP2; SIPA1; SIRT4; SLC22A17; SLC25A26; SLC2A4; SLC7A2; SMARCB1; SNX17; SPEG; SPRYD3; SPSB4; SPTB; SRL; SRRM1; SRSF9; STAC3; STUB1; SYNM; SYNPO2L; SYPL2; SYTL2; TAF3; TCEANC2; TCF25; TET2; THRA; TMEM63A; TNFRSF4; TOB2; TOP2B; TOR1AIP1; TP53I11; TPCN1; TRAF5; TRAK1; TRAK2; TRAPPC9; TRIM72; TRIP10; TRPC3; TRPM4; TSPYL2; TSSC4; TUBA8; TUSC2; TYW3; UBE2R2; UBIAD1; UBL3; UBOX5; UBQLN2; UNC5B; VAMP2; VAPB; VKORC1L1; VPS4A; VWA7; WDR77; WIPF3; WIPI2; WNK2; XKR6; XYLT1; YBX2; ZBTB39; ZBTB4; ZDBF2; ZER1; ZMYM5; ZNF263; ZNF362; ZNF512; ZNF579; ZNF618; ZNF628; ZNF76; ZNF830","TS_Muscle_fast muscle cell; TS_Muscle_mesenchymal stem cell; TS_Muscle_pericyte cell; TS_Muscle_skeletal muscle satellite stem cell; TS_Muscle_slow muscle cell; TS_Muscle_smooth muscle cell; TS_Muscle_tendon cell",2.5370835176064e-06,5.59566523611347,"JOB8022_YoungvOld_upregulated"
"young CD vs old CD","Upregulated","Adult","Tongue",107,107,"ACOX3; AEN; ANAPC5; APLP2; ARHGAP12; ARHGAP21; ATXN2; BBS2; BEST3; CAMSAP1; CAPRIN2; CCDC85C; CCNT2; CDK12; CDON; CDR2L; CEP85; CEP95; CROCC; CRY1; DCP1A; DET1; DHTKD1; DIDO1; DZIP1L; ECHDC3; EIF5; FBXL18; FBXO3; FBXO42; FNBP4; FZD7; GGA1; GLI2; GLUD1; GOLGA4; GPATCH8; HLF; HMCN1; IKZF4; INO80D; ITSN1; JPH1; KANSL1L; KANSL2; KIAA0586; KIF16B; KIFC2; KPNA6; MBD1; MBTD1; MED13; MIPEP; MLXIPL; MON2; MORC2; NLGN2; OSBPL6; OTUD3; OTUD7B; PFN2; PITX2; POLR1A; PPFIA1; PPP1R14C; PTPN23; PYGO1; RAB3IP; RBBP6; RC3H1; RDH13; RTKN; SART3; SETD5; SFSWAP; SFXN5; SLC25A12; SLC35E2B; SLC45A4; SOCS7; SOS2; SRSF2; SSX2IP; STRIP1; SUPV3L1; TENM3; TMEM64; TRIM8; TRRAP; TSC1; TTLL4; TUG1; UBAP2; ULK1; URB1; WDFY3; WDR19; WIF1; YTHDC1; ZBTB5; ZBTB7A; ZCCHC8; ZFHX4; ZKSCAN3; ZNF180; ZNF516; ZNF654","TS_Tongue_basal cell; TS_Tongue_endothelial cell of lymphatic vessel; TS_Tongue_keratinocyte; TS_Tongue_tongue muscle cell; TS_Tongue_vein endothelial cell",3.01126181323497e-06,5.52125148324509,"JOB8022_YoungvOld_upregulated"
"young CD vs old CD","Upregulated","Adult","Bladder organ",106,106,"ACO2; ACTC1; ADAM19; ADO; AGBL5; ALKBH5; ANK1; ANKRD23; ANKRD27; ANKRD40; ANO5; ARHGEF9; ARNT2; ARSI; B3GAT3; BRF2; C4orf54; CACNA1S; CACUL1; CAMK2A; CDC37L1; CIB2; CNNM3; CPT1C; CUEDC1; CXXC1; DCAF8; DDO; DEAF1; DEF8; DNAJC21; DUSP19; DUSP26; DYNLT1; EMC1; EPM2A; FAM20B; FBXL17; FNBP1; FUZ; FYCO1; GID4; GOSR1; GPR137C; GTF2IRD1; HOXA9; IGSF9B; ING4; INTS1; ISOC2; KCNJ11; KY; LRRC20; LRSAM1; LSM11; MACROD1; MAPK9; ME1; MICAL1; MLF1; MLF2; MMP15; MPP2; NEURL4; NLRX1; NPEPL1; NRBP2; NRK; OPA1; OXCT1; PARP1; PEX5; PFKM; PGBD1; PPM1J; PPP1R26; PPP2R5E; PPP5C; PRKACB; RAMP1; RBFA; RGS9BP; RIC8B; RMND5A; RNF11; RNF150; RPRD1B; SATB1; SH3GL3; SLC6A2; SNAP91; SOX8; SPATA2; TBX4; TCEA3; TECPR2; TGFBR3L; TIMM44; TLK1; TMEM8B; UBE2Q1; VEZF1; WWOX; ZMIZ2; ZNF384; ZNF689","TS_Bladder_capillary endothelial cell; TS_Bladder_endothelial cell of lymphatic vessel; TS_Bladder_fibroblast; TS_Bladder_myofibroblast cell; TS_Bladder_pericyte cell; TS_Bladder_smooth muscle cell",3.94508732914911e-06,5.40394337872889,"JOB8022_YoungvOld_upregulated"
"young CD vs old CD","Upregulated","Adult","Blood",94,94,"ABCD1; ACOT7; AKAP5; AMIGO1; AMZ2; ANKRD39; ATAD2B; ATP11B; ATP6V0A2; AUH; BRPF1; C2CD5; C2orf68; CACTIN; CASKIN1; CCDC97; CLPB; CNTRL; COQ10A; CORO7; DGKQ; DHX57; DUSP10; FAM219B; FAM53A; FARSA; GGA3; GMIP; GNPTAB; GPR19; GTF3C1; HBS1L; HELZ; HTATSF1; ITFG2; JAK2; JARID2; KCNN1; KDM3B; KIF2A; LENG1; LIG3; LSM12; MAPK8IP1; MTMR14; NAA40; NAPRT; NCLN; NUP210; PANK2; PICK1; PLA2G6; POLR3F; RABEP2; RBM19; RCCD1; RFXAP; RNF135; RNF167; RNF220; RTEL1; S100PBP; SBF1; SEMA4D; SENP1; SFI1; SLC12A9; SLC16A6; SLC25A42; SLC35C2; SLC7A6OS; SMARCC2; SPAST; TADA3; TAF8; TBC1D10B; TDG; TFCP2; TMEM170B; TMEM39A; TRIM41; UBE2D1; UBE2F; UBE2J2; VPS26B; WDR54; WDSUB1; ZBED4; ZC3H18; ZFP14; ZFP30; ZFP41; ZKSCAN7; ZMAT3","TS_Blood_alpha-beta t cell; TS_Blood_cd4-positive, alpha-beta memory t cell; TS_Blood_cd8-positive, alpha-beta cytokine secreting effector t cell; TS_Blood_classical monocyte; TS_Blood_hematopoietic stem cell; TS_Blood_macrophage; TS_Blood_nk cell; TS_Blood_type i nk t cell",1.18904023789224e-05,4.9248034483259,"JOB8022_YoungvOld_upregulated"
"young CD vs old CD","Upregulated","Adult","Lung",70,70,"AKT1S1; ALDH5A1; ALG3; APBA3; ATP8A2; BCKDHB; BCS1L; C19orf54; C5orf22; CACFD1; CACNB1; CECR2; CISH; DCAF11; DHX30; DLAT; EEF1A2; EIF2AK1; EMC9; ETV5; GGCX; GPAM; IBTK; IFT80; KLHDC10; LMNB1; LMTK2; LONP1; MCCC1; MCCC2; MFAP3L; MMAB; MREG; MRPS25; MTFP1; MTRR; NIM1K; NUDT8; PCCB; PCYT2; PELP1; PIGM; PIGQ; POLDIP2; PREB; PRKAR2A; PTPN4; RAB27B; RILP; RNASE13; SEL1L3; SIAE; SLC29A2; SLC30A9; SLC35E1; SMYD3; SNRPN; SNX30; SRPRA; STRBP; STX1B; SYNE4; TBC1D24; TBCEL; TMUB1; TST; VARS2; WDR4; XPOT; ZMYND19","TS_Lung_bronchial vessel endothelial cell; TS_Lung_intermediate monocyte; TS_Lung_non-classical monocyte; TS_Lung_type ii pneumocyte; TS_Lung_vascular associated smooth muscle cell",8.43293290242464e-06,5.07402135517185,"JOB8022_YoungvOld_upregulated"
"young CD vs old CD","Upregulated","Adult","Uterus",44,44,"ABHD8; ACAA1; ARL6IP6; B4GALT7; BABAM1; CCDC167; CDK20; CLK3; COQ2; DCAKD; DUSP11; ECSIT; FASTK; FBXL12; FBXO45; FRS2; GRAMD1B; HPS4; KIAA2013; LENG8; LMAN2L; MC5R; MLST8; MMAA; MOSPD3; MTMR3; NF2; NRBF2; NTPCR; POU2F1; PTOV1; RBM4B; RHBDD2; RRN3; SERPINB1; SHARPIN; SLC18A2; SLC35A2; SLC39A3; SNX24; SPOPL; TBC1D22B; UBA7; ZNF143","TS_Uterus_endothelial cell; TS_Uterus_endothelial cell of lymphatic vessel; TS_Uterus_fibroblast",1.31661511287851e-05,4.8805411641292,"JOB8022_YoungvOld_upregulated"
"young CD vs old CD","Upregulated","Adult","Prostate gland",41,41,"ACAD10; AGO4; ALDH18A1; ARFGEF1; ATP2B3; ATXN1L; BTBD19; CHAD; CHKB; COL4A3; CYP4F3; ENTPD4; EPG5; EXOC7; FBXL16; FSBP; IDS; IFT140; KDM5B; KIAA1191; KSR1; LRFN4; MFSD8; OPLAH; OVGP1; PLAGL2; RASA4B; RBM33; RGP1; RIC1; SAMD13; SCRIB; SCUBE2; SH3GLB2; SZT2; TELO2; TGM4; TRIM43; TSC2; ZNF236; ZNF275","TS_Prostate_basal cell of prostate epithelium; TS_Prostate_club cell of prostate epithelium; TS_Prostate_endothelial cell; TS_Prostate_hillock cell of prostate epithelium; TS_Prostate_luminal cell of prostate epithelium; TS_Prostate_smooth muscle cell; TS_Prostate_stromal cell",7.11054010504863e-06,5.1480974097156,"JOB8022_YoungvOld_upregulated"
"young CD vs old CD","Upregulated","Adult","Spleen",41,41,"ACRBP; ARHGEF11; C2CD2L; CTBS; CYB5RL; DENND1A; DHX35; EDC4; ELMO2; EXD2; HMG20A; HOMER2; INPP5B; KCNC1; KCTD5; KLHL12; L3MBTL3; LIME1; LRRC55; LRTM1; LYRM9; MAMDC4; MGRN1; MPND; OTOA; PLCD1; POMK; PPM1N; SNX11; ST6GALNAC6; TADA2B; THAP2; TNPO2; UNC13A; UNC45B; USP21; VPS54; ZBTB14; ZMYM3; ZNF142; ZNF235","TS_Spleen_cd8-positive, alpha-beta memory t cell; TS_Spleen_endothelial cell; TS_Spleen_hematopoietic stem cell; TS_Spleen_innate lymphoid cell; TS_Spleen_macrophage; TS_Spleen_nk cell; TS_Spleen_regulatory t cell; TS_Spleen_type i nk t cell",1.48526132005555e-05,4.82819712892338,"JOB8022_YoungvOld_upregulated"
"young CD vs old CD","Upregulated","Adult","Skin of body",36,36,"ABLIM2; ACTG1; AK1; AKAP8; AP1AR; ATP13A2; B4GALT5; BAG6; CEBPG; CHTOP; DAGLA; E2F6; EI24; EPN1; FNDC9; G6PC3; HNRNPM; IGF2BP2; NIN; NOMO1; P2RY2; PPP2R2A; PPP3R1; REPIN1; RFK; RHBDF2; SEPHS1; SLC25A39; SLC4A2; TAB2; TMCC2; TRIM24; UBAP2L; VDAC1; WDFY1; ZNF496","TS_Skin_endothelial cell; TS_Skin_langerhans cell",4.86355828888119e-06,5.31304587481517,"JOB8022_YoungvOld_upregulated"
"young CD vs old CD","Upregulated","Adult","Bone marrow",29,29,"AP3S2; AREL1; BRPF3; C18orf25; CDC23; CHFR; CPEB3; CPOX; CYB561D1; ERCC2; KMT2D; MED12L; MED25; METTL2A; MFSD2B; NCOA6; PPM1A; RABGEF1; RMND1; SLC25A19; TRAPPC6B; TRIM39; USP19; VAMP1; VPS9D1; WDTC1; XPO6; ZBTB34; ZNF282","TS_Bone_Marrow_cd24 neutrophil; TS_Bone_Marrow_cd4-positive, alpha-beta t cell; TS_Bone_Marrow_erythrocyte; TS_Bone_Marrow_erythroid progenitor; TS_Bone_Marrow_myeloid progenitor",4.31809475928135e-05,4.36470783143638,"JOB8022_YoungvOld_upregulated"
"young CD vs old CD","Upregulated","Adult","Thymus",28,28,"ADAMTS20; ADAT3; AGGF1; ALG2; ATXN7L2; CAPN10; CCDC9; CSNK1G1; GALR2; GCC1; GMEB1; LRCH4; MED18; NDOR1; NOMO2; PCIF1; PDE4C; RAB24; SCAF1; SEC24C; SMPD4; SPNS1; ZBTB12; ZC3H11A; ZC3H3; ZDHHC6; ZNF317; ZNF592","TS_Thymus_b cell; TS_Thymus_cd8-positive, alpha-beta cytotoxic t cell; TS_Thymus_dn4 thymocyte; TS_Thymus_fast muscle cell; TS_Thymus_fibroblast; TS_Thymus_immature natural killer cell; TS_Thymus_naive regulatory t cell; TS_Thymus_t follicular helper cell; TS_Thymus_vascular associated smooth muscle cell",3.06989656631007e-05,4.51287625691289,"JOB8022_YoungvOld_upregulated"
"young CD vs old CD","Upregulated","Adult","Small intestine",25,25,"APC2; ATF7; CABLES2; CAMTA2; CCL25; DROSHA; FAM98C; HIF1AN; INO80E; INTS5; KCNF1; MAPK8IP3; OGFOD2; SETDB1; SIRT6; SLC25A51; SMG5; SNX19; THTPA; UBE3B; USP29; VSIG10L; ZFHX2; ZNF710; ZSCAN20","TS_Small_Intestine_cd4-positive, alpha-beta t cell; TS_Small_Intestine_fibroblast; TS_Small_Intestine_intestinal crypt stem cell of small intestine; TS_Small_Intestine_intestinal tuft cell; TS_Small_Intestine_monocyte; TS_Small_Intestine_neutrophil; TS_Small_Intestine_small intestine goblet cell",3.30675128081825e-05,4.48059846956479,"JOB8022_YoungvOld_upregulated"
"young CD vs old CD","Upregulated","Adult","Pancreas",17,17,"AGA; AMT; CEP164; CHRNE; DOLPP1; IGFALS; KLHL33; MFN1; MKRN2; PC; PIWIL2; SARS1; SDR39U1; SLC39A2; SNPH; ST3GAL3; YARS1","Segerstolpe_2016_PancreaticIslets_beta cell; TS_Pancreas_fibroblast; TS_Pancreas_pancreatic acinar cell; TS_Pancreas_pancreatic ductal cell",2.6316133494575e-05,4.57977791921169,"JOB8022_YoungvOld_upregulated"
"young CD vs old CD","Upregulated","Adult","Mammary gland",13,13,"AMPD2; ANKRD13C; CCDC117; CHRNA10; CILP2; DFFB; KDM8; MAP3K10; MTF1; MYH4; NSMAF; TAF1A; TEX38","TS_Mammary_endothelial cell of lymphatic vessel; TS_Mammary_fibroblast of breast; TS_Mammary_pericyte cell; TS_Mammary_t cell; TS_Mammary_vascular associated smooth muscle cell",3.38538564003121e-05,4.470391852297,"JOB8022_YoungvOld_upregulated"
