Plate,Group,Well ID,Sample ID,Location,Standard,C-Peptide 2,Ghrelin,GIP,GLP-1,Glucagon,Insulin,Leptin,Secretin,PP,PYY,Resistin,Amylin
Plate 1,Unknown Group 1,21,3M1_GTT,A5,Standard Curve Group 1,138.90,7.88,124.59,219.87,-,1129.10,872.79,19.13,60.44,77.65,13392.29,14.22
Plate 1,Unknown Group 1,22,3M2_GTT,B5,Standard Curve Group 1,25.06,-,4.94,30.33,17.96,21.41,78.95,3.67,36.29,21.39,42.17,19.01
Plate 1,Unknown Group 1,23,3M3_GTT,C5,Standard Curve Group 1,252.34,24.99,192.66,238.89,84.64,832.12,3452.74,13.70,437.17,80.39,11058.75,25.01
Plate 1,Unknown Group 1,24,3M4_GTT,D5,Standard Curve Group 1,179.75,-,215.02,121.18,95.18,498.87,1296.59,3.43,104.52,48.29,5612.06,22.90
Plate 1,Unknown Group 1,25,3M5_GTT,E5,Standard Curve Group 1,376.10,-,245.26,196.46,65.64,1252.74,2890.82,6.22,68.67,42.08,6261.45,42.05
Plate 1,Unknown Group 1,26,3M6_GTT,F5,Standard Curve Group 1,657.54,22.53,108.54,446.95,81.75,1260.62,4783.99,46.49,1206.64,170.90,5838.36,53.85
Plate 1,Unknown Group 1,27,3M7_GTT,G5,Standard Curve Group 1,260.26,31.70,145.88,70.28,96.09,498.11,1315.96,10.47,27.41,35.80,9499.36,10.36
Plate 1,Unknown Group 1,28,3M8_GTT,H5,Standard Curve Group 1,297.29,6.50,60.62,65.91,71.34,690.47,2390.88,2.42,-,29.74,6056.37,5.12
Plate 1,Unknown Group 1,29,3M9_GTT,I5,Standard Curve Group 1,232.32,12.96,129.86,72.00,73.67,928.82,1585.18,6.51,-,31.98,8738.75,7.57
Plate 1,Unknown Group 1,30,3M10_GTT,J5,Standard Curve Group 1,272.97,12.52,150.10,132.32,71.98,883.99,1584.47,4.11,-,15.66,7788.18,14.89
Plate 1,Unknown Group 1,31,3M11_GTT,K5,Standard Curve Group 1,377.87,-,71.49,38.80,31.07,708.03,1939.66,3.29,-,28.20,8635.45,11.23
Plate 1,Unknown Group 1,32,3M12_GTT,L5,Standard Curve Group 1,357.73,5.66,53.17,52.51,53.56,873.70,1600.79,4.76,-,37.70,13198.69,14.61
Plate 1,Unknown Group 1,33,3M13_GTT,M5,Standard Curve Group 1,-,-,82.80,77.50,22.04,953.06,2223.37,5.48,38.16,40.45,7272.93,23.70
Plate 1,Unknown Group 1,34,3M14_GTT,N5,Standard Curve Group 1,435.56,-,70.36,120.07,107.90,1798.76,3117.24,12.75,2.12,47.19,11456.10,7.93
Plate 1,Unknown Group 1,35,3M15_GTT,O5,Standard Curve Group 1,157.05,-,41.64,33.08,26.94,123.91,469.61,9.19,-,19.50,6454.13,10.54
Plate 1,Unknown Group 1,36,3M16_GTT,P5,Standard Curve Group 1,185.04,-,48.79,58.08,39.35,532.64,695.27,12.64,-,40.43,6858.47,7.98
Plate 1,Unknown Group 1,37,3M17_GTT,A6,Standard Curve Group 1,346.37,-,115.21,88.24,129.85,1574.06,2030.88,17.87,-,68.74,7448.72,24.65
Plate 1,Unknown Group 1,38,3M18_GTT,B6,Standard Curve Group 1,182.33,9.34,38.90,56.61,89.66,647.11,628.47,16.36,-,55.25,4345.62,-
Plate 1,Unknown Group 1,39,3M19_GTT,C6,Standard Curve Group 1,245.24,-,151.50,84.25,128.75,1010.19,1690.52,6.97,-,46.33,10842.29,10.13
Plate 1,Unknown Group 1,40,3M20_GTT,D6,Standard Curve Group 1,102.01,-,68.32,70.39,74.22,315.23,324.41,6.35,-,40.79,8095.00,8.96
Plate 1,Unknown Group 1,41,3M21_GTT,E6,Standard Curve Group 1,1192.44,-,184.99,86.13,59.58,3214.38,6143.17,13.80,-,32.64,24285.62,10.20
Plate 1,Unknown Group 1,42,3M22_GTT,F6,Standard Curve Group 1,1063.23,-,224.55,65.05,83.78,1763.18,5415.46,10.22,-,32.65,19921.90,9.57
Plate 1,Unknown Group 1,43,3M23_GTT,G6,Standard Curve Group 1,340.54,-,92.62,262.76,161.53,912.44,801.69,2.26,-,10.57,4944.73,11.78
Plate 1,Unknown Group 1,44,3M24_GTT,H6,Standard Curve Group 1,1003.34,-,188.83,81.18,46.08,2641.31,5276.09,2.01,-,28.39,22713.81,10.11
Plate 1,Unknown Group 1,45,3M25_GTT,I6,Standard Curve Group 1,1188.12,-,260.96,82.96,73.99,2419.49,5194.53,3.52,-,33.43,23250.84,7.27
Plate 1,Unknown Group 1,46,3M26_GTT,J6,Standard Curve Group 1,1350.83,-,285.33,132.29,129.81,5049.74,5664.01,5.31,-,46.60,18390.82,18.09
Plate 1,Unknown Group 1,47,3M27_GTT,K6,Standard Curve Group 1,573.69,-,88.55,59.62,47.44,1492.49,5339.58,2.25,-,27.02,9776.00,6.18
Plate 1,Unknown Group 1,48,3M28_GTT,L6,Standard Curve Group 1,751.69,-,194.77,62.40,17.67,2069.11,7198.48,6.89,-,68.80,20295.19,6.83
Plate 1,Unknown Group 1,49,3M29_GTT,A7,Standard Curve Group 1,1408.65,-,82.20,39.75,-,2603.00,5226.84,2.36,-,8.53,16038.23,9.27
Plate 1,Unknown Group 1,50,3M30_GTT,B7,Standard Curve Group 1,1502.42,-,249.67,75.14,100.99,6516.84,5327.52,5.70,-,20.50,30708.92,6.22
Plate 1,Unknown Group 1,51,3M31_GTT,C7,Standard Curve Group 1,792.87,-,91.95,34.78,110.01,1553.25,1706.90,23.81,-,37.14,7451.36,8.42
Plate 1,Unknown Group 1,52,3M32_GTT,D7,Standard Curve Group 1,604.07,-,9.74,24.20,-,375.42,4458.63,2.75,-,-,9240.51,6.59
Plate 1,Unknown Group 1,53,3M33_GTT,E7,Standard Curve Group 1,656.70,-,290.77,77.37,133.64,2234.27,3244.93,7.37,-,39.57,8187.58,10.66
Plate 1,Unknown Group 1,54,3M34_GTT,F7,Standard Curve Group 1,734.03,-,81.54,34.90,57.78,1252.61,2302.29,21.66,-,37.88,8538.40,6.45
Plate 1,Unknown Group 1,55,3M35_GTT,G7,Standard Curve Group 1,1055.64,-,-,25.37,-,1271.77,7988.85,3.49,-,1.63,7699.00,11.00
Plate 1,Unknown Group 1,56,3M36_GTT,H7,Standard Curve Group 1,1743.56,-,150.43,58.25,89.06,6231.05,5959.81,10.47,-,39.02,14028.37,5.48
Plate 1,Unknown Group 1,57,3M37_GTT,I7,Standard Curve Group 1,865.09,-,64.09,48.05,119.10,1213.85,2074.35,26.26,-,51.42,10067.70,9.36
Plate 1,Unknown Group 1,58,3M38_GTT,J7,Standard Curve Group 1,190.82,-,145.85,41.33,24.33,3151.78,3181.72,21.85,-,52.92,8747.98,8.03
Plate 1,Unknown Group 1,59,3M39_GTT,K7,Standard Curve Group 1,1121.61,-,159.68,40.35,87.07,2921.26,4096.57,18.59,-,55.23,17260.03,4.59
Plate 1,Unknown Group 1,60,3M40_GTT,L7,Standard Curve Group 1,-,-,-,-,-,705.39,-,-,-,-,-,1.81
Plate 1,Unknown Group 1,61,2M16_SAC,A8,Standard Curve Group 1,730.47,-,654.31,52.35,305.42,1634.09,7640.21,49.34,-,84.10,15131.84,5.98
Plate 1,Unknown Group 1,62,2M17_SAC,B8,Standard Curve Group 1,231.55,-,77.05,267.85,191.19,2555.98,6548.22,15.09,-,73.34,14530.03,11.12
Plate 1,Unknown Group 1,63,2M20_SAC,C8,Standard Curve Group 1,339.89,-,147.98,125.42,177.89,652.31,2198.03,53.52,66.00,80.33,30283.28,30.76
Plate 1,Unknown Group 1,64,2M22_SAC,D8,Standard Curve Group 1,493.97,-,-,112.28,173.25,1800.64,3123.58,54.97,-,86.36,10804.59,7.14
Plate 1,Unknown Group 1,65,2M23_SAC,E8,Standard Curve Group 1,265.27,-,49.00,211.58,229.37,1145.93,628.94,11.69,-,114.78,33529.51,9.59
Plate 1,Unknown Group 1,66,2M26_SAC,F8,Standard Curve Group 1,120.06,-,222.57,235.47,459.23,391.48,651.83,29.84,-,345.42,31254.30,8.61
Plate 1,Unknown Group 1,67,2M31_SAC,G8,Standard Curve Group 1,257.45,-,427.80,354.34,353.30,1446.51,2153.90,34.34,-,352.53,24865.02,4.31
Plate 1,Unknown Group 1,68,2M33_SAC,H8,Standard Curve Group 1,35.40,-,33.18,613.77,314.87,248.17,4449.02,1747.92,539.87,454.75,19939.72,9.98
Plate 1,Unknown Group 1,69,3M1_SAC,A9,Standard Curve Group 1,309.48,-,452.30,272.56,596.46,934.35,3347.02,6.73,-,55.72,12703.75,6.53
Plate 1,Unknown Group 1,70,3M4_SAC,B9,Standard Curve Group 1,362.69,7.83,1397.63,419.71,423.54,882.92,5095.05,27.63,417.10,119.97,36391.02,40.32
Plate 1,Unknown Group 1,71,3M6_SAC,C9,Standard Curve Group 1,1354.08,8.86,1216.20,692.09,212.46,7178.21,9954.55,65.60,2736.72,240.37,41223.26,58.69
Plate 1,Unknown Group 1,72,3M7_SAC,D9,Standard Curve Group 1,640.14,-,4759.64,325.09,172.00,933.47,1309.44,44.74,-,130.10,58609.94,9.64
Plate 1,Unknown Group 1,73,3M11_SAC,E9,Standard Curve Group 1,166.18,-,263.02,233.11,239.02,314.42,1592.60,59.75,-,152.25,15443.89,10.84
Plate 1,Unknown Group 1,74,3M13_SAC,F9,Standard Curve Group 1,29.61,-,745.16,206.21,532.03,1051.99,3294.90,26.33,1.13,144.75,34213.91,10.65
Plate 1,Unknown Group 1,75,3M15_SAC,G9,Standard Curve Group 1,970.50,-,1157.75,150.20,1047.78,3113.94,2749.10,42.35,26.08,293.02,37283.32,11.14
Plate 1,Unknown Group 1,76,3M16_SAC,H9,Standard Curve Group 1,200.61,-,189.97,183.53,497.81,400.54,748.42,69.88,-,146.18,29910.09,5.43
Plate 1,Unknown Group 1,77,3M14_SAC,I9,Standard Curve Group 1,2820.91,-,640.82,99.11,1801.35,18862.34,3749.43,19.88,52.06,211.05,35549.00,8.62
Plate 1,Unknown Group 1,78,3M17_SAC,J9,Standard Curve Group 1,1073.45,-,763.29,61.80,438.96,2660.95,1914.30,37.88,-,248.22,30466.45,9.19
Plate 1,Unknown Group 1,79,3M18_SAC,K9,Standard Curve Group 1,462.30,-,1200.53,177.41,155.89,2786.17,1068.66,46.67,72.59,235.12,39437.86,9.88
Plate 1,Unknown Group 1,80,3M21_SAC,A10,Standard Curve Group 1,1129.84,-,645.89,157.09,234.56,6851.38,3574.20,35.24,-,66.96,13167.06,8.83
Plate 1,Unknown Group 1,81,3M26_SAC,B10,Standard Curve Group 1,1171.85,-,1138.22,126.81,242.40,4792.38,5191.15,30.77,-,64.33,22866.93,29.79
Plate 1,Unknown Group 1,82,3M27_SAC,C10,Standard Curve Group 1,515.37,-,188.91,97.14,200.06,1913.93,4173.11,7.69,-,53.34,5122.24,9.04
Plate 1,Unknown Group 1,83,3M28_SAC,D10,Standard Curve Group 1,390.82,-,404.24,102.24,105.40,1674.60,4287.86,8.68,-,70.42,8555.42,7.41
Plate 1,Unknown Group 1,84,3M31_SAC,E10,Standard Curve Group 1,434.52,-,364.91,111.68,220.61,946.54,2640.28,55.49,-,118.50,14529.34,8.68
Plate 1,Unknown Group 1,85,3M33_SAC,F10,Standard Curve Group 1,612.66,-,1382.94,128.63,214.59,1809.08,3769.83,78.72,-,133.49,16494.45,10.04
Plate 1,Unknown Group 1,86,3M34_SAC,G10,Standard Curve Group 1,872.89,-,1817.17,228.52,213.86,3012.41,1835.55,165.97,64.92,157.45,14678.89,12.85
Plate 1,Unknown Group 1,87,3M37_SAC,H10,Standard Curve Group 1,1415.11,-,192.21,157.44,910.96,16959.56,1465.74,93.25,71.79,158.77,14774.08,41.26
Plate 1,Unknown Group 1,88,3M38_SAC,I10,Standard Curve Group 1,521.82,-,2449.93,114.12,229.31,3011.91,2495.39,93.64,-,445.18,28166.40,7.22
Plate 1,Unknown Group 1,89,3M39_SAC,J10,Standard Curve Group 1,819.03,-,644.16,366.87,444.41,4361.97,4043.46,82.19,-,175.30,12782.21,1.79
Plate 1,Unknown Group 1,90,3M40_SAC,K10,Standard Curve Group 1,396.10,-,382.10,66.70,76.64,1183.66,815.64,174.81,-,162.28,17579.76,9.68
Plate 1,Unknown Group 1,91,4M1_SAC,A11,Standard Curve Group 1,239.59,-,469.87,151.54,111.13,1183.19,221.83,58.02,-,96.86,50393.88,11.05
Plate 1,Unknown Group 1,92,4M2_SAC,B11,Standard Curve Group 1,163.02,-,586.44,134.50,352.34,155.89,809.71,30.37,-,80.02,7458.00,11.24
Plate 1,Unknown Group 1,93,4M3_SAC,C11,Standard Curve Group 1,267.99,-,1104.90,146.49,661.43,835.03,791.18,34.15,-,97.03,39946.52,9.85
Plate 1,Unknown Group 1,94,4M4_SAC,D11,Standard Curve Group 1,233.93,-,517.50,77.57,88.58,895.47,589.46,60.26,-,72.52,28184.93,2.52
Plate 1,Unknown Group 1,95,4M5_SAC,E11,Standard Curve Group 1,179.86,-,561.82,58.57,208.48,233.83,645.24,21.05,-,72.82,33109.77,5.50
Plate 1,Unknown Group 1,96,5M1_SAC,F11,Standard Curve Group 1,328.03,-,208.00,374.72,89.47,1424.38,561.67,19.64,202.78,39.68,28052.45,8.70
Plate 1,Unknown Group 1,97,5M2_SAC,G11,Standard Curve Group 1,1575.53,-,234.01,109.05,245.60,8465.65,608.22,9.97,242.69,126.17,38905.32,8.82
Plate 1,Unknown Group 1,98,5M3_SAC,H11,Standard Curve Group 1,651.76,-,760.84,111.11,171.50,3566.37,2024.43,13.59,51.72,65.67,21924.91,10.54
Plate 1,Unknown Group 1,99,5M4_SAC,I11,Standard Curve Group 1,211.76,-,100.05,166.32,196.31,488.99,778.43,28.77,-,64.53,29796.52,8.94
Plate 1,Unknown Group 1,100,5M5_SAC,J11,Standard Curve Group 1,348.31,-,648.26,165.46,197.62,887.00,547.18,16.87,-,91.11,61816.11,10.58
Plate 1,Unknown Group 1,101,5M6_SAC,K11,Standard Curve Group 1,472.25,-,102.08,51.30,44.03,1397.62,3028.30,25.61,-,29.88,24989.35,9.46
Plate 1,Unknown Group 1,102,5M7_SAC,L11,Standard Curve Group 1,378.82,-,59.68,32.54,75.37,112.79,1522.66,27.72,-,31.67,21277.67,7.69
Plate 1,Unknown Group 1,103,5M8_SAC,M11,Standard Curve Group 1,424.40,-,306.62,28.62,194.24,1039.29,1684.43,13.47,-,32.05,16053.36,3.65
Plate 1,Unknown Group 1,104,5M9_SAC,N11,Standard Curve Group 1,452.78,-,302.19,71.77,273.29,691.97,2298.31,23.42,-,43.73,26682.78,8.71
Plate 1,Unknown Group 1,105,5M10_SAC,O11,Standard Curve Group 1,36727.54,-,567.16,467.70,3929.26,285098.39,4631.34,16.49,204.26,196.14,52575.04,104.90